CREATE DATABASE  IF NOT EXISTS `post_office_8` /*!40100 DEFAULT CHARACTER SET utf8mb4 COLLATE utf8mb4_0900_ai_ci */ /*!80016 DEFAULT ENCRYPTION='N' */;
USE `post_office_8`;
-- MySQL dump 10.13  Distrib 8.0.45, for Win64 (x86_64)
--
-- Host: localhost    Database: post_office_8
-- ------------------------------------------------------
-- Server version	8.0.45

/*!40101 SET @OLD_CHARACTER_SET_CLIENT=@@CHARACTER_SET_CLIENT */;
/*!40101 SET @OLD_CHARACTER_SET_RESULTS=@@CHARACTER_SET_RESULTS */;
/*!40101 SET @OLD_COLLATION_CONNECTION=@@COLLATION_CONNECTION */;
/*!50503 SET NAMES utf8 */;
/*!40103 SET @OLD_TIME_ZONE=@@TIME_ZONE */;
/*!40103 SET TIME_ZONE='+00:00' */;
/*!40014 SET @OLD_UNIQUE_CHECKS=@@UNIQUE_CHECKS, UNIQUE_CHECKS=0 */;
/*!40014 SET @OLD_FOREIGN_KEY_CHECKS=@@FOREIGN_KEY_CHECKS, FOREIGN_KEY_CHECKS=0 */;
/*!40101 SET @OLD_SQL_MODE=@@SQL_MODE, SQL_MODE='NO_AUTO_VALUE_ON_ZERO' */;
/*!40111 SET @OLD_SQL_NOTES=@@SQL_NOTES, SQL_NOTES=0 */;

--
-- Table structure for table `address`
--

DROP TABLE IF EXISTS `address`;
/*!40101 SET @saved_cs_client     = @@character_set_client */;
/*!50503 SET character_set_client = utf8mb4 */;
CREATE TABLE `address` (
  `Address_ID` int NOT NULL AUTO_INCREMENT,
  `Apt_Number` varchar(10) DEFAULT NULL,
  `House_Number` varchar(10) NOT NULL,
  `Street` varchar(100) NOT NULL,
  `City` varchar(100) NOT NULL,
  `State` varchar(50) NOT NULL,
  `Zip_Code` char(5) NOT NULL,
  `Country` varchar(50) NOT NULL DEFAULT 'USA',
  PRIMARY KEY (`Address_ID`)
) ENGINE=InnoDB AUTO_INCREMENT=31 DEFAULT CHARSET=utf8mb4 COLLATE=utf8mb4_0900_ai_ci;
/*!40101 SET character_set_client = @saved_cs_client */;

--
-- Dumping data for table `address`
--

LOCK TABLES `address` WRITE;
/*!40000 ALTER TABLE `address` DISABLE KEYS */;
INSERT INTO `address` VALUES (1,NULL,'742','Evergreen Terrace','Springfield','IL','62701','USA'),(2,NULL,'112','Oak St','Houston','TX','77002','USA'),(3,NULL,'234','Elm Ave','Houston','TX','77003','USA'),(4,NULL,'567','Pine Rd','Dallas','TX','75204','USA'),(5,NULL,'890','Maple Dr','Dallas','TX','75205','USA'),(6,NULL,'321','Cedar Blvd','Austin','TX','73306','USA'),(7,NULL,'654','Birch Ln','Austin','TX','73307','USA'),(8,NULL,'777','Walnut St','San Antonio','TX','78208','USA'),(9,NULL,'888','Spruce Ave','San Antonio','TX','78209','USA'),(10,NULL,'999','Willow Way','Lubbock','TX','79410','USA'),(11,NULL,'101','Aspen Ct','Lubbock','TX','79411','USA'),(12,NULL,'220','Pecan St','Houston','TX','77012','USA'),(13,NULL,'445','Magnolia Ave','Dallas','TX','75206','USA'),(14,NULL,'678','Cypress Rd','Austin','TX','73308','USA'),(15,NULL,'891','Lavender Ln','San Antonio','TX','78210','USA'),(16,NULL,'102','Sycamore Blvd','Lubbock','TX','79412','USA'),(17,NULL,'334','Rosewood Dr','Houston','TX','77014','USA'),(18,NULL,'556','Bluebonnet Way','Dallas','TX','75208','USA'),(19,NULL,'789','Juniper St','Austin','TX','73310','USA'),(20,NULL,'901','Mesquite Rd','San Antonio','TX','78211','USA'),(21,NULL,'123','Cottonwood Ct','Lubbock','TX','79413','USA'),(22,NULL,'hk','hkj','hjk','hkj','12345','USA'),(23,NULL,'jlk','jkl','jkl','jkl','78978','USA'),(24,NULL,'123','mainst','hu','tx','00000','USA'),(25,NULL,'1','Post Office St','Houston','TX','77001','USA'),(26,NULL,'100','Main St','Houston','TX','77001','USA'),(27,NULL,'200','Commerce St','Dallas','TX','75201','USA'),(28,NULL,'300','Congress Ave','Austin','TX','73301','USA'),(29,NULL,'400','Broadway St','San Antonio','TX','78201','USA'),(30,NULL,'500','Lubbock Ave','Lubbock','TX','79401','USA');
/*!40000 ALTER TABLE `address` ENABLE KEYS */;
UNLOCK TABLES;

--
-- Table structure for table `customer`
--

DROP TABLE IF EXISTS `customer`;
/*!40101 SET @saved_cs_client     = @@character_set_client */;
/*!50503 SET character_set_client = utf8mb4 */;
CREATE TABLE `customer` (
  `Customer_ID` int NOT NULL AUTO_INCREMENT,
  `First_Name` varchar(30) NOT NULL,
  `Middle_Name` varchar(30) DEFAULT NULL,
  `Last_Name` varchar(30) NOT NULL,
  `Password_Hash` varchar(255) NOT NULL,
  `Email_Address` varchar(255) NOT NULL,
  `Phone_Number` varchar(20) DEFAULT NULL,
  `Sex` char(1) NOT NULL DEFAULT 'U',
  `Date_Created` datetime NOT NULL DEFAULT CURRENT_TIMESTAMP,
  `Date_Updated` datetime DEFAULT NULL ON UPDATE CURRENT_TIMESTAMP,
  `Address_ID` int NOT NULL,
  `is_Active` tinyint(1) NOT NULL DEFAULT '0',
  PRIMARY KEY (`Customer_ID`),
  UNIQUE KEY `Email_Address` (`Email_Address`),
  KEY `Address_ID` (`Address_ID`),
  CONSTRAINT `customer_ibfk_1` FOREIGN KEY (`Address_ID`) REFERENCES `address` (`Address_ID`),
  CONSTRAINT `customer_chk_1` CHECK ((`is_Active` in (0,1)))
) ENGINE=InnoDB AUTO_INCREMENT=24 DEFAULT CHARSET=utf8mb4 COLLATE=utf8mb4_0900_ai_ci;
/*!40101 SET character_set_client = @saved_cs_client */;

--
-- Dumping data for table `customer`
--

LOCK TABLES `customer` WRITE;
/*!40000 ALTER TABLE `customer` DISABLE KEYS */;
INSERT INTO `customer` VALUES (1,'James','A','Wilson','$2b$10$eImiTXuWVxfM37uY4JANjQ==','james.wilson@email.com','713-555-1001','U','2026-04-08 11:57:23','2026-04-14 21:23:52',2,0),(2,'Maria',NULL,'Garcia','$2b$10$eImiTXuWVxfM37uY4JANjQ==','maria.garcia@email.com','713-555-1002','U','2026-04-08 11:57:23','2026-04-14 21:23:52',3,0),(3,'Robert','J','Smith','$2b$10$eImiTXuWVxfM37uY4JANjQ==','robert.smith@email.com','214-555-1003','U','2026-04-08 11:57:23','2026-04-14 21:23:52',4,0),(4,'Linda',NULL,'Johnson','$2b$10$eImiTXuWVxfM37uY4JANjQ==','linda.johnson@email.com','214-555-1004','U','2026-04-08 11:57:23','2026-04-14 21:23:52',5,0),(5,'Carlos','M','Martinez','$2b$10$eImiTXuWVxfM37uY4JANjQ==','carlos.martinez@email.com','512-555-1005','U','2026-04-08 11:57:23','2026-04-14 21:23:52',6,0),(6,'Susan','L','Brown','$2b$10$eImiTXuWVxfM37uY4JANjQ==','susan.brown@email.com','512-555-1006','U','2026-04-08 11:57:23','2026-04-14 21:23:52',7,0),(7,'David',NULL,'Lee','$2b$10$eImiTXuWVxfM37uY4JANjQ==','david.lee@email.com','210-555-1007','U','2026-04-08 11:57:23','2026-04-14 21:23:52',8,0),(8,'Patricia','R','Taylor','$2b$10$eImiTXuWVxfM37uY4JANjQ==','patricia.taylor@email.com','210-555-1008','U','2026-04-08 11:57:23','2026-04-14 21:23:52',9,0),(9,'Michael',NULL,'Anderson','$2b$10$eImiTXuWVxfM37uY4JANjQ==','michael.anderson@email.com','806-555-1009','U','2026-04-08 11:57:23','2026-04-14 21:23:52',10,0),(10,'Barbara','E','Thomas','$2a$10$A2IrNr7Z4l3SoPcyzXlUG.Bmi.WhWw7gXL3E6ivDtRuEwi0tktT3C','customer@email.com','806-555-1010','U','2026-04-08 11:57:23','2026-04-14 21:23:52',11,0),(11,'Anthony','B','Rivera','$2a$10$YMEEetp9.9d4dZcqfaTzeuhVO.v/KeHPKhBtswEYLI2F8dsd2EoTy','anthony.rivera@email.com','713-555-2001','M','2026-04-11 12:40:00','2026-04-14 21:23:52',12,0),(12,'Kimberly',NULL,'Carter','$2a$10$YMEEetp9.9d4dZcqfaTzeuhVO.v/KeHPKhBtswEYLI2F8dsd2EoTy','kimberly.carter@email.com','214-555-2002','F','2026-04-11 12:40:00','2026-04-14 21:23:52',13,0),(13,'Daniel','R','Mitchell','$2a$10$YMEEetp9.9d4dZcqfaTzeuhVO.v/KeHPKhBtswEYLI2F8dsd2EoTy','daniel.mitchell@email.com','512-555-2003','M','2026-04-11 12:40:00','2026-04-14 21:23:52',14,0),(14,'Jessica','L','Perez','$2a$10$YMEEetp9.9d4dZcqfaTzeuhVO.v/KeHPKhBtswEYLI2F8dsd2EoTy','jessica.perez@email.com','210-555-2004','F','2026-04-11 12:40:00','2026-04-14 21:23:52',15,0),(15,'Matthew','K','Roberts','$2a$10$YMEEetp9.9d4dZcqfaTzeuhVO.v/KeHPKhBtswEYLI2F8dsd2EoTy','matthew.roberts@email.com','806-555-2005','M','2026-04-11 12:40:00','2026-04-14 21:23:52',16,0),(16,'Amanda',NULL,'Sanders','$2a$10$YMEEetp9.9d4dZcqfaTzeuhVO.v/KeHPKhBtswEYLI2F8dsd2EoTy','amanda.sanders@email.com','713-555-2006','F','2026-04-11 12:40:00','2026-04-14 21:23:52',17,0),(17,'Kevin','J','Price','$2a$10$YMEEetp9.9d4dZcqfaTzeuhVO.v/KeHPKhBtswEYLI2F8dsd2EoTy','kevin.price@email.com','214-555-2007','M','2026-04-11 12:40:00','2026-04-14 21:23:53',18,0),(18,'Sarah','M','Hughes','$2a$10$YMEEetp9.9d4dZcqfaTzeuhVO.v/KeHPKhBtswEYLI2F8dsd2EoTy','sarah.hughes@email.com','512-555-2008','F','2026-04-11 12:40:00','2026-04-14 21:23:53',19,0),(19,'Brian','T','Foster','$2a$10$YMEEetp9.9d4dZcqfaTzeuhVO.v/KeHPKhBtswEYLI2F8dsd2EoTy','brian.foster@email.com','210-555-2009','M','2026-04-11 12:40:00','2026-04-14 21:23:53',20,0),(20,'Nicole','A','Butler','$2a$10$YMEEetp9.9d4dZcqfaTzeuhVO.v/KeHPKhBtswEYLI2F8dsd2EoTy','nicole.butler@email.com','806-555-2010','F','2026-04-11 12:40:00','2026-04-14 21:23:53',21,0),(21,'hkj',NULL,'hk','$2a$10$dmz8PSdYosxIG0l7zbygnOlxtSaYDUAKvdm/5Rp6oRF1Y/bbeglhy','hkj','hjk','U','2026-04-13 17:21:45','2026-04-14 21:23:53',22,0),(22,'jkl',NULL,'kl','$2a$10$0Qd25mP3jLKvMrsPIvQfn.QbajDBEUtGTiXDDU7.ygL06o3LKgn/q','email@emaul.com','jkl','U','2026-04-13 17:27:43','2026-04-14 21:23:53',23,0),(23,'Test3',NULL,'test','$2a$10$UVbnCLAVM96ebPYjopxtSe1oz1LNluVMvoJF5vRmpVRwFo8yj5nky','test3@email.com','222-333-4445','U','2026-04-14 11:02:19','2026-04-14 21:23:54',24,0);
/*!40000 ALTER TABLE `customer` ENABLE KEYS */;
UNLOCK TABLES;

--
-- Table structure for table `delivery`
--

DROP TABLE IF EXISTS `delivery`;
/*!40101 SET @saved_cs_client     = @@character_set_client */;
/*!50503 SET character_set_client = utf8mb4 */;
CREATE TABLE `delivery` (
  `Delivery_ID` int NOT NULL AUTO_INCREMENT,
  `Tracking_Number` varchar(30) NOT NULL,
  `Delivered_Date` datetime DEFAULT NULL,
  `Signature_Required` tinyint(1) NOT NULL,
  `Signature_Received` varchar(25) DEFAULT NULL,
  `Delivered_By` int DEFAULT NULL,
  `Date_Created` datetime NOT NULL DEFAULT CURRENT_TIMESTAMP,
  `Date_Updated` datetime DEFAULT NULL ON UPDATE CURRENT_TIMESTAMP,
  PRIMARY KEY (`Delivery_ID`),
  UNIQUE KEY `Tracking_Number` (`Tracking_Number`),
  KEY `Delivered_By` (`Delivered_By`),
  CONSTRAINT `delivery_ibfk_1` FOREIGN KEY (`Tracking_Number`) REFERENCES `package` (`Tracking_Number`) ON DELETE CASCADE ON UPDATE CASCADE,
  CONSTRAINT `delivery_ibfk_3` FOREIGN KEY (`Delivered_By`) REFERENCES `employee` (`Employee_ID`) ON UPDATE CASCADE
) ENGINE=InnoDB AUTO_INCREMENT=90 DEFAULT CHARSET=utf8mb4 COLLATE=utf8mb4_0900_ai_ci;
/*!40101 SET character_set_client = @saved_cs_client */;

--
-- Dumping data for table `delivery`
--

LOCK TABLES `delivery` WRITE;
/*!40000 ALTER TABLE `delivery` DISABLE KEYS */;
INSERT INTO `delivery` VALUES (1,'TRK0000001','2024-03-19 14:30:00',0,NULL,9,'2026-04-08 11:57:23',NULL),(2,'TRK0000002','2024-03-18 16:00:00',0,NULL,11,'2026-04-08 11:57:23',NULL),(3,'TRK0000003',NULL,0,NULL,9,'2026-04-08 11:57:23','2026-04-14 13:31:38'),(4,'TRK0000004',NULL,1,NULL,11,'2026-04-08 11:57:23','2026-04-14 13:31:24'),(5,'TRK0000005',NULL,1,NULL,9,'2026-04-08 11:57:23',NULL),(6,'TRK0000006','2024-03-17 11:30:00',0,NULL,12,'2026-04-08 11:57:23',NULL),(7,'TRK0000007',NULL,0,NULL,9,'2026-04-08 11:57:23',NULL),(8,'TRK0000008',NULL,1,NULL,11,'2026-04-08 11:57:23',NULL),(9,'TRK0000009','2024-03-17 11:00:00',0,NULL,9,'2026-04-08 11:57:23',NULL),(10,'TRK0000010',NULL,0,NULL,8,'2026-04-08 11:57:23',NULL),(11,'TRK0000011',NULL,0,NULL,9,'2026-04-08 11:57:23',NULL),(12,'TRK0000012',NULL,1,NULL,12,'2026-04-08 11:57:23',NULL),(16,'TRK0000016','2024-05-11 14:00:00',0,NULL,8,'2026-04-11 12:59:50',NULL),(17,'TRK0000017','2024-05-11 15:00:00',0,NULL,8,'2026-04-11 12:59:50',NULL),(18,'TRK0000018','2024-06-17 11:00:00',0,NULL,8,'2026-04-11 12:59:50',NULL),(19,'TRK0000019','2024-06-17 12:00:00',0,NULL,8,'2026-04-11 12:59:50',NULL),(20,'TRK0000020',NULL,0,NULL,8,'2026-04-11 12:59:50',NULL),(21,'TRK0000021',NULL,0,NULL,8,'2026-04-11 12:59:50',NULL),(22,'TRK0000022','2024-08-07 15:00:00',1,'J.Rivera',8,'2026-04-11 12:59:50',NULL),(23,'TRK0000023','2024-08-07 16:00:00',0,NULL,8,'2026-04-11 12:59:50',NULL),(24,'TRK0000024',NULL,0,NULL,8,'2026-04-11 12:59:50',NULL),(25,'TRK0000025','2024-05-20 13:00:00',0,NULL,9,'2026-04-11 12:59:50',NULL),(26,'TRK0000026','2024-05-20 14:00:00',0,NULL,9,'2026-04-11 12:59:50',NULL),(27,'TRK0000027','2024-06-24 16:00:00',0,NULL,9,'2026-04-11 12:59:50',NULL),(28,'TRK0000028','2024-06-24 17:00:00',0,NULL,9,'2026-04-11 12:59:50',NULL),(29,'TRK0000029',NULL,0,NULL,9,'2026-04-11 12:59:50',NULL),(30,'TRK0000030',NULL,1,NULL,9,'2026-04-11 12:59:50',NULL),(31,'TRK0000031','2024-08-16 12:00:00',0,NULL,9,'2026-04-11 12:59:50',NULL),(32,'TRK0000032','2024-08-16 13:00:00',0,NULL,9,'2026-04-11 12:59:50',NULL),(33,'TRK0000033','2024-09-28 14:00:00',0,NULL,9,'2026-04-11 12:59:50',NULL),(34,'TRK0000034','2024-09-28 15:00:00',0,NULL,9,'2026-04-11 12:59:50',NULL),(35,'TRK0000035','2024-05-07 11:00:00',0,NULL,10,'2026-04-11 12:59:50',NULL),(36,'TRK0000036','2024-05-07 12:00:00',0,NULL,10,'2026-04-11 12:59:50',NULL),(37,'TRK0000037','2024-06-12 15:00:00',0,NULL,10,'2026-04-11 12:59:50',NULL),(38,'TRK0000038','2024-06-12 16:00:00',0,NULL,10,'2026-04-11 12:59:50',NULL),(39,'TRK0000039',NULL,0,NULL,10,'2026-04-11 12:59:50',NULL),(40,'TRK0000040',NULL,0,NULL,10,'2026-04-11 12:59:50',NULL),(41,'TRK0000041','2024-08-22 13:00:00',0,NULL,10,'2026-04-11 12:59:50',NULL),(42,'TRK0000042','2024-08-22 14:00:00',1,'S.Hughes',10,'2026-04-11 12:59:50',NULL),(43,'TRK0000043',NULL,0,NULL,10,'2026-04-11 12:59:50',NULL),(44,'TRK0000044','2024-05-25 14:00:00',0,NULL,11,'2026-04-11 12:59:50',NULL),(45,'TRK0000045','2024-05-25 15:00:00',0,NULL,11,'2026-04-11 12:59:50',NULL),(46,'TRK0000046','2024-06-30 16:00:00',0,NULL,11,'2026-04-11 12:59:50',NULL),(47,'TRK0000047','2024-06-30 17:00:00',1,'D.Mitchell',11,'2026-04-11 12:59:50',NULL),(48,'TRK0000048','2024-07-17 12:00:00',0,NULL,11,'2026-04-11 12:59:50',NULL),(49,'TRK0000049','2024-07-17 13:00:00',0,NULL,11,'2026-04-11 12:59:50',NULL),(50,'TRK0000050',NULL,0,NULL,11,'2026-04-11 12:59:50',NULL),(51,'TRK0000051',NULL,0,NULL,11,'2026-04-11 12:59:50',NULL),(52,'TRK0000052',NULL,0,NULL,12,'2026-04-11 12:59:50',NULL),(53,'TRK0000053','2024-06-01 15:00:00',1,'B.Foster',12,'2026-04-11 12:59:50',NULL),(54,'TRK0000054','2024-06-01 16:00:00',0,NULL,12,'2026-04-11 12:59:50',NULL),(55,'TRK0000055','2024-07-07 11:00:00',0,NULL,12,'2026-04-11 12:59:50',NULL),(56,'TRK0000056','2024-07-07 12:00:00',0,NULL,12,'2026-04-11 12:59:50',NULL),(57,'TRK0000057','2024-08-30 14:00:00',1,'N.Butler',12,'2026-04-11 12:59:50',NULL),(58,'TRK0000058','2024-08-30 15:00:00',0,NULL,12,'2026-04-11 12:59:50',NULL),(59,'TRK0000059',NULL,0,NULL,12,'2026-04-11 12:59:50',NULL),(60,'TRK0000060',NULL,0,NULL,12,'2026-04-11 12:59:50',NULL),(61,'TRK0000061',NULL,0,NULL,12,'2026-04-11 12:59:50',NULL),(62,'TRK0000062',NULL,0,NULL,12,'2026-04-11 12:59:50',NULL),(63,'TRK0000063',NULL,1,NULL,12,'2026-04-11 12:59:50',NULL),(64,'TRK0000064',NULL,0,NULL,12,'2026-04-11 12:59:50',NULL),(65,'TRK0000065',NULL,0,NULL,12,'2026-04-11 12:59:50',NULL),(66,'TRK0000066','2024-06-07 14:00:00',0,NULL,15,'2026-04-11 13:45:32',NULL),(67,'TRK0000067','2024-06-07 15:00:00',0,NULL,15,'2026-04-11 13:45:32',NULL),(68,'TRK0000068','2024-07-14 15:00:00',0,NULL,15,'2026-04-11 13:45:32',NULL),(69,'TRK0000069','2024-08-19 12:00:00',1,'J.Perez',15,'2026-04-11 13:45:32',NULL),(70,'TRK0000070',NULL,0,NULL,16,'2026-04-11 13:45:32',NULL),(71,'TRK0000071','2024-06-22 16:00:00',0,NULL,16,'2026-04-11 13:45:32',NULL),(72,'TRK0000072','2024-07-30 13:00:00',0,NULL,16,'2026-04-11 13:45:32',NULL),(73,'TRK0000073','2024-05-18 11:00:00',0,NULL,17,'2026-04-11 13:45:32',NULL),(74,'TRK0000074','2024-05-18 12:00:00',1,'M.Roberts',17,'2026-04-11 13:45:32',NULL),(75,'TRK0000075','2024-07-04 14:00:00',0,NULL,17,'2026-04-11 13:45:32',NULL),(76,'TRK0000076','2024-08-13 15:00:00',0,NULL,18,'2026-04-11 13:45:32',NULL),(77,'TRK0000077','2024-06-11 12:00:00',0,NULL,18,'2026-04-11 13:45:32',NULL),(78,'TRK0000078','2024-07-25 16:00:00',0,NULL,18,'2026-04-11 13:45:32',NULL),(79,'TRK0000079',NULL,0,NULL,18,'2026-04-11 13:45:32',NULL),(80,'TRK0000080',NULL,0,NULL,9,'2026-04-11 13:45:32',NULL),(81,'TRK0000081',NULL,0,NULL,11,'2026-04-11 13:45:32',NULL),(82,'TRK0000082',NULL,0,NULL,10,'2026-04-11 13:45:32',NULL),(83,'TRK0000083',NULL,0,NULL,8,'2026-04-11 13:45:32',NULL),(84,'TRK0000084',NULL,1,NULL,12,'2026-04-11 13:45:32',NULL),(85,'TRK0000085',NULL,0,NULL,15,'2026-04-11 13:45:32',NULL),(86,'TRK0000086',NULL,0,NULL,NULL,'2026-03-29 19:35:50','2026-04-13 19:35:50'),(87,'TRK0000087',NULL,0,NULL,NULL,'2026-04-13 17:27:43',NULL),(88,'TRK0000088',NULL,0,NULL,NULL,'2026-04-13 17:39:19',NULL),(89,'TRK0000089',NULL,0,NULL,NULL,'2026-04-14 11:34:17',NULL);
/*!40000 ALTER TABLE `delivery` ENABLE KEYS */;
UNLOCK TABLES;

--
-- Table structure for table `department`
--

DROP TABLE IF EXISTS `department`;
/*!40101 SET @saved_cs_client     = @@character_set_client */;
/*!50503 SET character_set_client = utf8mb4 */;
CREATE TABLE `department` (
  `Department_ID` int NOT NULL AUTO_INCREMENT,
  `Department_Name` varchar(30) NOT NULL,
  `Date_Created` datetime NOT NULL DEFAULT CURRENT_TIMESTAMP,
  `Date_Updated` datetime DEFAULT NULL ON UPDATE CURRENT_TIMESTAMP,
  PRIMARY KEY (`Department_ID`),
  UNIQUE KEY `Department_Name` (`Department_Name`)
) ENGINE=InnoDB AUTO_INCREMENT=6 DEFAULT CHARSET=utf8mb4 COLLATE=utf8mb4_0900_ai_ci;
/*!40101 SET character_set_client = @saved_cs_client */;

--
-- Dumping data for table `department`
--

LOCK TABLES `department` WRITE;
/*!40000 ALTER TABLE `department` DISABLE KEYS */;
INSERT INTO `department` VALUES (1,'Customer Service','2026-04-08 11:57:23',NULL),(2,'Delivery','2026-04-08 11:57:23',NULL),(4,'Management','2026-04-08 11:57:23',NULL);
/*!40000 ALTER TABLE `department` ENABLE KEYS */;
UNLOCK TABLES;

--
-- Table structure for table `employee`
--

DROP TABLE IF EXISTS `employee`;
/*!40101 SET @saved_cs_client     = @@character_set_client */;
/*!50503 SET character_set_client = utf8mb4 */;
CREATE TABLE `employee` (
  `Employee_ID` int NOT NULL AUTO_INCREMENT,
  `Post_Office_ID` int NOT NULL,
  `Supervisor_ID` int DEFAULT NULL,
  `Role_ID` int NOT NULL,
  `Department_ID` int NOT NULL,
  `First_Name` varchar(30) NOT NULL,
  `Middle_Name` varchar(30) NOT NULL,
  `Last_Name` varchar(30) NOT NULL,
  `Password_Hash` varchar(255) NOT NULL,
  `Email_Address` varchar(255) NOT NULL,
  `Phone_Number` varchar(20) DEFAULT NULL,
  `Sex` char(1) NOT NULL,
  `Salary` decimal(10,2) NOT NULL,
  `Hours_Worked` decimal(6,2) NOT NULL DEFAULT '0.00',
  `Birthday` date DEFAULT NULL,
  `Date_Created` datetime NOT NULL DEFAULT CURRENT_TIMESTAMP,
  `Date_Updated` datetime DEFAULT NULL ON UPDATE CURRENT_TIMESTAMP,
  `is_active` enum('1','0') NOT NULL DEFAULT '1',
  PRIMARY KEY (`Employee_ID`),
  UNIQUE KEY `Email_Address` (`Email_Address`),
  KEY `Post_Office_ID` (`Post_Office_ID`),
  KEY `Supervisor_ID` (`Supervisor_ID`),
  KEY `role_ID` (`Role_ID`),
  KEY `Department_ID` (`Department_ID`),
  CONSTRAINT `employee_ibfk_1` FOREIGN KEY (`Post_Office_ID`) REFERENCES `post_office` (`Post_Office_ID`),
  CONSTRAINT `employee_ibfk_2` FOREIGN KEY (`Supervisor_ID`) REFERENCES `employee` (`Employee_ID`),
  CONSTRAINT `employee_ibfk_3` FOREIGN KEY (`Role_ID`) REFERENCES `role` (`Role_ID`),
  CONSTRAINT `employee_ibfk_4` FOREIGN KEY (`Department_ID`) REFERENCES `department` (`Department_ID`),
  CONSTRAINT `ch_date_after` CHECK ((`Birthday` >= _utf8mb4'1900-01-01'))
) ENGINE=InnoDB AUTO_INCREMENT=25 DEFAULT CHARSET=utf8mb4 COLLATE=utf8mb4_0900_ai_ci;
/*!40101 SET character_set_client = @saved_cs_client */;

--
-- Dumping data for table `employee`
--

LOCK TABLES `employee` WRITE;
/*!40000 ALTER TABLE `employee` DISABLE KEYS */;
INSERT INTO `employee` VALUES (1,1,NULL,5,4,'Richard','A','Moore','$2a$10$EJZhbmWFuPFOg8ZR73VG9eSEbQLGztIJG8uoge6atW1b2b7S3FpLS','richard.moore@postoffice8.com','713-500-2001','M',72000.00,0.00,NULL,'2026-04-08 11:57:23','2026-04-14 21:50:09','1'),(2,2,NULL,5,4,'Nancy','B','White','$2b$10$abc123hashed','nancy.white@postoffice8.com','214-500-2002','F',70000.00,0.00,NULL,'2026-04-08 11:57:23','2026-04-14 21:50:09','1'),(3,3,NULL,5,4,'Thomas','C','Harris','$2b$10$abc123hashed','thomas.harris@postoffice8.com','512-500-2003','M',71000.00,0.00,NULL,'2026-04-08 11:57:23','2026-04-14 21:50:09','1'),(4,1,1,5,1,'Jessica','D','Clark','$2b$10$abc123hashed','jessica.clark@postoffice8.com','713-500-2004','F',52000.00,0.00,NULL,'2026-04-08 11:57:23','2026-04-14 21:50:09','1'),(5,1,1,5,2,'Kevin','E','Lewis','$2b$10$abc123hashed','kevin.lewis@postoffice8.com','713-500-2005','M',51000.00,0.00,NULL,'2026-04-08 11:57:23','2026-04-14 21:50:09','1'),(6,2,2,5,1,'Amanda','F','Robinson','$2b$10$abc123hashed','amanda.robinson@postoffice8.com','214-500-2006','F',50000.00,0.00,NULL,'2026-04-08 11:57:23','2026-04-14 21:50:09','1'),(7,3,3,5,2,'Brian','G','Walker','$2b$10$abc123hashed','brian.walker@postoffice8.com','512-500-2007','M',51500.00,0.00,NULL,'2026-04-08 11:57:23','2026-04-14 21:50:09','1'),(8,1,4,1,1,'Ashley','H','Hall','$2b$10$abc123hashed','ashley.hall@postoffice8.com','713-500-2008','F',38000.00,0.00,NULL,'2026-04-08 11:57:23',NULL,'1'),(9,1,5,2,2,'Joshua','I','Young','$2b$10$abc123hashed','joshua.young@postoffice8.com','713-500-2009','M',40000.00,0.00,NULL,'2026-04-08 11:57:23',NULL,'1'),(10,2,6,1,1,'Megan','J','Allen','$2b$10$abc123hashed','megan.allen@postoffice8.com','214-500-2010','F',37500.00,0.00,NULL,'2026-04-08 11:57:23',NULL,'1'),(11,2,6,2,2,'Tyler','K','Scott','$2b$10$abc123hashed','tyler.scott@postoffice8.com','214-500-2011','M',41000.00,0.00,NULL,'2026-04-08 11:57:23',NULL,'1'),(12,3,7,1,1,'Lauren','L','Adams','$2b$10$abc123hashed','lauren.adams@postoffice8.com','512-500-2012','F',38500.00,0.00,NULL,'2026-04-08 11:57:23',NULL,'1'),(13,4,NULL,5,4,'Steven','M','Baker','$2b$10$abc123hashed','steven.baker@postoffice8.com','210-500-2013','M',70500.00,0.00,NULL,'2026-04-08 11:57:23','2026-04-14 21:50:09','1'),(14,5,NULL,5,4,'Rachel','N','Gonzalez','$2b$10$abc123hashed','rachel.gonzalez@postoffice8.com','806-500-2014','F',69000.00,0.00,NULL,'2026-04-08 11:57:23','2026-04-14 21:50:09','1'),(15,4,13,1,1,'Marcus','D','Bell','$2a$10$kdMky0yh3FVqVBzXATNM/uYAd6L9WtXKnSrrV66P1ucpb/zyDvM0q','marcus.bell@postoffice8.com','210-500-3001','M',37000.00,0.00,'1994-04-16','2026-04-11 13:19:06',NULL,'1'),(16,4,13,2,2,'Diana','K','Cruz','$2a$10$kdMky0yh3FVqVBzXATNM/uYAd6L9WtXKnSrrV66P1ucpb/zyDvM0q','diana.cruz@postoffice8.com','210-500-3002','F',39500.00,0.00,'1991-07-09','2026-04-11 13:19:06',NULL,'1'),(17,5,14,1,1,'Ethan','R','Coleman','$2a$10$kdMky0yh3FVqVBzXATNM/uYAd6L9WtXKnSrrV66P1ucpb/zyDvM0q','ethan.coleman@postoffice8.com','806-500-3003','M',37500.00,0.00,'1989-11-23','2026-04-11 13:19:06',NULL,'1'),(18,5,14,2,2,'Brittany','S','Simmons','$2a$10$kdMky0yh3FVqVBzXATNM/uYAd6L9WtXKnSrrV66P1ucpb/zyDvM0q','brittany.simmons@postoffice8.com','806-500-3004','F',40000.00,0.00,'1996-03-02','2026-04-11 13:19:06',NULL,'1'),(19,1,NULL,5,4,'Admin','A','User','$2b$10$dZqvPmx6ex1aURXjSj3AvOH6JxqPRsW5n61eDAwuUA5LYz.Ac9zaK','new.admin@postoffice8.com','945-856-7435','U',0.00,0.00,NULL,'2026-04-11 14:05:52','2026-04-12 10:43:12','1'),(22,1,NULL,1,2,'John','','doe','$2a$10$we4Uxh/mqkBBqeeHtg1H8usY8mL6CkVrL6/UYRLYqz2hc4K9ThmwG','jon@email.com','111-222-4444','U',0.00,0.00,'2000-02-03','2026-04-13 17:17:52','2026-04-13 20:32:35','0'),(23,1,NULL,1,1,'jd','','Employee','$2a$10$nTXUdnXc7mTrMp.vKelIp.uxWUiA1Z6IgMSUrsX/FS/bU4y3HfDh2','jd@e.com','444-444-4444','U',0.00,0.00,'1999-03-08','2026-04-14 11:37:09','2026-04-14 11:37:45','0'),(24,1,NULL,5,1,'Joyh','','Employee','$2a$10$fXzUadOYEhoJPhRQutwFI.wKm6HkGZDorkQ8Z9T8I/yD7v/u6mWCe','d@email.com','111-222-3333','U',0.00,0.00,'2026-04-15','2026-04-14 15:27:45','2026-04-14 21:50:09','0');
/*!40000 ALTER TABLE `employee` ENABLE KEYS */;
UNLOCK TABLES;

--
-- Table structure for table `excess_fee`
--

DROP TABLE IF EXISTS `excess_fee`;
/*!40101 SET @saved_cs_client     = @@character_set_client */;
/*!50503 SET character_set_client = utf8mb4 */;
CREATE TABLE `excess_fee` (
  `Fee_Type_Code` varchar(50) NOT NULL,
  `Description` varchar(255) DEFAULT NULL,
  `Type_Name` varchar(100) NOT NULL,
  `Additional_Price` decimal(10,2) NOT NULL DEFAULT '0.00',
  `Date_Created` datetime NOT NULL DEFAULT CURRENT_TIMESTAMP,
  `Date_Updated` datetime DEFAULT NULL ON UPDATE CURRENT_TIMESTAMP,
  PRIMARY KEY (`Fee_Type_Code`)
) ENGINE=InnoDB DEFAULT CHARSET=utf8mb4 COLLATE=utf8mb4_0900_ai_ci;
/*!40101 SET character_set_client = @saved_cs_client */;

--
-- Dumping data for table `excess_fee`
--

LOCK TABLES `excess_fee` WRITE;
/*!40000 ALTER TABLE `excess_fee` DISABLE KEYS */;
INSERT INTO `excess_fee` VALUES ('FRAG','Fragile item special handling','Fragile Handling',5.00,'2026-04-08 11:57:23',NULL),('FUEL','Fuel surcharge','Fuel Surcharge',2.25,'2026-04-08 11:57:23',NULL),('HAZ','Hazardous materials handling fee','Hazardous Material',15.00,'2026-04-08 11:57:23',NULL),('SIG','Signature confirmation required','Signature Required',3.50,'2026-04-08 11:57:23',NULL);
/*!40000 ALTER TABLE `excess_fee` ENABLE KEYS */;
UNLOCK TABLES;

--
-- Table structure for table `package`
--

DROP TABLE IF EXISTS `package`;
/*!40101 SET @saved_cs_client     = @@character_set_client */;
/*!50503 SET character_set_client = utf8mb4 */;
CREATE TABLE `package` (
  `Tracking_Number` varchar(10) NOT NULL,
  `Sender_ID` int NOT NULL,
  `Recipient_ID` int DEFAULT NULL,
  `Dim_X` decimal(8,2) NOT NULL,
  `Dim_Y` decimal(8,2) NOT NULL,
  `Dim_Z` decimal(8,2) NOT NULL,
  `Date_Created` datetime NOT NULL DEFAULT CURRENT_TIMESTAMP,
  `Date_Updated` datetime DEFAULT NULL,
  `Package_Type_Code` varchar(30) NOT NULL,
  `Weight` decimal(6,2) NOT NULL,
  `Zone` tinyint NOT NULL,
  `Oversize` tinyint(1) NOT NULL DEFAULT '0',
  `Requires_Signature` tinyint(1) NOT NULL DEFAULT '0',
  `Status_Code` int NOT NULL DEFAULT '1',
  `To_Address_ID` int DEFAULT NULL,
  `Recipient_Name` varchar(100) NOT NULL,
  PRIMARY KEY (`Tracking_Number`),
  KEY `Sender_ID` (`Sender_ID`),
  KEY `Recipient_ID` (`Recipient_ID`),
  KEY `Package_Type_Code` (`Package_Type_Code`),
  KEY `Status_Code` (`Status_Code`),
  CONSTRAINT `package_ibfk_1` FOREIGN KEY (`Sender_ID`) REFERENCES `customer` (`Customer_ID`),
  CONSTRAINT `package_ibfk_2` FOREIGN KEY (`Recipient_ID`) REFERENCES `customer` (`Customer_ID`),
  CONSTRAINT `package_ibfk_3` FOREIGN KEY (`Package_Type_Code`) REFERENCES `package_type` (`Package_Type_Code`),
  CONSTRAINT `package_ibfk_4` FOREIGN KEY (`Status_Code`) REFERENCES `status_code` (`Status_Code`),
  CONSTRAINT `chk_package_dimensions_positive` CHECK (((`Dim_X` > 0) and (`Dim_Y` > 0) and (`Dim_Z` > 0))),
  CONSTRAINT `chk_package_sender_recipient_different` CHECK ((`Sender_ID` <> `Recipient_ID`)),
  CONSTRAINT `package_chk_1` CHECK ((`Weight` <= 70)),
  CONSTRAINT `package_chk_2` CHECK ((`Zone` between 1 and 9))
) ENGINE=InnoDB DEFAULT CHARSET=utf8mb4 COLLATE=utf8mb4_0900_ai_ci;
/*!40101 SET character_set_client = @saved_cs_client */;

--
-- Dumping data for table `package`
--

LOCK TABLES `package` WRITE;
/*!40000 ALTER TABLE `package` DISABLE KEYS */;
INSERT INTO `package` VALUES ('TRK0000001',1,3,12.00,8.00,6.00,'2026-03-26 13:30:08',NULL,'GEN',4.20,4,0,0,4,4,''),('TRK0000002',2,4,24.00,18.00,12.00,'2026-03-26 13:30:08',NULL,'GEN',12.70,7,1,0,4,5,''),('TRK0000003',3,5,6.00,4.00,2.00,'2026-03-26 13:30:08',NULL,'EXP',0.80,2,0,0,4,6,''),('TRK0000004',4,6,36.00,24.00,24.00,'2026-03-26 13:30:08',NULL,'OVR',48.00,5,1,1,3,7,''),('TRK0000005',5,7,10.00,7.00,5.00,'2026-03-26 13:30:08',NULL,'EXP',2.10,3,0,1,2,8,''),('TRK0000006',6,8,15.00,12.00,8.00,'2026-03-26 13:30:08',NULL,'GEN',6.50,6,0,0,4,9,''),('TRK0000007',7,9,8.00,8.00,8.00,'2026-03-26 13:30:08',NULL,'GEN',3.30,2,0,0,3,10,''),('TRK0000008',8,10,20.00,16.00,10.00,'2026-03-26 13:30:08',NULL,'EXP',9.80,8,0,1,2,11,''),('TRK0000009',9,1,30.00,20.00,15.00,'2026-03-26 13:30:08',NULL,'OVR',35.00,4,1,0,4,2,''),('TRK0000010',10,2,5.00,5.00,5.00,'2026-03-26 13:30:08',NULL,'GEN',1.20,1,0,0,1,3,''),('TRK0000011',1,5,18.00,14.00,9.00,'2026-03-26 13:30:08',NULL,'GEN',7.60,5,0,0,2,6,''),('TRK0000012',3,7,12.00,10.00,6.00,'2026-03-26 13:30:08',NULL,'EXP',3.40,3,0,1,2,8,''),('TRK0000013',2,8,40.00,30.00,20.00,'2026-03-26 13:30:08',NULL,'OVR',55.00,9,1,1,1,9,''),('TRK0000014',5,10,7.00,5.00,4.00,'2026-03-26 13:30:08',NULL,'GEN',2.00,2,0,0,1,11,''),('TRK0000015',6,1,22.00,18.00,12.00,'2026-03-26 13:30:08',NULL,'EXP',11.50,6,0,0,1,2,''),('TRK0000016',1,11,10.00,8.00,6.00,'2026-04-11 12:44:54',NULL,'GEN',2.50,2,0,0,4,12,''),('TRK0000017',11,2,12.00,10.00,8.00,'2026-04-11 12:44:54',NULL,'EXP',0.75,3,0,0,4,3,''),('TRK0000018',2,12,18.00,14.00,10.00,'2026-04-11 12:44:54',NULL,'GEN',8.00,4,0,0,4,13,''),('TRK0000019',12,3,6.00,4.00,3.00,'2026-04-11 12:44:54',NULL,'EXP',0.50,1,0,0,4,4,''),('TRK0000020',3,13,24.00,18.00,12.00,'2026-04-11 12:44:54',NULL,'OVR',20.00,5,1,0,2,14,''),('TRK0000021',13,4,8.00,6.00,4.00,'2026-04-11 12:44:54',NULL,'GEN',1.80,2,0,0,2,5,''),('TRK0000022',4,14,12.00,10.00,8.00,'2026-04-11 12:44:54',NULL,'EXP',3.20,4,0,1,4,15,''),('TRK0000023',14,5,30.00,24.00,18.00,'2026-04-11 12:44:54',NULL,'OVR',38.00,6,1,0,4,6,''),('TRK0000024',5,15,10.00,8.00,6.00,'2026-04-11 12:44:54',NULL,'GEN',4.50,3,0,0,3,16,''),('TRK0000025',15,6,14.00,10.00,8.00,'2026-04-11 12:44:54',NULL,'EXP',2.80,5,0,0,4,7,''),('TRK0000026',6,16,8.00,6.00,4.00,'2026-04-11 12:44:54',NULL,'GEN',0.90,1,0,0,4,17,''),('TRK0000027',16,7,18.00,14.00,10.00,'2026-04-11 12:44:54',NULL,'OVR',18.00,3,1,0,4,8,''),('TRK0000028',7,17,12.00,10.00,8.00,'2026-04-11 12:44:54',NULL,'GEN',6.20,4,0,0,4,18,''),('TRK0000029',17,8,6.00,4.00,3.00,'2026-04-11 12:44:54',NULL,'EXP',0.60,2,0,0,2,9,''),('TRK0000030',8,18,24.00,18.00,12.00,'2026-04-11 12:44:54',NULL,'OVR',28.00,7,1,1,2,19,''),('TRK0000031',18,9,10.00,8.00,6.00,'2026-04-11 12:44:54',NULL,'GEN',3.10,2,0,0,4,10,''),('TRK0000032',9,19,12.00,10.00,8.00,'2026-04-11 12:44:54',NULL,'EXP',1.40,3,0,0,4,20,''),('TRK0000033',19,10,18.00,14.00,10.00,'2026-04-11 12:44:54',NULL,'GEN',9.50,5,0,0,4,11,''),('TRK0000034',10,20,8.00,6.00,4.00,'2026-04-11 12:44:54',NULL,'EXP',0.80,4,0,0,4,21,''),('TRK0000035',20,1,30.00,24.00,18.00,'2026-04-11 12:44:54',NULL,'OVR',42.00,8,1,1,4,2,''),('TRK0000036',11,3,10.00,8.00,6.00,'2026-04-11 12:44:54',NULL,'GEN',2.00,1,0,0,4,4,''),('TRK0000037',12,4,12.00,10.00,8.00,'2026-04-11 12:44:54',NULL,'EXP',4.50,6,0,0,4,5,''),('TRK0000038',13,5,18.00,14.00,10.00,'2026-04-11 12:44:54',NULL,'GEN',7.80,3,0,0,4,6,''),('TRK0000039',14,6,6.00,4.00,3.00,'2026-04-11 12:44:54',NULL,'EXP',0.40,2,0,0,5,7,''),('TRK0000040',15,7,24.00,18.00,12.00,'2026-04-11 12:44:54',NULL,'OVR',25.00,4,1,0,5,8,''),('TRK0000041',16,8,10.00,8.00,6.00,'2026-04-11 12:44:54',NULL,'GEN',3.80,5,0,0,4,9,''),('TRK0000042',17,9,12.00,10.00,8.00,'2026-04-11 12:44:54',NULL,'EXP',2.10,7,0,1,4,10,''),('TRK0000043',18,10,18.00,14.00,10.00,'2026-04-11 12:44:54',NULL,'OVR',32.00,9,1,0,2,11,''),('TRK0000044',19,11,10.00,8.00,6.00,'2026-04-11 12:44:54',NULL,'GEN',5.50,2,0,0,4,12,''),('TRK0000045',20,12,12.00,10.00,8.00,'2026-04-11 12:44:54',NULL,'EXP',1.90,3,0,0,4,13,''),('TRK0000046',1,13,8.00,6.00,4.00,'2026-04-11 12:44:54',NULL,'GEN',0.70,1,0,0,4,14,''),('TRK0000047',2,14,24.00,18.00,12.00,'2026-04-11 12:44:54',NULL,'OVR',22.00,5,1,1,4,15,''),('TRK0000048',3,15,10.00,8.00,6.00,'2026-04-11 12:44:54',NULL,'GEN',4.20,4,0,0,4,16,''),('TRK0000049',4,16,12.00,10.00,8.00,'2026-04-11 12:44:54',NULL,'EXP',3.60,6,0,0,4,17,''),('TRK0000050',5,17,18.00,14.00,10.00,'2026-04-11 12:44:54',NULL,'GEN',11.00,7,0,0,2,18,''),('TRK0000051',6,18,10.00,8.00,6.00,'2026-04-11 12:44:54',NULL,'EXP',0.90,2,0,0,3,19,''),('TRK0000052',7,19,30.00,24.00,18.00,'2026-04-11 12:44:54',NULL,'OVR',55.00,3,1,0,2,20,''),('TRK0000053',8,20,12.00,10.00,8.00,'2026-04-11 12:44:54',NULL,'GEN',6.80,5,0,1,4,21,''),('TRK0000054',9,11,6.00,4.00,3.00,'2026-04-11 12:44:54',NULL,'EXP',1.20,4,0,0,4,12,''),('TRK0000055',10,12,18.00,14.00,10.00,'2026-04-11 12:44:54',NULL,'OVR',17.00,8,1,0,4,13,''),('TRK0000056',11,13,10.00,8.00,6.00,'2026-04-11 12:44:54',NULL,'GEN',2.90,2,0,0,4,14,''),('TRK0000057',12,14,12.00,10.00,8.00,'2026-04-11 12:44:54',NULL,'EXP',4.80,9,0,1,4,15,''),('TRK0000058',13,15,24.00,18.00,12.00,'2026-04-11 12:44:54',NULL,'OVR',30.00,6,1,0,4,16,''),('TRK0000059',14,16,10.00,8.00,6.00,'2026-04-11 12:44:54',NULL,'GEN',1.50,1,0,0,5,17,''),('TRK0000060',15,17,12.00,10.00,8.00,'2026-04-11 12:44:54',NULL,'EXP',2.40,3,0,0,2,18,''),('TRK0000061',16,18,18.00,14.00,10.00,'2026-04-11 12:44:54',NULL,'GEN',13.00,7,0,0,2,19,''),('TRK0000062',17,19,8.00,6.00,4.00,'2026-04-11 12:44:54',NULL,'EXP',0.70,5,0,0,3,20,''),('TRK0000063',18,20,30.00,24.00,18.00,'2026-04-11 12:44:54',NULL,'OVR',48.00,4,1,1,2,21,''),('TRK0000064',19,1,10.00,8.00,6.00,'2026-04-11 12:44:54',NULL,'GEN',3.40,2,0,0,2,2,''),('TRK0000065',20,2,12.00,10.00,8.00,'2026-04-11 12:44:54',NULL,'EXP',1.10,6,0,0,2,3,''),('TRK0000066',7,11,10.00,8.00,6.00,'2026-04-11 13:24:45',NULL,'GEN',3.20,3,0,0,4,12,''),('TRK0000067',8,12,12.00,10.00,8.00,'2026-04-11 13:24:45',NULL,'EXP',1.50,4,0,0,4,13,''),('TRK0000068',14,1,18.00,14.00,10.00,'2026-04-11 13:24:45',NULL,'GEN',8.50,5,0,0,4,2,''),('TRK0000069',3,14,24.00,18.00,12.00,'2026-04-11 13:24:45',NULL,'OVR',22.00,6,1,1,4,15,''),('TRK0000070',11,8,10.00,8.00,6.00,'2026-04-11 13:24:45',NULL,'EXP',0.80,2,0,0,2,9,''),('TRK0000071',7,15,12.00,10.00,8.00,'2026-04-11 13:24:45',NULL,'GEN',5.00,3,0,0,4,16,''),('TRK0000072',14,20,18.00,14.00,10.00,'2026-04-11 13:24:45',NULL,'EXP',3.80,5,0,0,4,21,''),('TRK0000073',9,13,10.00,8.00,6.00,'2026-04-11 13:24:45',NULL,'GEN',2.10,2,0,0,4,14,''),('TRK0000074',10,14,12.00,10.00,8.00,'2026-04-11 13:24:45',NULL,'EXP',4.20,4,0,1,4,15,''),('TRK0000075',15,2,18.00,14.00,10.00,'2026-04-11 13:24:45',NULL,'GEN',9.00,6,0,0,4,3,''),('TRK0000076',5,15,24.00,18.00,12.00,'2026-04-11 13:24:45',NULL,'OVR',28.00,7,1,0,4,16,''),('TRK0000077',20,9,10.00,8.00,6.00,'2026-04-11 13:24:45',NULL,'EXP',1.20,3,0,0,4,10,''),('TRK0000078',10,16,12.00,10.00,8.00,'2026-04-11 13:24:45',NULL,'GEN',6.50,4,0,0,4,17,''),('TRK0000079',15,3,18.00,14.00,10.00,'2026-04-11 13:24:45',NULL,'EXP',2.90,5,0,0,2,4,''),('TRK0000080',1,6,10.00,8.00,6.00,'2026-04-11 13:24:45',NULL,'GEN',3.50,4,0,0,7,7,''),('TRK0000081',3,8,12.00,10.00,8.00,'2026-04-11 13:24:45',NULL,'EXP',1.80,6,0,0,7,9,''),('TRK0000082',12,5,18.00,14.00,10.00,'2026-04-11 13:24:45',NULL,'OVR',20.00,8,1,0,7,6,''),('TRK0000083',2,7,10.00,8.00,6.00,'2026-04-11 13:24:45',NULL,'GEN',2.20,3,0,0,6,8,''),('TRK0000084',4,9,12.00,10.00,8.00,'2026-04-11 13:24:45',NULL,'EXP',3.10,5,0,1,6,10,''),('TRK0000085',16,4,18.00,14.00,10.00,'2026-04-11 13:24:45',NULL,'GEN',7.80,7,0,0,6,5,''),('TRK0000086',10,21,19.00,8.00,7.60,'2026-04-13 17:21:45',NULL,'OVR',30.00,7,1,0,1,22,''),('TRK0000087',10,22,8.00,9.00,8.00,'2026-04-13 17:27:43',NULL,'OVR',19.96,6,1,0,1,23,''),('TRK0000088',10,22,9.00,8.00,8.00,'2026-04-13 17:39:19',NULL,'OVR',20.00,6,1,0,1,23,''),('TRK0000089',10,23,9.00,9.00,8.00,'2026-04-14 11:34:17',NULL,'OVR',20.00,3,1,0,1,24,'');
/*!40000 ALTER TABLE `package` ENABLE KEYS */;
UNLOCK TABLES;

--
-- Table structure for table `package_excess_fee`
--

DROP TABLE IF EXISTS `package_excess_fee`;
/*!40101 SET @saved_cs_client     = @@character_set_client */;
/*!50503 SET character_set_client = utf8mb4 */;
CREATE TABLE `package_excess_fee` (
  `Tracking_Number` varchar(10) NOT NULL,
  `Fee_Type_Code` varchar(50) NOT NULL,
  `Date_Created` datetime NOT NULL DEFAULT CURRENT_TIMESTAMP,
  `Date_Updated` datetime DEFAULT NULL ON UPDATE CURRENT_TIMESTAMP,
  PRIMARY KEY (`Tracking_Number`,`Fee_Type_Code`),
  KEY `Fee_Type_Code` (`Fee_Type_Code`),
  CONSTRAINT `package_excess_fee_ibfk_1` FOREIGN KEY (`Tracking_Number`) REFERENCES `package` (`Tracking_Number`),
  CONSTRAINT `package_excess_fee_ibfk_2` FOREIGN KEY (`Fee_Type_Code`) REFERENCES `excess_fee` (`Fee_Type_Code`)
) ENGINE=InnoDB DEFAULT CHARSET=utf8mb4 COLLATE=utf8mb4_0900_ai_ci;
/*!40101 SET character_set_client = @saved_cs_client */;

--
-- Dumping data for table `package_excess_fee`
--

LOCK TABLES `package_excess_fee` WRITE;
/*!40000 ALTER TABLE `package_excess_fee` DISABLE KEYS */;
INSERT INTO `package_excess_fee` VALUES ('TRK0000001','FRAG','2026-04-11 23:32:27',NULL),('TRK0000001','FUEL','2026-04-11 23:32:27',NULL),('TRK0000002','FUEL','2026-04-11 23:32:27',NULL),('TRK0000002','HAZ','2026-04-11 23:32:27',NULL),('TRK0000003','FRAG','2026-04-11 23:32:27',NULL),('TRK0000011','FUEL','2026-04-11 23:32:27',NULL),('TRK0000011','SIG','2026-04-11 23:32:27',NULL),('TRK0000013','HAZ','2026-04-11 23:32:27',NULL);
/*!40000 ALTER TABLE `package_excess_fee` ENABLE KEYS */;
UNLOCK TABLES;

--
-- Table structure for table `package_pickup`
--

DROP TABLE IF EXISTS `package_pickup`;
/*!40101 SET @saved_cs_client     = @@character_set_client */;
/*!50503 SET character_set_client = utf8mb4 */;
CREATE TABLE `package_pickup` (
  `Tracking_Number` varchar(20) NOT NULL,
  `Recipient_ID` int NOT NULL,
  `Post_Office_ID` int NOT NULL,
  `Arrival_Time` datetime DEFAULT NULL,
  `Pickup_Time` datetime DEFAULT NULL,
  `Is_picked_Up` enum('1','0') NOT NULL DEFAULT '0',
  `Late_Fee_Amount` decimal(10,2) NOT NULL DEFAULT '0.00',
  PRIMARY KEY (`Tracking_Number`),
  KEY `fk_package_pickup_recipient` (`Recipient_ID`),
  KEY `fk_package_pickup_post_office` (`Post_Office_ID`),
  CONSTRAINT `fk_package_pickup_package` FOREIGN KEY (`Tracking_Number`) REFERENCES `package` (`Tracking_Number`),
  CONSTRAINT `fk_package_pickup_post_office` FOREIGN KEY (`Post_Office_ID`) REFERENCES `post_office` (`Post_Office_ID`),
  CONSTRAINT `fk_package_pickup_recipient` FOREIGN KEY (`Recipient_ID`) REFERENCES `customer` (`Customer_ID`)
) ENGINE=InnoDB DEFAULT CHARSET=utf8mb4 COLLATE=utf8mb4_0900_ai_ci;
/*!40101 SET character_set_client = @saved_cs_client */;

--
-- Dumping data for table `package_pickup`
--

LOCK TABLES `package_pickup` WRITE;
/*!40000 ALTER TABLE `package_pickup` DISABLE KEYS */;
/*!40000 ALTER TABLE `package_pickup` ENABLE KEYS */;
UNLOCK TABLES;

--
-- Table structure for table `package_pricing`
--

DROP TABLE IF EXISTS `package_pricing`;
/*!40101 SET @saved_cs_client     = @@character_set_client */;
/*!50503 SET character_set_client = utf8mb4 */;
CREATE TABLE `package_pricing` (
  `Pricing_ID` int NOT NULL AUTO_INCREMENT,
  `Package_Type_Code` varchar(50) NOT NULL,
  `Min_Weight` decimal(10,2) NOT NULL DEFAULT '0.00',
  `Max_Weight` decimal(10,2) NOT NULL DEFAULT '0.00',
  `Zone` tinyint NOT NULL,
  `Price` decimal(10,2) NOT NULL,
  `Max_Cubic_Inches` decimal(10,2) DEFAULT NULL,
  `Date_Created` datetime NOT NULL DEFAULT CURRENT_TIMESTAMP,
  `Date_Updated` datetime DEFAULT NULL ON UPDATE CURRENT_TIMESTAMP,
  PRIMARY KEY (`Pricing_ID`),
  KEY `Package_Type_Code` (`Package_Type_Code`),
  CONSTRAINT `package_pricing_ibfk_1` FOREIGN KEY (`Package_Type_Code`) REFERENCES `package_type` (`Package_Type_Code`) ON DELETE CASCADE,
  CONSTRAINT `package_pricing_chk_1` CHECK ((`Zone` between 1 and 9))
) ENGINE=InnoDB AUTO_INCREMENT=270 DEFAULT CHARSET=utf8mb4 COLLATE=utf8mb4_0900_ai_ci;
/*!40101 SET character_set_client = @saved_cs_client */;

--
-- Dumping data for table `package_pricing`
--

LOCK TABLES `package_pricing` WRITE;
/*!40000 ALTER TABLE `package_pricing` DISABLE KEYS */;
INSERT INTO `package_pricing` VALUES (27,'EXP',0.00,10.00,1,12.00,64.00,'2026-04-08 11:57:23',NULL),(28,'EXP',10.00,20.00,1,12.25,64.00,'2026-04-08 11:57:23',NULL),(29,'EXP',20.00,30.00,1,12.50,64.00,'2026-04-08 11:57:23',NULL),(30,'EXP',0.00,10.00,1,13.00,512.00,'2026-04-08 11:57:23',NULL),(31,'EXP',10.00,20.00,1,13.25,512.00,'2026-04-08 11:57:23',NULL),(32,'EXP',20.00,30.00,1,13.50,512.00,'2026-04-08 11:57:23',NULL),(33,'EXP',0.00,10.00,1,14.00,1728.00,'2026-04-08 11:57:23',NULL),(34,'EXP',10.00,20.00,1,14.25,1728.00,'2026-04-08 11:57:23',NULL),(35,'EXP',20.00,30.00,1,14.50,1728.00,'2026-04-08 11:57:23',NULL),(36,'EXP',0.00,10.00,2,15.00,64.00,'2026-04-08 11:57:23',NULL),(37,'EXP',10.00,20.00,2,15.25,64.00,'2026-04-08 11:57:23',NULL),(38,'EXP',20.00,30.00,2,15.50,64.00,'2026-04-08 11:57:23',NULL),(39,'EXP',0.00,10.00,2,16.00,512.00,'2026-04-08 11:57:23',NULL),(40,'EXP',10.00,20.00,2,16.25,512.00,'2026-04-08 11:57:23',NULL),(41,'EXP',20.00,30.00,2,16.50,512.00,'2026-04-08 11:57:23',NULL),(42,'EXP',0.00,10.00,2,17.00,1728.00,'2026-04-08 11:57:23',NULL),(43,'EXP',10.00,20.00,2,17.25,1728.00,'2026-04-08 11:57:23',NULL),(44,'EXP',20.00,30.00,2,17.50,1728.00,'2026-04-08 11:57:23',NULL),(45,'EXP',0.00,10.00,3,18.00,64.00,'2026-04-08 11:57:23',NULL),(46,'EXP',10.00,20.00,3,18.25,64.00,'2026-04-08 11:57:23',NULL),(47,'EXP',20.00,30.00,3,18.50,64.00,'2026-04-08 11:57:23',NULL),(48,'EXP',0.00,10.00,3,19.00,512.00,'2026-04-08 11:57:23',NULL),(49,'EXP',10.00,20.00,3,19.25,512.00,'2026-04-08 11:57:23',NULL),(50,'EXP',20.00,30.00,3,19.50,512.00,'2026-04-08 11:57:23',NULL),(51,'EXP',0.00,10.00,3,20.00,1728.00,'2026-04-08 11:57:23',NULL),(52,'EXP',10.00,20.00,3,20.25,1728.00,'2026-04-08 11:57:23',NULL),(53,'EXP',20.00,30.00,3,20.50,1728.00,'2026-04-08 11:57:23',NULL),(54,'EXP',0.00,10.00,4,21.00,64.00,'2026-04-08 11:57:23',NULL),(55,'EXP',10.00,20.00,4,21.25,64.00,'2026-04-08 11:57:23',NULL),(56,'EXP',20.00,30.00,4,21.50,64.00,'2026-04-08 11:57:23',NULL),(57,'EXP',0.00,10.00,4,22.00,512.00,'2026-04-08 11:57:23',NULL),(58,'EXP',10.00,20.00,4,22.25,512.00,'2026-04-08 11:57:23',NULL),(59,'EXP',20.00,30.00,4,22.50,512.00,'2026-04-08 11:57:23',NULL),(60,'EXP',0.00,10.00,4,23.00,1728.00,'2026-04-08 11:57:23',NULL),(61,'EXP',10.00,20.00,4,23.25,1728.00,'2026-04-08 11:57:23',NULL),(62,'EXP',20.00,30.00,4,23.50,1728.00,'2026-04-08 11:57:23',NULL),(63,'EXP',0.00,10.00,5,24.00,64.00,'2026-04-08 11:57:23',NULL),(64,'EXP',10.00,20.00,5,24.25,64.00,'2026-04-08 11:57:23',NULL),(65,'EXP',20.00,30.00,5,24.50,64.00,'2026-04-08 11:57:23',NULL),(66,'EXP',0.00,10.00,5,25.00,512.00,'2026-04-08 11:57:23',NULL),(67,'EXP',10.00,20.00,5,25.25,512.00,'2026-04-08 11:57:23',NULL),(68,'EXP',20.00,30.00,5,25.50,512.00,'2026-04-08 11:57:23',NULL),(69,'EXP',0.00,10.00,5,26.00,1728.00,'2026-04-08 11:57:23',NULL),(70,'EXP',10.00,20.00,5,26.25,1728.00,'2026-04-08 11:57:23',NULL),(71,'EXP',20.00,30.00,5,26.50,1728.00,'2026-04-08 11:57:23',NULL),(72,'EXP',0.00,10.00,6,27.00,64.00,'2026-04-08 11:57:23',NULL),(73,'EXP',10.00,20.00,6,27.25,64.00,'2026-04-08 11:57:23',NULL),(74,'EXP',20.00,30.00,6,27.50,64.00,'2026-04-08 11:57:23',NULL),(75,'EXP',0.00,10.00,6,28.00,512.00,'2026-04-08 11:57:23',NULL),(76,'EXP',10.00,20.00,6,28.25,512.00,'2026-04-08 11:57:23',NULL),(77,'EXP',20.00,30.00,6,28.50,512.00,'2026-04-08 11:57:23',NULL),(78,'EXP',0.00,10.00,6,29.00,1728.00,'2026-04-08 11:57:23',NULL),(79,'EXP',10.00,20.00,6,29.25,1728.00,'2026-04-08 11:57:23',NULL),(80,'EXP',20.00,30.00,6,29.50,1728.00,'2026-04-08 11:57:23',NULL),(81,'EXP',0.00,10.00,7,30.00,64.00,'2026-04-08 11:57:23',NULL),(82,'EXP',10.00,20.00,7,30.25,64.00,'2026-04-08 11:57:23',NULL),(83,'EXP',20.00,30.00,7,30.50,64.00,'2026-04-08 11:57:23',NULL),(84,'EXP',0.00,10.00,7,31.00,512.00,'2026-04-08 11:57:23',NULL),(85,'EXP',10.00,20.00,7,31.25,512.00,'2026-04-08 11:57:23',NULL),(86,'EXP',20.00,30.00,7,31.50,512.00,'2026-04-08 11:57:23',NULL),(87,'EXP',0.00,10.00,7,32.00,1728.00,'2026-04-08 11:57:23',NULL),(88,'EXP',10.00,20.00,7,32.25,1728.00,'2026-04-08 11:57:23',NULL),(89,'EXP',20.00,30.00,7,32.50,1728.00,'2026-04-08 11:57:23',NULL),(90,'EXP',0.00,10.00,8,33.00,64.00,'2026-04-08 11:57:23',NULL),(91,'EXP',10.00,20.00,8,33.25,64.00,'2026-04-08 11:57:23',NULL),(92,'EXP',20.00,30.00,8,33.50,64.00,'2026-04-08 11:57:23',NULL),(93,'EXP',0.00,10.00,8,34.00,512.00,'2026-04-08 11:57:23',NULL),(94,'EXP',10.00,20.00,8,34.25,512.00,'2026-04-08 11:57:23',NULL),(95,'EXP',20.00,30.00,8,34.50,512.00,'2026-04-08 11:57:23',NULL),(96,'EXP',0.00,10.00,8,35.00,1728.00,'2026-04-08 11:57:23',NULL),(97,'EXP',10.00,20.00,8,35.25,1728.00,'2026-04-08 11:57:23',NULL),(98,'EXP',20.00,30.00,8,35.50,1728.00,'2026-04-08 11:57:23',NULL),(99,'EXP',0.00,10.00,9,36.00,64.00,'2026-04-08 11:57:23',NULL),(100,'EXP',10.00,20.00,9,36.25,64.00,'2026-04-08 11:57:23',NULL),(101,'EXP',20.00,30.00,9,36.50,64.00,'2026-04-08 11:57:23',NULL),(102,'EXP',0.00,10.00,9,37.00,512.00,'2026-04-08 11:57:23',NULL),(103,'EXP',10.00,20.00,9,37.25,512.00,'2026-04-08 11:57:23',NULL),(104,'EXP',20.00,30.00,9,37.50,512.00,'2026-04-08 11:57:23',NULL),(105,'EXP',0.00,10.00,9,38.00,1728.00,'2026-04-08 11:57:23',NULL),(106,'EXP',10.00,20.00,9,38.25,1728.00,'2026-04-08 11:57:23',NULL),(107,'EXP',20.00,30.00,9,38.50,1728.00,'2026-04-08 11:57:23',NULL),(108,'GEN',0.00,10.00,1,6.00,64.00,'2026-04-08 11:57:23',NULL),(109,'GEN',10.00,20.00,1,6.25,64.00,'2026-04-08 11:57:23',NULL),(110,'GEN',20.00,30.00,1,6.50,64.00,'2026-04-08 11:57:23',NULL),(111,'GEN',0.00,10.00,1,7.00,512.00,'2026-04-08 11:57:23',NULL),(112,'GEN',10.00,20.00,1,7.25,512.00,'2026-04-08 11:57:23',NULL),(113,'GEN',20.00,30.00,1,7.50,512.00,'2026-04-08 11:57:23',NULL),(114,'GEN',0.00,10.00,1,8.00,1728.00,'2026-04-08 11:57:23',NULL),(115,'GEN',10.00,20.00,1,8.25,1728.00,'2026-04-08 11:57:23',NULL),(116,'GEN',20.00,30.00,1,8.50,1728.00,'2026-04-08 11:57:23',NULL),(117,'GEN',0.00,10.00,2,9.00,64.00,'2026-04-08 11:57:23',NULL),(118,'GEN',10.00,20.00,2,9.25,64.00,'2026-04-08 11:57:23',NULL),(119,'GEN',20.00,30.00,2,9.50,64.00,'2026-04-08 11:57:23',NULL),(120,'GEN',0.00,10.00,2,10.00,512.00,'2026-04-08 11:57:23',NULL),(121,'GEN',10.00,20.00,2,10.25,512.00,'2026-04-08 11:57:23',NULL),(122,'GEN',20.00,30.00,2,10.50,512.00,'2026-04-08 11:57:23',NULL),(123,'GEN',0.00,10.00,2,11.00,1728.00,'2026-04-08 11:57:23',NULL),(124,'GEN',10.00,20.00,2,11.25,1728.00,'2026-04-08 11:57:23',NULL),(125,'GEN',20.00,30.00,2,11.50,1728.00,'2026-04-08 11:57:23',NULL),(126,'GEN',0.00,10.00,3,12.00,64.00,'2026-04-08 11:57:23',NULL),(127,'GEN',10.00,20.00,3,12.25,64.00,'2026-04-08 11:57:23',NULL),(128,'GEN',20.00,30.00,3,12.50,64.00,'2026-04-08 11:57:23',NULL),(129,'GEN',0.00,10.00,3,13.00,512.00,'2026-04-08 11:57:23',NULL),(130,'GEN',10.00,20.00,3,13.25,512.00,'2026-04-08 11:57:23',NULL),(131,'GEN',20.00,30.00,3,13.50,512.00,'2026-04-08 11:57:23',NULL),(132,'GEN',0.00,10.00,3,14.00,1728.00,'2026-04-08 11:57:23',NULL),(133,'GEN',10.00,20.00,3,14.25,1728.00,'2026-04-08 11:57:23',NULL),(134,'GEN',20.00,30.00,3,14.50,1728.00,'2026-04-08 11:57:23',NULL),(135,'GEN',0.00,10.00,4,15.00,64.00,'2026-04-08 11:57:23',NULL),(136,'GEN',10.00,20.00,4,15.25,64.00,'2026-04-08 11:57:23',NULL),(137,'GEN',20.00,30.00,4,15.50,64.00,'2026-04-08 11:57:23',NULL),(138,'GEN',0.00,10.00,4,16.00,512.00,'2026-04-08 11:57:23',NULL),(139,'GEN',10.00,20.00,4,16.25,512.00,'2026-04-08 11:57:23',NULL),(140,'GEN',20.00,30.00,4,16.50,512.00,'2026-04-08 11:57:23',NULL),(141,'GEN',0.00,10.00,4,17.00,1728.00,'2026-04-08 11:57:23',NULL),(142,'GEN',10.00,20.00,4,17.25,1728.00,'2026-04-08 11:57:23',NULL),(143,'GEN',20.00,30.00,4,17.50,1728.00,'2026-04-08 11:57:23',NULL),(144,'GEN',0.00,10.00,5,18.00,64.00,'2026-04-08 11:57:23',NULL),(145,'GEN',10.00,20.00,5,18.25,64.00,'2026-04-08 11:57:23',NULL),(146,'GEN',20.00,30.00,5,18.50,64.00,'2026-04-08 11:57:23',NULL),(147,'GEN',0.00,10.00,5,19.00,512.00,'2026-04-08 11:57:23',NULL),(148,'GEN',10.00,20.00,5,19.25,512.00,'2026-04-08 11:57:23',NULL),(149,'GEN',20.00,30.00,5,19.50,512.00,'2026-04-08 11:57:23',NULL),(150,'GEN',0.00,10.00,5,20.00,1728.00,'2026-04-08 11:57:23',NULL),(151,'GEN',10.00,20.00,5,20.25,1728.00,'2026-04-08 11:57:23',NULL),(152,'GEN',20.00,30.00,5,20.50,1728.00,'2026-04-08 11:57:23',NULL),(153,'GEN',0.00,10.00,6,21.00,64.00,'2026-04-08 11:57:23',NULL),(154,'GEN',10.00,20.00,6,21.25,64.00,'2026-04-08 11:57:23',NULL),(155,'GEN',20.00,30.00,6,21.50,64.00,'2026-04-08 11:57:23',NULL),(156,'GEN',0.00,10.00,6,22.00,512.00,'2026-04-08 11:57:23',NULL),(157,'GEN',10.00,20.00,6,22.25,512.00,'2026-04-08 11:57:23',NULL),(158,'GEN',20.00,30.00,6,22.50,512.00,'2026-04-08 11:57:23',NULL),(159,'GEN',0.00,10.00,6,23.00,1728.00,'2026-04-08 11:57:23',NULL),(160,'GEN',10.00,20.00,6,23.25,1728.00,'2026-04-08 11:57:23',NULL),(161,'GEN',20.00,30.00,6,23.50,1728.00,'2026-04-08 11:57:23',NULL),(162,'GEN',0.00,10.00,7,24.00,64.00,'2026-04-08 11:57:23',NULL),(163,'GEN',10.00,20.00,7,24.25,64.00,'2026-04-08 11:57:23',NULL),(164,'GEN',20.00,30.00,7,24.50,64.00,'2026-04-08 11:57:23',NULL),(165,'GEN',0.00,10.00,7,25.00,512.00,'2026-04-08 11:57:23',NULL),(166,'GEN',10.00,20.00,7,25.25,512.00,'2026-04-08 11:57:23',NULL),(167,'GEN',20.00,30.00,7,25.50,512.00,'2026-04-08 11:57:23',NULL),(168,'GEN',0.00,10.00,7,26.00,1728.00,'2026-04-08 11:57:23',NULL),(169,'GEN',10.00,20.00,7,26.25,1728.00,'2026-04-08 11:57:23',NULL),(170,'GEN',20.00,30.00,7,26.50,1728.00,'2026-04-08 11:57:23',NULL),(171,'GEN',0.00,10.00,8,27.00,64.00,'2026-04-08 11:57:23',NULL),(172,'GEN',10.00,20.00,8,27.25,64.00,'2026-04-08 11:57:23',NULL),(173,'GEN',20.00,30.00,8,27.50,64.00,'2026-04-08 11:57:23',NULL),(174,'GEN',0.00,10.00,8,28.00,512.00,'2026-04-08 11:57:23',NULL),(175,'GEN',10.00,20.00,8,28.25,512.00,'2026-04-08 11:57:23',NULL),(176,'GEN',20.00,30.00,8,28.50,512.00,'2026-04-08 11:57:23',NULL),(177,'GEN',0.00,10.00,8,29.00,1728.00,'2026-04-08 11:57:23',NULL),(178,'GEN',10.00,20.00,8,29.25,1728.00,'2026-04-08 11:57:23',NULL),(179,'GEN',20.00,30.00,8,29.50,1728.00,'2026-04-08 11:57:23',NULL),(180,'GEN',0.00,10.00,9,30.00,64.00,'2026-04-08 11:57:23',NULL),(181,'GEN',10.00,20.00,9,30.25,64.00,'2026-04-08 11:57:23',NULL),(182,'GEN',20.00,30.00,9,30.50,64.00,'2026-04-08 11:57:23',NULL),(183,'GEN',0.00,10.00,9,31.00,512.00,'2026-04-08 11:57:23',NULL),(184,'GEN',10.00,20.00,9,31.25,512.00,'2026-04-08 11:57:23',NULL),(185,'GEN',20.00,30.00,9,31.50,512.00,'2026-04-08 11:57:23',NULL),(186,'GEN',0.00,10.00,9,32.00,1728.00,'2026-04-08 11:57:23',NULL),(187,'GEN',10.00,20.00,9,32.25,1728.00,'2026-04-08 11:57:23',NULL),(188,'GEN',20.00,30.00,9,32.50,1728.00,'2026-04-08 11:57:23',NULL),(189,'OVR',0.00,10.00,1,20.00,64.00,'2026-04-08 11:57:23',NULL),(190,'OVR',10.00,20.00,1,20.25,64.00,'2026-04-08 11:57:23',NULL),(191,'OVR',20.00,30.00,1,20.50,64.00,'2026-04-08 11:57:23',NULL),(192,'OVR',0.00,10.00,1,21.00,512.00,'2026-04-08 11:57:23',NULL),(193,'OVR',10.00,20.00,1,21.25,512.00,'2026-04-08 11:57:23',NULL),(194,'OVR',20.00,30.00,1,21.50,512.00,'2026-04-08 11:57:23',NULL),(195,'OVR',0.00,10.00,1,22.00,1728.00,'2026-04-08 11:57:23',NULL),(196,'OVR',10.00,20.00,1,22.25,1728.00,'2026-04-08 11:57:23',NULL),(197,'OVR',20.00,30.00,1,22.50,1728.00,'2026-04-08 11:57:23',NULL),(198,'OVR',0.00,10.00,2,23.00,64.00,'2026-04-08 11:57:23',NULL),(199,'OVR',10.00,20.00,2,23.25,64.00,'2026-04-08 11:57:23',NULL),(200,'OVR',20.00,30.00,2,23.50,64.00,'2026-04-08 11:57:23',NULL),(201,'OVR',0.00,10.00,2,24.00,512.00,'2026-04-08 11:57:23',NULL),(202,'OVR',10.00,20.00,2,24.25,512.00,'2026-04-08 11:57:23',NULL),(203,'OVR',20.00,30.00,2,24.50,512.00,'2026-04-08 11:57:23',NULL),(204,'OVR',0.00,10.00,2,25.00,1728.00,'2026-04-08 11:57:23',NULL),(205,'OVR',10.00,20.00,2,25.25,1728.00,'2026-04-08 11:57:23',NULL),(206,'OVR',20.00,30.00,2,25.50,1728.00,'2026-04-08 11:57:23',NULL),(207,'OVR',0.00,10.00,3,26.00,64.00,'2026-04-08 11:57:23',NULL),(208,'OVR',10.00,20.00,3,26.25,64.00,'2026-04-08 11:57:23',NULL),(209,'OVR',20.00,30.00,3,26.50,64.00,'2026-04-08 11:57:23',NULL),(210,'OVR',0.00,10.00,3,27.00,512.00,'2026-04-08 11:57:23',NULL),(211,'OVR',10.00,20.00,3,27.25,512.00,'2026-04-08 11:57:23',NULL),(212,'OVR',20.00,30.00,3,27.50,512.00,'2026-04-08 11:57:23',NULL),(213,'OVR',0.00,10.00,3,28.00,1728.00,'2026-04-08 11:57:23',NULL),(214,'OVR',10.00,20.00,3,28.25,1728.00,'2026-04-08 11:57:23',NULL),(215,'OVR',20.00,30.00,3,28.50,1728.00,'2026-04-08 11:57:23',NULL),(216,'OVR',0.00,10.00,4,29.00,64.00,'2026-04-08 11:57:23',NULL),(217,'OVR',10.00,20.00,4,29.25,64.00,'2026-04-08 11:57:23',NULL),(218,'OVR',20.00,30.00,4,29.50,64.00,'2026-04-08 11:57:23',NULL),(219,'OVR',0.00,10.00,4,30.00,512.00,'2026-04-08 11:57:23',NULL),(220,'OVR',10.00,20.00,4,30.25,512.00,'2026-04-08 11:57:23',NULL),(221,'OVR',20.00,30.00,4,30.50,512.00,'2026-04-08 11:57:23',NULL),(222,'OVR',0.00,10.00,4,31.00,1728.00,'2026-04-08 11:57:23',NULL),(223,'OVR',10.00,20.00,4,31.25,1728.00,'2026-04-08 11:57:23',NULL),(224,'OVR',20.00,30.00,4,31.50,1728.00,'2026-04-08 11:57:23',NULL),(225,'OVR',0.00,10.00,5,32.00,64.00,'2026-04-08 11:57:23',NULL),(226,'OVR',10.00,20.00,5,32.25,64.00,'2026-04-08 11:57:23',NULL),(227,'OVR',20.00,30.00,5,32.50,64.00,'2026-04-08 11:57:23',NULL),(228,'OVR',0.00,10.00,5,33.00,512.00,'2026-04-08 11:57:23',NULL),(229,'OVR',10.00,20.00,5,33.25,512.00,'2026-04-08 11:57:23',NULL),(230,'OVR',20.00,30.00,5,33.50,512.00,'2026-04-08 11:57:23',NULL),(231,'OVR',0.00,10.00,5,34.00,1728.00,'2026-04-08 11:57:23',NULL),(232,'OVR',10.00,20.00,5,34.25,1728.00,'2026-04-08 11:57:23',NULL),(233,'OVR',20.00,30.00,5,34.50,1728.00,'2026-04-08 11:57:23',NULL),(234,'OVR',0.00,10.00,6,35.00,64.00,'2026-04-08 11:57:23',NULL),(235,'OVR',10.00,20.00,6,35.25,64.00,'2026-04-08 11:57:23',NULL),(236,'OVR',20.00,30.00,6,35.50,64.00,'2026-04-08 11:57:23',NULL),(237,'OVR',0.00,10.00,6,36.00,512.00,'2026-04-08 11:57:23',NULL),(238,'OVR',10.00,20.00,6,36.25,512.00,'2026-04-08 11:57:23',NULL),(239,'OVR',20.00,30.00,6,36.50,512.00,'2026-04-08 11:57:23',NULL),(240,'OVR',0.00,10.00,6,37.00,1728.00,'2026-04-08 11:57:23',NULL),(241,'OVR',10.00,20.00,6,37.25,1728.00,'2026-04-08 11:57:23',NULL),(242,'OVR',20.00,30.00,6,37.50,1728.00,'2026-04-08 11:57:23',NULL),(243,'OVR',0.00,10.00,7,38.00,64.00,'2026-04-08 11:57:23',NULL),(244,'OVR',10.00,20.00,7,38.25,64.00,'2026-04-08 11:57:23',NULL),(245,'OVR',20.00,30.00,7,38.50,64.00,'2026-04-08 11:57:23',NULL),(246,'OVR',0.00,10.00,7,39.00,512.00,'2026-04-08 11:57:23',NULL),(247,'OVR',10.00,20.00,7,39.25,512.00,'2026-04-08 11:57:23',NULL),(248,'OVR',20.00,30.00,7,39.50,512.00,'2026-04-08 11:57:23',NULL),(249,'OVR',0.00,10.00,7,40.00,1728.00,'2026-04-08 11:57:23',NULL),(250,'OVR',10.00,20.00,7,40.25,1728.00,'2026-04-08 11:57:23',NULL),(251,'OVR',20.00,30.00,7,40.50,1728.00,'2026-04-08 11:57:23',NULL),(252,'OVR',0.00,10.00,8,41.00,64.00,'2026-04-08 11:57:23',NULL),(253,'OVR',10.00,20.00,8,41.25,64.00,'2026-04-08 11:57:23',NULL),(254,'OVR',20.00,30.00,8,41.50,64.00,'2026-04-08 11:57:23',NULL),(255,'OVR',0.00,10.00,8,42.00,512.00,'2026-04-08 11:57:23',NULL),(256,'OVR',10.00,20.00,8,42.25,512.00,'2026-04-08 11:57:23',NULL),(257,'OVR',20.00,30.00,8,42.50,512.00,'2026-04-08 11:57:23',NULL),(258,'OVR',0.00,10.00,8,43.00,1728.00,'2026-04-08 11:57:23',NULL),(259,'OVR',10.00,20.00,8,43.25,1728.00,'2026-04-08 11:57:23',NULL),(260,'OVR',20.00,30.00,8,43.50,1728.00,'2026-04-08 11:57:23',NULL),(261,'OVR',0.00,10.00,9,44.00,64.00,'2026-04-08 11:57:23',NULL),(262,'OVR',10.00,20.00,9,44.25,64.00,'2026-04-08 11:57:23',NULL),(263,'OVR',20.00,30.00,9,44.50,64.00,'2026-04-08 11:57:23',NULL),(264,'OVR',0.00,10.00,9,45.00,512.00,'2026-04-08 11:57:23',NULL),(265,'OVR',10.00,20.00,9,45.25,512.00,'2026-04-08 11:57:23',NULL),(266,'OVR',20.00,30.00,9,45.50,512.00,'2026-04-08 11:57:23',NULL),(267,'OVR',0.00,10.00,9,46.00,1728.00,'2026-04-08 11:57:23',NULL),(268,'OVR',10.00,20.00,9,46.25,1728.00,'2026-04-08 11:57:23',NULL),(269,'OVR',20.00,30.00,9,46.50,1728.00,'2026-04-08 11:57:23',NULL);
/*!40000 ALTER TABLE `package_pricing` ENABLE KEYS */;
UNLOCK TABLES;

--
-- Table structure for table `package_type`
--

DROP TABLE IF EXISTS `package_type`;
/*!40101 SET @saved_cs_client     = @@character_set_client */;
/*!50503 SET character_set_client = utf8mb4 */;
CREATE TABLE `package_type` (
  `Package_Type_Code` varchar(50) NOT NULL,
  `Description` varchar(255) DEFAULT NULL,
  `Type_Name` enum('oversize','express','general shipping') NOT NULL,
  `Date_Created` datetime NOT NULL DEFAULT CURRENT_TIMESTAMP,
  `Date_Updated` datetime DEFAULT NULL ON UPDATE CURRENT_TIMESTAMP,
  PRIMARY KEY (`Package_Type_Code`),
  UNIQUE KEY `uq_package_type_code` (`Package_Type_Code`)
) ENGINE=InnoDB DEFAULT CHARSET=utf8mb4 COLLATE=utf8mb4_0900_ai_ci;
/*!40101 SET character_set_client = @saved_cs_client */;

--
-- Dumping data for table `package_type`
--

LOCK TABLES `package_type` WRITE;
/*!40000 ALTER TABLE `package_type` DISABLE KEYS */;
INSERT INTO `package_type` VALUES ('EXP','Expedited express delivery','express','2026-04-08 11:57:24',NULL),('GEN','Standard ground delivery','general shipping','2026-04-08 11:57:24',NULL),('OVR','Oversized items exceeding standard','oversize','2026-04-08 11:57:24',NULL);
/*!40000 ALTER TABLE `package_type` ENABLE KEYS */;
UNLOCK TABLES;

--
-- Table structure for table `payment`
--

DROP TABLE IF EXISTS `payment`;
/*!40101 SET @saved_cs_client     = @@character_set_client */;
/*!50503 SET character_set_client = utf8mb4 */;
CREATE TABLE `payment` (
  `Payment_ID` int NOT NULL AUTO_INCREMENT,
  `Customer_ID` int NOT NULL,
  `Payment_Amount` decimal(10,2) NOT NULL,
  `Date_Created` datetime NOT NULL DEFAULT CURRENT_TIMESTAMP,
  `Employee_ID` int DEFAULT NULL,
  `Date_Updated` datetime DEFAULT NULL ON UPDATE CURRENT_TIMESTAMP,
  `Tracking_Number` varchar(10) DEFAULT NULL,
  PRIMARY KEY (`Payment_ID`),
  KEY `Customer_ID` (`Customer_ID`),
  KEY `Employee_ID` (`Employee_ID`),
  KEY `Tracking_Number` (`Tracking_Number`),
  CONSTRAINT `Employee_ID` FOREIGN KEY (`Employee_ID`) REFERENCES `employee` (`Employee_ID`),
  CONSTRAINT `payment_ibfk_1` FOREIGN KEY (`Customer_ID`) REFERENCES `customer` (`Customer_ID`),
  CONSTRAINT `payment_ibfk_2` FOREIGN KEY (`Tracking_Number`) REFERENCES `package` (`Tracking_Number`)
) ENGINE=InnoDB AUTO_INCREMENT=90 DEFAULT CHARSET=utf8mb4 COLLATE=utf8mb4_0900_ai_ci;
/*!40101 SET character_set_client = @saved_cs_client */;

--
-- Dumping data for table `payment`
--

LOCK TABLES `payment` WRITE;
/*!40000 ALTER TABLE `payment` DISABLE KEYS */;
INSERT INTO `payment` VALUES (1,3,8.50,'2026-04-14 23:17:37',NULL,NULL,'TRK0000001'),(2,4,22.00,'2026-04-14 23:17:37',NULL,NULL,'TRK0000002'),(3,5,14.25,'2026-04-14 23:17:37',NULL,NULL,'TRK0000003'),(4,6,65.00,'2026-04-14 23:17:37',NULL,NULL,'TRK0000004'),(5,7,18.75,'2026-04-14 23:17:37',NULL,NULL,'TRK0000005'),(6,8,11.00,'2026-04-14 23:17:37',NULL,NULL,'TRK0000006'),(7,9,7.50,'2026-04-14 23:17:37',NULL,NULL,'TRK0000007'),(8,10,31.50,'2026-04-14 23:17:37',NULL,NULL,'TRK0000008'),(9,1,48.00,'2026-04-14 23:17:37',NULL,NULL,'TRK0000009'),(10,2,5.25,'2026-04-14 23:17:37',NULL,NULL,'TRK0000010'),(11,5,13.00,'2026-04-14 23:17:37',NULL,NULL,'TRK0000011'),(12,7,20.00,'2026-04-14 23:17:37',NULL,NULL,'TRK0000012'),(13,8,82.00,'2026-04-14 23:17:37',NULL,NULL,'TRK0000013'),(14,10,6.75,'2026-04-14 23:17:37',NULL,NULL,'TRK0000014'),(15,1,27.00,'2026-04-14 23:17:37',NULL,NULL,'TRK0000015'),(16,11,10.00,'2026-04-14 23:17:37',NULL,NULL,'TRK0000016'),(17,2,13.00,'2026-04-14 23:17:37',NULL,NULL,'TRK0000017'),(18,12,16.00,'2026-04-14 23:17:37',NULL,NULL,'TRK0000018'),(19,3,9.00,'2026-04-14 23:17:37',NULL,NULL,'TRK0000019'),(20,13,52.00,'2026-04-14 23:17:37',NULL,NULL,'TRK0000020'),(21,4,5.25,'2026-04-14 23:17:37',NULL,NULL,'TRK0000021'),(22,14,24.00,'2026-04-14 23:17:37',NULL,NULL,'TRK0000022'),(23,5,80.00,'2026-04-14 23:17:38',NULL,NULL,'TRK0000023'),(24,15,11.00,'2026-04-14 23:17:38',NULL,NULL,'TRK0000024'),(25,6,26.00,'2026-04-14 23:17:38',NULL,NULL,'TRK0000025'),(26,16,4.50,'2026-04-14 23:17:38',NULL,NULL,'TRK0000026'),(27,7,42.00,'2026-04-14 23:17:38',NULL,NULL,'TRK0000027'),(28,17,16.00,'2026-04-14 23:17:38',NULL,NULL,'TRK0000028'),(29,8,11.00,'2026-04-14 23:17:38',NULL,NULL,'TRK0000029'),(30,18,61.00,'2026-04-14 23:17:38',NULL,NULL,'TRK0000030'),(31,9,10.00,'2026-04-14 23:17:38',NULL,NULL,'TRK0000031'),(32,19,22.00,'2026-04-14 23:17:38',NULL,NULL,'TRK0000032'),(33,10,19.00,'2026-04-14 23:17:38',NULL,NULL,'TRK0000033'),(34,20,15.00,'2026-04-14 23:17:38',NULL,NULL,'TRK0000034'),(35,1,88.00,'2026-04-14 23:17:38',NULL,NULL,'TRK0000035'),(36,2,9.00,'2026-04-14 23:17:38',NULL,NULL,'TRK0000036'),(37,3,28.00,'2026-04-14 23:17:38',NULL,NULL,'TRK0000037'),(38,4,14.00,'2026-04-14 23:17:38',NULL,NULL,'TRK0000038'),(39,5,11.00,'2026-04-14 23:17:38',NULL,NULL,'TRK0000039'),(40,6,46.00,'2026-04-14 23:17:38',NULL,NULL,'TRK0000040'),(41,7,13.00,'2026-04-14 23:17:38',NULL,NULL,'TRK0000041'),(42,8,30.00,'2026-04-14 23:17:38',NULL,NULL,'TRK0000042'),(43,9,74.00,'2026-04-14 23:17:38',NULL,NULL,'TRK0000043'),(44,10,13.00,'2026-04-14 23:17:38',NULL,NULL,'TRK0000044'),(45,11,22.00,'2026-04-14 23:17:38',NULL,NULL,'TRK0000045'),(46,12,4.50,'2026-04-14 23:17:38',NULL,NULL,'TRK0000046'),(47,13,52.00,'2026-04-14 23:17:38',NULL,NULL,'TRK0000047'),(48,14,12.00,'2026-04-14 23:17:38',NULL,NULL,'TRK0000048'),(49,15,28.00,'2026-04-14 23:17:38',NULL,NULL,'TRK0000049'),(50,16,25.00,'2026-04-14 23:17:38',NULL,NULL,'TRK0000050'),(51,17,20.00,'2026-04-14 23:17:38',NULL,NULL,'TRK0000051'),(52,18,66.00,'2026-04-14 23:17:38',NULL,NULL,'TRK0000052'),(53,19,19.00,'2026-04-14 23:17:38',NULL,NULL,'TRK0000053'),(54,11,24.00,'2026-04-14 23:17:38',NULL,NULL,'TRK0000054'),(55,12,68.00,'2026-04-14 23:17:38',NULL,NULL,'TRK0000055'),(56,13,10.00,'2026-04-14 23:17:38',NULL,NULL,'TRK0000056'),(57,14,34.00,'2026-04-14 23:17:38',NULL,NULL,'TRK0000057'),(58,15,56.00,'2026-04-14 23:17:38',NULL,NULL,'TRK0000058'),(59,16,9.00,'2026-04-14 23:17:38',NULL,NULL,'TRK0000059'),(60,17,22.00,'2026-04-14 23:17:38',NULL,NULL,'TRK0000060'),(61,18,25.00,'2026-04-14 23:17:38',NULL,NULL,'TRK0000061'),(62,19,16.50,'2026-04-14 23:17:38',NULL,NULL,'TRK0000062'),(63,20,70.00,'2026-04-14 23:17:38',NULL,NULL,'TRK0000063'),(64,1,10.00,'2026-04-14 23:17:38',NULL,NULL,'TRK0000064'),(65,2,18.00,'2026-04-14 23:17:38',NULL,NULL,'TRK0000065'),(66,3,11.00,'2026-04-14 23:17:38',NULL,NULL,'TRK0000066'),(67,4,24.00,'2026-04-14 23:17:38',NULL,NULL,'TRK0000067'),(68,5,19.00,'2026-04-14 23:17:38',NULL,NULL,'TRK0000068'),(69,6,56.00,'2026-04-14 23:17:38',NULL,NULL,'TRK0000069'),(70,7,20.00,'2026-04-14 23:17:38',NULL,NULL,'TRK0000070'),(71,8,14.00,'2026-04-14 23:17:38',NULL,NULL,'TRK0000071'),(72,9,33.00,'2026-04-14 23:17:38',NULL,NULL,'TRK0000072'),(73,10,10.00,'2026-04-14 23:17:38',NULL,NULL,'TRK0000073'),(74,11,30.00,'2026-04-14 23:17:38',NULL,NULL,'TRK0000074'),(75,12,22.00,'2026-04-14 23:17:38',NULL,NULL,'TRK0000075'),(76,13,85.00,'2026-04-14 23:17:38',NULL,NULL,'TRK0000076'),(77,14,22.00,'2026-04-14 23:17:38',NULL,NULL,'TRK0000077'),(78,15,16.00,'2026-04-14 23:17:39',NULL,NULL,'TRK0000078'),(79,16,33.00,'2026-04-14 23:17:39',NULL,NULL,'TRK0000079'),(80,17,12.00,'2026-04-14 23:17:39',NULL,NULL,'TRK0000080'),(81,18,28.00,'2026-04-14 23:17:39',NULL,NULL,'TRK0000081'),(82,19,68.00,'2026-04-14 23:17:39',NULL,NULL,'TRK0000082'),(83,20,11.00,'2026-04-14 23:17:39',NULL,NULL,'TRK0000083'),(84,21,26.00,'2026-04-14 23:17:39',NULL,NULL,'TRK0000084'),(85,22,25.00,'2026-04-14 23:17:39',NULL,NULL,'TRK0000085'),(86,21,40.75,'2026-04-14 23:17:39',NULL,NULL,'TRK0000086'),(87,22,50.25,'2026-04-14 23:17:39',NULL,NULL,'TRK0000087'),(88,23,37.50,'2026-04-14 23:17:39',NULL,NULL,'TRK0000088'),(89,23,28.50,'2026-04-14 23:17:40',NULL,NULL,'TRK0000089');
/*!40000 ALTER TABLE `payment` ENABLE KEYS */;
UNLOCK TABLES;

--
-- Table structure for table `post_office`
--

DROP TABLE IF EXISTS `post_office`;
/*!40101 SET @saved_cs_client     = @@character_set_client */;
/*!50503 SET character_set_client = utf8mb4 */;
CREATE TABLE `post_office` (
  `Post_Office_ID` int NOT NULL AUTO_INCREMENT,
  `Phone_Number` varchar(20) NOT NULL,
  `Sun_Start_Time` time NOT NULL DEFAULT '00:00:00',
  `Sun_Finish_Time` time NOT NULL DEFAULT '00:00:00',
  `Mon_Start_Time` time NOT NULL DEFAULT '00:00:00',
  `Mon_Finish_Time` time NOT NULL DEFAULT '00:00:00',
  `Tue_Start_Time` time NOT NULL DEFAULT '00:00:00',
  `Tue_Finish_Time` time NOT NULL DEFAULT '00:00:00',
  `Wed_Start_Time` time NOT NULL DEFAULT '00:00:00',
  `Wed_Finish_Time` time NOT NULL DEFAULT '00:00:00',
  `Thu_Start_Time` time NOT NULL DEFAULT '00:00:00',
  `Thu_Finish_Time` time NOT NULL DEFAULT '00:00:00',
  `Fri_Start_Time` time NOT NULL DEFAULT '00:00:00',
  `Fri_Finish_Time` time NOT NULL DEFAULT '00:00:00',
  `Sat_Start_Time` time NOT NULL DEFAULT '00:00:00',
  `Sat_Finish_Time` time NOT NULL DEFAULT '00:00:00',
  `Date_Created` datetime NOT NULL DEFAULT CURRENT_TIMESTAMP,
  `Date_Updated` datetime DEFAULT NULL ON UPDATE CURRENT_TIMESTAMP,
  `Address_ID` int NOT NULL,
  PRIMARY KEY (`Post_Office_ID`),
  KEY `Address_ID` (`Address_ID`),
  CONSTRAINT `post_office_ibfk_1` FOREIGN KEY (`Address_ID`) REFERENCES `address` (`Address_ID`),
  CONSTRAINT `post_office_chk_10` CHECK (((`Thu_Finish_Time` >= '00:00:00') and (`Thu_Finish_Time` <= '23:59:59'))),
  CONSTRAINT `post_office_chk_11` CHECK (((`Fri_Start_Time` >= '00:00:00') and (`Fri_Start_Time` <= '23:59:59'))),
  CONSTRAINT `post_office_chk_12` CHECK (((`Fri_Finish_Time` >= '00:00:00') and (`Fri_Finish_Time` <= '23:59:59'))),
  CONSTRAINT `post_office_chk_13` CHECK (((`Sat_Start_Time` >= '00:00:00') and (`Sat_Start_Time` <= '23:59:59'))),
  CONSTRAINT `post_office_chk_14` CHECK (((`Sat_Finish_Time` >= '00:00:00') and (`Sat_Finish_Time` <= '23:59:59'))),
  CONSTRAINT `post_office_chk_15` CHECK (((`Sun_Start_Time` >= '00:00:00') and (`Sun_Start_Time` <= '23:59:59'))),
  CONSTRAINT `post_office_chk_16` CHECK (((`Sun_Finish_Time` >= '00:00:00') and (`Sun_Finish_Time` <= '23:59:59'))),
  CONSTRAINT `post_office_chk_17` CHECK (((`Mon_Start_Time` >= '00:00:00') and (`Mon_Start_Time` <= '23:59:59'))),
  CONSTRAINT `post_office_chk_18` CHECK (((`Mon_Finish_Time` >= '00:00:00') and (`Mon_Finish_Time` <= '23:59:59'))),
  CONSTRAINT `post_office_chk_19` CHECK (((`Tue_Start_Time` >= '00:00:00') and (`Tue_Start_Time` <= '23:59:59'))),
  CONSTRAINT `post_office_chk_2` CHECK (((`Sun_Finish_Time` >= '00:00:00') and (`Sun_Finish_Time` <= '23:59:59'))),
  CONSTRAINT `post_office_chk_20` CHECK (((`Tue_Finish_Time` >= '00:00:00') and (`Tue_Finish_Time` <= '23:59:59'))),
  CONSTRAINT `post_office_chk_21` CHECK (((`Wed_Start_Time` >= '00:00:00') and (`Wed_Start_Time` <= '23:59:59'))),
  CONSTRAINT `post_office_chk_22` CHECK (((`Wed_Finish_Time` >= '00:00:00') and (`Wed_Finish_Time` <= '23:59:59'))),
  CONSTRAINT `post_office_chk_23` CHECK (((`Thu_Start_Time` >= '00:00:00') and (`Thu_Start_Time` <= '23:59:59'))),
  CONSTRAINT `post_office_chk_24` CHECK (((`Thu_Finish_Time` >= '00:00:00') and (`Thu_Finish_Time` <= '23:59:59'))),
  CONSTRAINT `post_office_chk_25` CHECK (((`Fri_Start_Time` >= '00:00:00') and (`Fri_Start_Time` <= '23:59:59'))),
  CONSTRAINT `post_office_chk_26` CHECK (((`Fri_Finish_Time` >= '00:00:00') and (`Fri_Finish_Time` <= '23:59:59'))),
  CONSTRAINT `post_office_chk_27` CHECK (((`Sat_Start_Time` >= '00:00:00') and (`Sat_Start_Time` <= '23:59:59'))),
  CONSTRAINT `post_office_chk_28` CHECK (((`Sat_Finish_Time` >= '00:00:00') and (`Sat_Finish_Time` <= '23:59:59'))),
  CONSTRAINT `post_office_chk_3` CHECK (((`Mon_Start_Time` >= '00:00:00') and (`Mon_Start_Time` <= '23:59:59'))),
  CONSTRAINT `post_office_chk_4` CHECK (((`Mon_Finish_Time` >= '00:00:00') and (`Mon_Finish_Time` <= '23:59:59'))),
  CONSTRAINT `post_office_chk_5` CHECK (((`Tue_Start_Time` >= '00:00:00') and (`Tue_Start_Time` <= '23:59:59'))),
  CONSTRAINT `post_office_chk_6` CHECK (((`Tue_Finish_Time` >= '00:00:00') and (`Tue_Finish_Time` <= '23:59:59'))),
  CONSTRAINT `post_office_chk_7` CHECK (((`Wed_Start_Time` >= '00:00:00') and (`Wed_Start_Time` <= '23:59:59'))),
  CONSTRAINT `post_office_chk_8` CHECK (((`Wed_Finish_Time` >= '00:00:00') and (`Wed_Finish_Time` <= '23:59:59'))),
  CONSTRAINT `post_office_chk_9` CHECK (((`Thu_Start_Time` >= '00:00:00') and (`Thu_Start_Time` <= '23:59:59')))
) ENGINE=InnoDB AUTO_INCREMENT=6 DEFAULT CHARSET=utf8mb4 COLLATE=utf8mb4_0900_ai_ci;
/*!40101 SET character_set_client = @saved_cs_client */;

--
-- Dumping data for table `post_office`
--

LOCK TABLES `post_office` WRITE;
/*!40000 ALTER TABLE `post_office` DISABLE KEYS */;
INSERT INTO `post_office` VALUES (1,'713-555-0101','00:00:00','00:00:00','08:00:00','18:00:00','08:00:00','18:00:00','08:00:00','18:00:00','08:00:00','18:00:00','08:00:00','18:00:00','09:00:00','14:00:00','2026-04-08 11:57:24','2026-04-14 21:28:46',26),(2,'214-555-0202','00:00:00','00:00:00','08:00:00','17:00:00','08:00:00','17:00:00','08:00:00','17:00:00','08:00:00','17:00:00','08:00:00','17:00:00','09:00:00','13:00:00','2026-04-08 11:57:24','2026-04-14 21:28:46',27),(3,'512-555-0303','00:00:00','00:00:00','09:00:00','17:00:00','09:00:00','17:00:00','09:00:00','17:00:00','09:00:00','17:00:00','09:00:00','17:00:00','10:00:00','14:00:00','2026-04-08 11:57:24','2026-04-14 21:28:46',28),(4,'210-555-0404','00:00:00','00:00:00','08:00:00','18:00:00','08:00:00','18:00:00','08:00:00','18:00:00','08:00:00','18:00:00','08:00:00','18:00:00','09:00:00','15:00:00','2026-04-08 11:57:24','2026-04-14 21:28:46',29),(5,'806-555-0505','00:00:00','00:00:00','08:00:00','17:00:00','08:00:00','17:00:00','08:00:00','17:00:00','08:00:00','17:00:00','08:00:00','17:00:00','00:00:00','00:00:00','2026-04-08 11:57:24','2026-04-14 21:28:47',30);
/*!40000 ALTER TABLE `post_office` ENABLE KEYS */;
UNLOCK TABLES;

--
-- Table structure for table `role`
--

DROP TABLE IF EXISTS `role`;
/*!40101 SET @saved_cs_client     = @@character_set_client */;
/*!50503 SET character_set_client = utf8mb4 */;
CREATE TABLE `role` (
  `Role_ID` int NOT NULL AUTO_INCREMENT,
  `Role_Name` varchar(25) NOT NULL,
  `Role_Description` varchar(255) DEFAULT NULL,
  `Access_Level` int NOT NULL,
  `Date_Created` datetime NOT NULL DEFAULT CURRENT_TIMESTAMP,
  `Date_Updated` datetime DEFAULT NULL ON UPDATE CURRENT_TIMESTAMP,
  PRIMARY KEY (`Role_ID`),
  UNIQUE KEY `Role_Name` (`Role_Name`),
  CONSTRAINT `role_chk_1` CHECK ((`Access_Level` between 1 and 5))
) ENGINE=InnoDB AUTO_INCREMENT=6 DEFAULT CHARSET=utf8mb4 COLLATE=utf8mb4_0900_ai_ci;
/*!40101 SET character_set_client = @saved_cs_client */;

--
-- Dumping data for table `role`
--

LOCK TABLES `role` WRITE;
/*!40000 ALTER TABLE `role` DISABLE KEYS */;
INSERT INTO `role` VALUES (1,'Clerk','Handles counter transactions and customer service',1,'2026-04-08 11:57:24',NULL),(2,'Driver','Delivers packages to recipients',1,'2026-04-08 11:57:24',NULL),(5,'Admin','Full system access',5,'2026-04-08 11:57:24',NULL);
/*!40000 ALTER TABLE `role` ENABLE KEYS */;
UNLOCK TABLES;

--
-- Table structure for table `shipment`
--

DROP TABLE IF EXISTS `shipment`;
/*!40101 SET @saved_cs_client     = @@character_set_client */;
/*!50503 SET character_set_client = utf8mb4 */;
CREATE TABLE `shipment` (
  `Shipment_ID` int NOT NULL AUTO_INCREMENT,
  `Status_Code` int NOT NULL,
  `Employee_ID` int NOT NULL,
  `Departure_Time_Stamp` datetime DEFAULT NULL,
  `Arrival_Time_Stamp` datetime DEFAULT NULL,
  `Date_Created` datetime NOT NULL DEFAULT CURRENT_TIMESTAMP,
  `Date_Updated` datetime DEFAULT NULL ON UPDATE CURRENT_TIMESTAMP,
  `From_Address_ID` int NOT NULL,
  `To_Address_ID` int NOT NULL,
  PRIMARY KEY (`Shipment_ID`),
  KEY `Status_Code` (`Status_Code`),
  KEY `Employee_ID` (`Employee_ID`),
  KEY `From_Address_ID` (`From_Address_ID`),
  KEY `To_Address_ID` (`To_Address_ID`),
  CONSTRAINT `shipment_ibfk_1` FOREIGN KEY (`Status_Code`) REFERENCES `status_code` (`Status_Code`),
  CONSTRAINT `shipment_ibfk_2` FOREIGN KEY (`Employee_ID`) REFERENCES `employee` (`Employee_ID`),
  CONSTRAINT `shipment_ibfk_3` FOREIGN KEY (`From_Address_ID`) REFERENCES `address` (`Address_ID`),
  CONSTRAINT `shipment_ibfk_4` FOREIGN KEY (`To_Address_ID`) REFERENCES `address` (`Address_ID`)
) ENGINE=InnoDB AUTO_INCREMENT=58 DEFAULT CHARSET=utf8mb4 COLLATE=utf8mb4_0900_ai_ci;
/*!40101 SET character_set_client = @saved_cs_client */;

--
-- Dumping data for table `shipment`
--

LOCK TABLES `shipment` WRITE;
/*!40000 ALTER TABLE `shipment` DISABLE KEYS */;
INSERT INTO `shipment` VALUES (1,4,9,'2024-03-18 08:00:00','2024-03-19 14:30:00','2026-04-08 11:57:24','2026-04-14 21:34:12',2,4),(2,4,11,'2024-03-17 09:00:00','2024-03-18 16:00:00','2026-04-08 11:57:24','2026-04-14 21:34:13',3,5),(3,4,9,'2024-03-20 07:30:00',NULL,'2026-04-08 11:57:24','2026-04-14 21:34:13',6,8),(4,3,11,'2024-03-19 10:00:00',NULL,'2026-04-08 11:57:24','2026-04-14 21:34:13',7,9),(5,1,8,NULL,NULL,'2026-04-08 11:57:24','2026-04-14 21:34:13',10,11),(6,3,12,'2024-03-21 06:00:00',NULL,'2026-04-08 11:57:24','2026-04-14 21:34:13',4,2),(7,4,9,'2024-03-15 08:00:00','2024-03-17 11:00:00','2026-04-08 11:57:24','2026-04-14 21:34:13',8,3),(8,2,11,'2024-03-21 09:00:00',NULL,'2026-04-08 11:57:24','2026-04-14 21:34:13',26,28),(9,4,8,'2024-05-10 08:00:00','2024-05-11 14:00:00','2026-04-11 12:57:48','2026-04-14 21:34:13',2,12),(10,4,8,'2024-06-15 09:00:00','2024-06-17 11:00:00','2026-04-11 12:57:48','2026-04-14 21:34:13',3,13),(11,2,8,'2024-07-20 08:30:00',NULL,'2026-04-11 12:57:48','2026-04-14 21:34:13',6,14),(12,4,8,'2024-08-05 07:00:00','2024-08-07 15:00:00','2026-04-11 12:57:48','2026-04-14 21:34:13',4,15),(13,3,8,'2024-09-12 08:00:00',NULL,'2026-04-11 12:57:48','2026-04-14 21:34:13',8,16),(14,4,9,'2024-05-18 06:30:00','2024-05-20 13:00:00','2026-04-11 12:57:48','2026-04-14 21:34:13',5,17),(15,4,9,'2024-06-22 08:00:00','2024-06-24 16:00:00','2026-04-11 12:57:48','2026-04-14 21:34:13',7,18),(16,2,9,'2024-07-30 09:00:00',NULL,'2026-04-11 12:57:48','2026-04-14 21:34:13',10,19),(17,4,9,'2024-08-14 07:30:00','2024-08-16 12:00:00','2026-04-11 12:57:48','2026-04-14 21:34:13',11,20),(18,4,9,'2024-09-25 08:00:00','2024-09-28 14:00:00','2026-04-11 12:57:48','2026-04-14 21:34:13',12,21),(19,4,10,'2024-05-05 08:00:00','2024-05-07 11:00:00','2026-04-11 12:57:48','2026-04-14 21:34:13',13,2),(20,4,10,'2024-06-10 09:30:00','2024-06-12 15:00:00','2026-04-11 12:57:48','2026-04-14 21:34:13',14,3),(21,5,10,'2024-07-08 08:00:00',NULL,'2026-04-11 12:57:48','2026-04-14 21:34:13',15,4),(22,4,10,'2024-08-20 07:00:00','2024-08-22 13:00:00','2026-04-11 12:57:48','2026-04-14 21:34:14',16,5),(23,2,10,'2024-10-01 09:00:00',NULL,'2026-04-11 12:57:48','2026-04-14 21:34:14',17,7),(24,4,11,'2024-05-22 08:00:00','2024-05-25 14:00:00','2026-04-11 12:57:48','2026-04-14 21:34:14',18,10),(25,4,11,'2024-06-28 09:00:00','2024-06-30 16:00:00','2026-04-11 12:57:48','2026-04-14 21:34:14',19,11),(26,4,11,'2024-07-15 08:30:00','2024-07-17 12:00:00','2026-04-11 12:57:48','2026-04-14 21:34:14',20,12),(27,2,11,'2024-09-05 07:00:00',NULL,'2026-04-11 12:57:48','2026-04-14 21:34:14',21,13),(28,3,11,'2024-10-15 08:00:00',NULL,'2026-04-11 12:57:48','2026-04-14 21:34:14',2,14),(29,4,12,'2024-05-30 08:00:00','2024-06-01 15:00:00','2026-04-11 12:57:48','2026-04-14 21:34:14',3,15),(30,4,12,'2024-07-04 09:00:00','2024-07-07 11:00:00','2026-04-11 12:57:48','2026-04-14 21:34:14',4,16),(31,4,12,'2024-08-28 08:00:00','2024-08-30 14:00:00','2026-04-11 12:57:48','2026-04-14 21:34:14',5,17),(32,5,12,'2024-09-18 07:30:00',NULL,'2026-04-11 12:57:48','2026-04-14 21:34:14',7,18),(33,2,12,'2024-10-22 09:00:00',NULL,'2026-04-11 12:57:48','2026-04-14 21:34:14',8,19),(34,4,15,'2024-06-05 08:00:00','2024-06-07 14:00:00','2026-04-11 13:34:43','2026-04-14 21:34:14',9,12),(35,4,15,'2024-07-12 09:00:00','2024-07-14 15:00:00','2026-04-11 13:34:43','2026-04-14 21:34:14',8,13),(36,4,15,'2024-08-18 08:00:00','2024-08-19 12:00:00','2026-04-11 13:34:43','2026-04-14 21:34:14',15,14),(37,2,15,'2024-09-22 07:30:00',NULL,'2026-04-11 13:34:43','2026-04-14 21:34:14',29,17),(38,4,16,'2024-06-20 08:00:00','2024-06-22 16:00:00','2026-04-11 13:34:43','2026-04-14 21:34:14',7,15),(39,4,16,'2024-07-28 09:00:00','2024-07-30 13:00:00','2026-04-11 13:34:43','2026-04-14 21:34:14',18,8),(40,2,16,'2024-10-05 08:00:00',NULL,'2026-04-11 13:34:43','2026-04-14 21:34:14',2,9),(41,4,17,'2024-05-15 07:00:00','2024-05-18 11:00:00','2026-04-11 13:34:43','2026-04-14 21:34:14',11,2),(42,4,17,'2024-07-01 08:00:00','2024-07-04 14:00:00','2026-04-11 13:34:43','2026-04-14 21:34:14',10,4),(43,4,17,'2024-08-10 09:00:00','2024-08-13 15:00:00','2026-04-11 13:34:43','2026-04-14 21:34:14',30,5),(44,2,17,'2024-10-12 08:00:00',NULL,'2026-04-11 13:34:43','2026-04-14 21:34:14',21,7),(45,4,18,'2024-06-08 08:00:00','2024-06-11 12:00:00','2026-04-11 13:34:43','2026-04-14 21:34:14',19,11),(46,4,18,'2024-07-22 09:00:00','2024-07-25 16:00:00','2026-04-11 13:34:43','2026-04-14 21:34:15',20,10),(47,2,18,'2024-09-30 08:00:00',NULL,'2026-04-11 13:34:43','2026-04-14 21:34:15',3,30),(48,7,9,'2024-04-10 08:00:00',NULL,'2026-04-11 13:34:43','2026-04-14 21:34:15',6,8),(49,7,11,'2024-05-02 09:00:00',NULL,'2026-04-11 13:34:43','2026-04-14 21:34:15',7,10),(50,7,10,'2024-06-14 08:00:00',NULL,'2026-04-11 13:34:43','2026-04-14 21:34:15',2,5),(51,6,8,'2024-04-20 08:00:00',NULL,'2026-04-11 13:34:43','2026-04-14 21:34:15',4,3),(52,6,12,'2024-07-08 09:00:00',NULL,'2026-04-11 13:34:43','2026-04-14 21:34:15',5,6),(53,6,15,'2024-08-25 08:00:00',NULL,'2026-04-11 13:34:43','2026-04-14 21:34:15',8,11),(54,1,19,NULL,NULL,'2026-04-13 17:21:45','2026-04-14 21:34:15',11,22),(55,1,19,NULL,NULL,'2026-04-13 17:27:43','2026-04-14 21:34:15',11,23),(56,1,19,NULL,NULL,'2026-04-13 17:39:19','2026-04-14 21:34:15',11,23),(57,1,1,NULL,NULL,'2026-04-14 11:34:17','2026-04-14 21:34:17',11,24);
/*!40000 ALTER TABLE `shipment` ENABLE KEYS */;
UNLOCK TABLES;

--
-- Table structure for table `shipment_package`
--

DROP TABLE IF EXISTS `shipment_package`;
/*!40101 SET @saved_cs_client     = @@character_set_client */;
/*!50503 SET character_set_client = utf8mb4 */;
CREATE TABLE `shipment_package` (
  `Shipment_ID` int NOT NULL,
  `Tracking_Number` varchar(10) NOT NULL,
  `Date_Created` datetime NOT NULL DEFAULT CURRENT_TIMESTAMP,
  PRIMARY KEY (`Shipment_ID`,`Tracking_Number`),
  KEY `Tracking_Number` (`Tracking_Number`),
  CONSTRAINT `shipment_package_ibfk_1` FOREIGN KEY (`Shipment_ID`) REFERENCES `shipment` (`Shipment_ID`),
  CONSTRAINT `shipment_package_ibfk_2` FOREIGN KEY (`Tracking_Number`) REFERENCES `package` (`Tracking_Number`)
) ENGINE=InnoDB DEFAULT CHARSET=utf8mb4 COLLATE=utf8mb4_0900_ai_ci;
/*!40101 SET character_set_client = @saved_cs_client */;

--
-- Dumping data for table `shipment_package`
--

LOCK TABLES `shipment_package` WRITE;
/*!40000 ALTER TABLE `shipment_package` DISABLE KEYS */;
INSERT INTO `shipment_package` VALUES (1,'TRK0000001','2026-04-08 11:57:24'),(1,'TRK0000002','2026-04-08 11:57:24'),(2,'TRK0000006','2026-04-08 11:57:24'),(3,'TRK0000003','2026-04-08 11:57:24'),(3,'TRK0000005','2026-04-08 11:57:24'),(4,'TRK0000004','2026-04-08 11:57:24'),(5,'TRK0000010','2026-04-08 11:57:24'),(6,'TRK0000007','2026-04-08 11:57:24'),(6,'TRK0000008','2026-04-08 11:57:24'),(7,'TRK0000009','2026-04-08 11:57:24'),(8,'TRK0000011','2026-04-08 11:57:24'),(8,'TRK0000012','2026-04-08 11:57:24'),(9,'TRK0000016','2026-04-11 12:59:21'),(9,'TRK0000017','2026-04-11 12:59:21'),(10,'TRK0000018','2026-04-11 12:59:21'),(10,'TRK0000019','2026-04-11 12:59:21'),(11,'TRK0000020','2026-04-11 12:59:21'),(11,'TRK0000021','2026-04-11 12:59:21'),(12,'TRK0000022','2026-04-11 12:59:21'),(12,'TRK0000023','2026-04-11 12:59:21'),(13,'TRK0000024','2026-04-11 12:59:21'),(14,'TRK0000025','2026-04-11 12:59:21'),(14,'TRK0000026','2026-04-11 12:59:21'),(15,'TRK0000027','2026-04-11 12:59:21'),(15,'TRK0000028','2026-04-11 12:59:21'),(16,'TRK0000029','2026-04-11 12:59:21'),(16,'TRK0000030','2026-04-11 12:59:21'),(17,'TRK0000031','2026-04-11 12:59:21'),(17,'TRK0000032','2026-04-11 12:59:21'),(18,'TRK0000033','2026-04-11 12:59:21'),(18,'TRK0000034','2026-04-11 12:59:21'),(19,'TRK0000035','2026-04-11 12:59:21'),(19,'TRK0000036','2026-04-11 12:59:21'),(20,'TRK0000037','2026-04-11 12:59:21'),(20,'TRK0000038','2026-04-11 12:59:21'),(21,'TRK0000039','2026-04-11 12:59:21'),(21,'TRK0000040','2026-04-11 12:59:21'),(22,'TRK0000041','2026-04-11 12:59:21'),(22,'TRK0000042','2026-04-11 12:59:21'),(23,'TRK0000043','2026-04-11 12:59:21'),(24,'TRK0000044','2026-04-11 12:59:21'),(24,'TRK0000045','2026-04-11 12:59:21'),(25,'TRK0000046','2026-04-11 12:59:21'),(25,'TRK0000047','2026-04-11 12:59:21'),(26,'TRK0000048','2026-04-11 12:59:21'),(26,'TRK0000049','2026-04-11 12:59:21'),(27,'TRK0000050','2026-04-11 12:59:21'),(27,'TRK0000051','2026-04-11 12:59:21'),(28,'TRK0000052','2026-04-11 12:59:21'),(29,'TRK0000053','2026-04-11 12:59:21'),(29,'TRK0000054','2026-04-11 12:59:21'),(30,'TRK0000055','2026-04-11 12:59:21'),(30,'TRK0000056','2026-04-11 12:59:21'),(31,'TRK0000057','2026-04-11 12:59:21'),(31,'TRK0000058','2026-04-11 12:59:21'),(32,'TRK0000059','2026-04-11 12:59:21'),(32,'TRK0000060','2026-04-11 12:59:21'),(33,'TRK0000061','2026-04-11 12:59:21'),(33,'TRK0000062','2026-04-11 12:59:21'),(33,'TRK0000063','2026-04-11 12:59:21'),(33,'TRK0000064','2026-04-11 12:59:21'),(33,'TRK0000065','2026-04-11 12:59:21'),(34,'TRK0000066','2026-04-11 13:35:20'),(34,'TRK0000067','2026-04-11 13:35:20'),(35,'TRK0000068','2026-04-11 13:35:20'),(35,'TRK0000069','2026-04-11 13:35:20'),(36,'TRK0000070','2026-04-11 13:35:20'),(36,'TRK0000071','2026-04-11 13:35:20'),(37,'TRK0000072','2026-04-11 13:35:20'),(38,'TRK0000066','2026-04-11 13:35:20'),(39,'TRK0000067','2026-04-11 13:35:20'),(40,'TRK0000068','2026-04-11 13:35:20'),(41,'TRK0000073','2026-04-11 13:35:20'),(41,'TRK0000074','2026-04-11 13:35:20'),(42,'TRK0000075','2026-04-11 13:35:20'),(42,'TRK0000076','2026-04-11 13:35:20'),(43,'TRK0000077','2026-04-11 13:35:20'),(43,'TRK0000078','2026-04-11 13:35:20'),(44,'TRK0000079','2026-04-11 13:35:20'),(45,'TRK0000073','2026-04-11 13:35:20'),(46,'TRK0000074','2026-04-11 13:35:20'),(47,'TRK0000075','2026-04-11 13:35:20'),(48,'TRK0000080','2026-04-11 13:35:20'),(49,'TRK0000081','2026-04-11 13:35:20'),(50,'TRK0000082','2026-04-11 13:35:20'),(51,'TRK0000083','2026-04-11 13:35:20'),(52,'TRK0000084','2026-04-11 13:35:20'),(53,'TRK0000085','2026-04-11 13:35:20'),(54,'TRK0000086','2026-04-13 17:21:45'),(55,'TRK0000087','2026-04-13 17:27:43'),(56,'TRK0000088','2026-04-13 17:39:19'),(57,'TRK0000089','2026-04-14 11:34:17');
/*!40000 ALTER TABLE `shipment_package` ENABLE KEYS */;
UNLOCK TABLES;

--
-- Table structure for table `status_code`
--

DROP TABLE IF EXISTS `status_code`;
/*!40101 SET @saved_cs_client     = @@character_set_client */;
/*!50503 SET character_set_client = utf8mb4 */;
CREATE TABLE `status_code` (
  `Status_Code` int NOT NULL AUTO_INCREMENT,
  `Status_Name` varchar(25) NOT NULL,
  `Is_Final_Status` tinyint(1) NOT NULL,
  `Date_Created` datetime NOT NULL DEFAULT CURRENT_TIMESTAMP,
  `Date_Updated` datetime DEFAULT NULL ON UPDATE CURRENT_TIMESTAMP,
  PRIMARY KEY (`Status_Code`),
  UNIQUE KEY `Status_Name` (`Status_Name`)
) ENGINE=InnoDB AUTO_INCREMENT=10 DEFAULT CHARSET=utf8mb4 COLLATE=utf8mb4_0900_ai_ci;
/*!40101 SET character_set_client = @saved_cs_client */;

--
-- Dumping data for table `status_code`
--

LOCK TABLES `status_code` WRITE;
/*!40000 ALTER TABLE `status_code` DISABLE KEYS */;
INSERT INTO `status_code` VALUES (1,'Pending',0,'2026-04-08 11:57:24',NULL),(2,'In Transit',0,'2026-04-08 11:57:24',NULL),(3,'Out for Delivery',0,'2026-04-08 11:57:24',NULL),(4,'Delivered',1,'2026-04-08 11:57:24',NULL),(5,'Delayed',0,'2026-04-08 11:57:24',NULL),(6,'Returned',1,'2026-04-08 11:57:24',NULL),(7,'Lost',1,'2026-04-08 11:57:24',NULL),(8,'At Office',0,'2026-04-11 11:36:36',NULL),(9,'Disposed',1,'2026-04-11 11:36:36',NULL);
/*!40000 ALTER TABLE `status_code` ENABLE KEYS */;
UNLOCK TABLES;

--
-- Table structure for table `support_ticket`
--

DROP TABLE IF EXISTS `support_ticket`;
/*!40101 SET @saved_cs_client     = @@character_set_client */;
/*!50503 SET character_set_client = utf8mb4 */;
CREATE TABLE `support_ticket` (
  `Ticket_ID` int NOT NULL AUTO_INCREMENT,
  `User_ID` int NOT NULL,
  `Package_ID` varchar(30) NOT NULL,
  `Assigned_Employee_ID` int DEFAULT NULL,
  `Issue_Type` int NOT NULL,
  `Description` varchar(200) DEFAULT NULL,
  `Resolution_Note` varchar(200) DEFAULT NULL,
  `Ticket_Status_Code` smallint NOT NULL DEFAULT '0',
  `Date_Created` datetime NOT NULL DEFAULT CURRENT_TIMESTAMP,
  `Date_Updated` datetime DEFAULT NULL ON UPDATE CURRENT_TIMESTAMP,
  PRIMARY KEY (`Ticket_ID`),
  KEY `User_ID` (`User_ID`),
  KEY `Package_ID` (`Package_ID`),
  KEY `Assigned_Employee_ID` (`Assigned_Employee_ID`),
  KEY `fk_issue_type` (`Issue_Type`),
  CONSTRAINT `fk_issue_type` FOREIGN KEY (`Issue_Type`) REFERENCES `ticket_issue_type` (`Type_ID`),
  CONSTRAINT `support_ticket_ibfk_1` FOREIGN KEY (`User_ID`) REFERENCES `customer` (`Customer_ID`),
  CONSTRAINT `support_ticket_ibfk_2` FOREIGN KEY (`Package_ID`) REFERENCES `package` (`Tracking_Number`),
  CONSTRAINT `support_ticket_ibfk_3` FOREIGN KEY (`Assigned_Employee_ID`) REFERENCES `employee` (`Employee_ID`),
  CONSTRAINT `chk_ticket_status` CHECK ((`Ticket_Status_Code` in (0,1,2)))
) ENGINE=InnoDB AUTO_INCREMENT=20 DEFAULT CHARSET=utf8mb4 COLLATE=utf8mb4_0900_ai_ci;
/*!40101 SET character_set_client = @saved_cs_client */;

--
-- Dumping data for table `support_ticket`
--

LOCK TABLES `support_ticket` WRITE;
/*!40000 ALTER TABLE `support_ticket` DISABLE KEYS */;
INSERT INTO `support_ticket` VALUES (1,1,'TRK0000004',4,1,'Package delayed, expected delivery was 3 days ago',NULL,0,'2026-04-08 11:57:24',NULL),(2,3,'TRK0000003',6,2,'Package shows in transit but no updates for 2 days',NULL,0,'2026-04-08 11:57:24',NULL),(3,5,'TRK0000005',4,1,'Need to change delivery address','',1,'2026-04-08 11:57:24','2026-04-08 15:21:40'),(4,2,'TRK0000001',4,3,'Item arrived damaged','Refund issued to customer',2,'2026-04-08 11:57:24','2026-04-08 15:21:27'),(5,7,'TRK0000009',7,2,'Tracking not updating','Carrier delay confirmed, resolved',2,'2026-04-08 11:57:24','2026-04-08 15:14:27'),(6,10,'TRK0000001',8,1,'Package not delivered on expected date.',NULL,0,'2026-03-18 08:30:00',NULL),(7,10,'TRK0000001',8,1,'Package not delivered on expected date.',NULL,0,'2026-03-18 08:30:00',NULL),(8,5,'TRK0000002',10,2,'Package arrived visibly damaged.',NULL,1,'2026-03-19 09:15:00','2026-03-21 10:00:00'),(9,7,'TRK0000004',4,4,'Tracking number not updating in system.',NULL,2,'2026-03-21 11:45:00','2026-03-23 09:00:00'),(10,1,'TRK0000007',7,3,'Package delivered to wrong address.',NULL,1,'2026-03-26 10:00:00','2026-03-28 13:00:00'),(11,4,'TRK0000008',1,4,'Unable to update delivery address online.',NULL,2,'2026-03-27 13:00:00','2026-03-29 15:45:00'),(12,2,'TRK0000009',2,1,'No delivery attempt made by courier.',NULL,2,'2026-03-28 14:30:00','2026-03-30 10:00:00'),(13,9,'TRK0000010',3,2,'Package shows delivered but not received.',NULL,2,'2026-03-29 15:00:00','2026-03-31 16:30:00'),(14,17,'TRK0000083',7,2,'test',NULL,0,'2026-04-11 19:18:29',NULL),(15,10,'TRK0000034',NULL,1,'Test3','',1,'2026-04-13 17:01:52','2026-04-13 20:54:41'),(16,10,'TRK0000087',NULL,1,'Test number 4','',1,'2026-04-14 11:14:47','2026-04-14 11:15:39'),(17,10,'TRK0000087',NULL,1,'test7',NULL,0,'2026-04-14 12:27:20',NULL),(18,10,'TRK0000086',NULL,2,'test8',NULL,0,'2026-04-14 12:31:26',NULL),(19,10,'TRK0000087',12,2,'test8','resolved',2,'2026-04-14 12:33:23','2026-04-14 13:39:55');
/*!40000 ALTER TABLE `support_ticket` ENABLE KEYS */;
UNLOCK TABLES;

--
-- Table structure for table `ticket_issue_type`
--

DROP TABLE IF EXISTS `ticket_issue_type`;
/*!40101 SET @saved_cs_client     = @@character_set_client */;
/*!50503 SET character_set_client = utf8mb4 */;
CREATE TABLE `ticket_issue_type` (
  `Type_ID` int NOT NULL AUTO_INCREMENT,
  `Name` varchar(100) NOT NULL,
  `Date_Created` datetime NOT NULL DEFAULT CURRENT_TIMESTAMP,
  `Date_Updated` datetime DEFAULT NULL ON UPDATE CURRENT_TIMESTAMP,
  PRIMARY KEY (`Type_ID`)
) ENGINE=InnoDB AUTO_INCREMENT=5 DEFAULT CHARSET=utf8mb4 COLLATE=utf8mb4_0900_ai_ci;
/*!40101 SET character_set_client = @saved_cs_client */;

--
-- Dumping data for table `ticket_issue_type`
--

LOCK TABLES `ticket_issue_type` WRITE;
/*!40000 ALTER TABLE `ticket_issue_type` DISABLE KEYS */;
INSERT INTO `ticket_issue_type` VALUES (1,'failed transaction','2026-04-08 11:57:26',NULL),(2,'payment issue','2026-04-08 11:57:26',NULL),(3,'delivery issue','2026-04-08 11:57:26',NULL),(4,'other','2026-04-08 11:57:26',NULL);
/*!40000 ALTER TABLE `ticket_issue_type` ENABLE KEYS */;
UNLOCK TABLES;
/*!40103 SET TIME_ZONE=@OLD_TIME_ZONE */;

/*!40101 SET SQL_MODE=@OLD_SQL_MODE */;
/*!40014 SET FOREIGN_KEY_CHECKS=@OLD_FOREIGN_KEY_CHECKS */;
/*!40014 SET UNIQUE_CHECKS=@OLD_UNIQUE_CHECKS */;
/*!40101 SET CHARACTER_SET_CLIENT=@OLD_CHARACTER_SET_CLIENT */;
/*!40101 SET CHARACTER_SET_RESULTS=@OLD_CHARACTER_SET_RESULTS */;
/*!40101 SET COLLATION_CONNECTION=@OLD_COLLATION_CONNECTION */;
/*!40111 SET SQL_NOTES=@OLD_SQL_NOTES */;

-- Dump completed on 2026-04-15  0:14:07
CREATE DATABASE  IF NOT EXISTS `sys` /*!40100 DEFAULT CHARACTER SET utf8mb4 COLLATE utf8mb4_0900_ai_ci */ /*!80016 DEFAULT ENCRYPTION='N' */;
USE `sys`;
-- MySQL dump 10.13  Distrib 8.0.45, for Win64 (x86_64)
--
-- Host: localhost    Database: sys
-- ------------------------------------------------------
-- Server version	8.0.45

/*!40101 SET @OLD_CHARACTER_SET_CLIENT=@@CHARACTER_SET_CLIENT */;
/*!40101 SET @OLD_CHARACTER_SET_RESULTS=@@CHARACTER_SET_RESULTS */;
/*!40101 SET @OLD_COLLATION_CONNECTION=@@COLLATION_CONNECTION */;
/*!50503 SET NAMES utf8 */;
/*!40103 SET @OLD_TIME_ZONE=@@TIME_ZONE */;
/*!40103 SET TIME_ZONE='+00:00' */;
/*!40014 SET @OLD_UNIQUE_CHECKS=@@UNIQUE_CHECKS, UNIQUE_CHECKS=0 */;
/*!40014 SET @OLD_FOREIGN_KEY_CHECKS=@@FOREIGN_KEY_CHECKS, FOREIGN_KEY_CHECKS=0 */;
/*!40101 SET @OLD_SQL_MODE=@@SQL_MODE, SQL_MODE='NO_AUTO_VALUE_ON_ZERO' */;
/*!40111 SET @OLD_SQL_NOTES=@@SQL_NOTES, SQL_NOTES=0 */;

--
-- Temporary view structure for view `host_summary`
--

DROP TABLE IF EXISTS `host_summary`;
/*!50001 DROP VIEW IF EXISTS `host_summary`*/;
SET @saved_cs_client     = @@character_set_client;
/*!50503 SET character_set_client = utf8mb4 */;
/*!50001 CREATE VIEW `host_summary` AS SELECT 
 1 AS `host`,
 1 AS `statements`,
 1 AS `statement_latency`,
 1 AS `statement_avg_latency`,
 1 AS `table_scans`,
 1 AS `file_ios`,
 1 AS `file_io_latency`,
 1 AS `current_connections`,
 1 AS `total_connections`,
 1 AS `unique_users`,
 1 AS `current_memory`,
 1 AS `total_memory_allocated`*/;
SET character_set_client = @saved_cs_client;

--
-- Temporary view structure for view `host_summary_by_file_io`
--

DROP TABLE IF EXISTS `host_summary_by_file_io`;
/*!50001 DROP VIEW IF EXISTS `host_summary_by_file_io`*/;
SET @saved_cs_client     = @@character_set_client;
/*!50503 SET character_set_client = utf8mb4 */;
/*!50001 CREATE VIEW `host_summary_by_file_io` AS SELECT 
 1 AS `host`,
 1 AS `ios`,
 1 AS `io_latency`*/;
SET character_set_client = @saved_cs_client;

--
-- Temporary view structure for view `host_summary_by_file_io_type`
--

DROP TABLE IF EXISTS `host_summary_by_file_io_type`;
/*!50001 DROP VIEW IF EXISTS `host_summary_by_file_io_type`*/;
SET @saved_cs_client     = @@character_set_client;
/*!50503 SET character_set_client = utf8mb4 */;
/*!50001 CREATE VIEW `host_summary_by_file_io_type` AS SELECT 
 1 AS `host`,
 1 AS `event_name`,
 1 AS `total`,
 1 AS `total_latency`,
 1 AS `max_latency`*/;
SET character_set_client = @saved_cs_client;

--
-- Temporary view structure for view `host_summary_by_stages`
--

DROP TABLE IF EXISTS `host_summary_by_stages`;
/*!50001 DROP VIEW IF EXISTS `host_summary_by_stages`*/;
SET @saved_cs_client     = @@character_set_client;
/*!50503 SET character_set_client = utf8mb4 */;
/*!50001 CREATE VIEW `host_summary_by_stages` AS SELECT 
 1 AS `host`,
 1 AS `event_name`,
 1 AS `total`,
 1 AS `total_latency`,
 1 AS `avg_latency`*/;
SET character_set_client = @saved_cs_client;

--
-- Temporary view structure for view `host_summary_by_statement_latency`
--

DROP TABLE IF EXISTS `host_summary_by_statement_latency`;
/*!50001 DROP VIEW IF EXISTS `host_summary_by_statement_latency`*/;
SET @saved_cs_client     = @@character_set_client;
/*!50503 SET character_set_client = utf8mb4 */;
/*!50001 CREATE VIEW `host_summary_by_statement_latency` AS SELECT 
 1 AS `host`,
 1 AS `total`,
 1 AS `total_latency`,
 1 AS `max_latency`,
 1 AS `lock_latency`,
 1 AS `cpu_latency`,
 1 AS `rows_sent`,
 1 AS `rows_examined`,
 1 AS `rows_affected`,
 1 AS `full_scans`*/;
SET character_set_client = @saved_cs_client;

--
-- Temporary view structure for view `host_summary_by_statement_type`
--

DROP TABLE IF EXISTS `host_summary_by_statement_type`;
/*!50001 DROP VIEW IF EXISTS `host_summary_by_statement_type`*/;
SET @saved_cs_client     = @@character_set_client;
/*!50503 SET character_set_client = utf8mb4 */;
/*!50001 CREATE VIEW `host_summary_by_statement_type` AS SELECT 
 1 AS `host`,
 1 AS `statement`,
 1 AS `total`,
 1 AS `total_latency`,
 1 AS `max_latency`,
 1 AS `lock_latency`,
 1 AS `cpu_latency`,
 1 AS `rows_sent`,
 1 AS `rows_examined`,
 1 AS `rows_affected`,
 1 AS `full_scans`*/;
SET character_set_client = @saved_cs_client;

--
-- Temporary view structure for view `innodb_buffer_stats_by_schema`
--

DROP TABLE IF EXISTS `innodb_buffer_stats_by_schema`;
/*!50001 DROP VIEW IF EXISTS `innodb_buffer_stats_by_schema`*/;
SET @saved_cs_client     = @@character_set_client;
/*!50503 SET character_set_client = utf8mb4 */;
/*!50001 CREATE VIEW `innodb_buffer_stats_by_schema` AS SELECT 
 1 AS `object_schema`,
 1 AS `allocated`,
 1 AS `data`,
 1 AS `pages`,
 1 AS `pages_hashed`,
 1 AS `pages_old`,
 1 AS `rows_cached`*/;
SET character_set_client = @saved_cs_client;

--
-- Temporary view structure for view `innodb_buffer_stats_by_table`
--

DROP TABLE IF EXISTS `innodb_buffer_stats_by_table`;
/*!50001 DROP VIEW IF EXISTS `innodb_buffer_stats_by_table`*/;
SET @saved_cs_client     = @@character_set_client;
/*!50503 SET character_set_client = utf8mb4 */;
/*!50001 CREATE VIEW `innodb_buffer_stats_by_table` AS SELECT 
 1 AS `object_schema`,
 1 AS `object_name`,
 1 AS `allocated`,
 1 AS `data`,
 1 AS `pages`,
 1 AS `pages_hashed`,
 1 AS `pages_old`,
 1 AS `rows_cached`*/;
SET character_set_client = @saved_cs_client;

--
-- Temporary view structure for view `innodb_lock_waits`
--

DROP TABLE IF EXISTS `innodb_lock_waits`;
/*!50001 DROP VIEW IF EXISTS `innodb_lock_waits`*/;
SET @saved_cs_client     = @@character_set_client;
/*!50503 SET character_set_client = utf8mb4 */;
/*!50001 CREATE VIEW `innodb_lock_waits` AS SELECT 
 1 AS `wait_started`,
 1 AS `wait_age`,
 1 AS `wait_age_secs`,
 1 AS `locked_table`,
 1 AS `locked_table_schema`,
 1 AS `locked_table_name`,
 1 AS `locked_table_partition`,
 1 AS `locked_table_subpartition`,
 1 AS `locked_index`,
 1 AS `locked_type`,
 1 AS `waiting_trx_id`,
 1 AS `waiting_trx_started`,
 1 AS `waiting_trx_age`,
 1 AS `waiting_trx_rows_locked`,
 1 AS `waiting_trx_rows_modified`,
 1 AS `waiting_pid`,
 1 AS `waiting_query`,
 1 AS `waiting_lock_id`,
 1 AS `waiting_lock_mode`,
 1 AS `blocking_trx_id`,
 1 AS `blocking_pid`,
 1 AS `blocking_query`,
 1 AS `blocking_lock_id`,
 1 AS `blocking_lock_mode`,
 1 AS `blocking_trx_started`,
 1 AS `blocking_trx_age`,
 1 AS `blocking_trx_rows_locked`,
 1 AS `blocking_trx_rows_modified`,
 1 AS `sql_kill_blocking_query`,
 1 AS `sql_kill_blocking_connection`*/;
SET character_set_client = @saved_cs_client;

--
-- Temporary view structure for view `io_by_thread_by_latency`
--

DROP TABLE IF EXISTS `io_by_thread_by_latency`;
/*!50001 DROP VIEW IF EXISTS `io_by_thread_by_latency`*/;
SET @saved_cs_client     = @@character_set_client;
/*!50503 SET character_set_client = utf8mb4 */;
/*!50001 CREATE VIEW `io_by_thread_by_latency` AS SELECT 
 1 AS `user`,
 1 AS `total`,
 1 AS `total_latency`,
 1 AS `min_latency`,
 1 AS `avg_latency`,
 1 AS `max_latency`,
 1 AS `thread_id`,
 1 AS `processlist_id`*/;
SET character_set_client = @saved_cs_client;

--
-- Temporary view structure for view `io_global_by_file_by_bytes`
--

DROP TABLE IF EXISTS `io_global_by_file_by_bytes`;
/*!50001 DROP VIEW IF EXISTS `io_global_by_file_by_bytes`*/;
SET @saved_cs_client     = @@character_set_client;
/*!50503 SET character_set_client = utf8mb4 */;
/*!50001 CREATE VIEW `io_global_by_file_by_bytes` AS SELECT 
 1 AS `file`,
 1 AS `count_read`,
 1 AS `total_read`,
 1 AS `avg_read`,
 1 AS `count_write`,
 1 AS `total_written`,
 1 AS `avg_write`,
 1 AS `total`,
 1 AS `write_pct`*/;
SET character_set_client = @saved_cs_client;

--
-- Temporary view structure for view `io_global_by_file_by_latency`
--

DROP TABLE IF EXISTS `io_global_by_file_by_latency`;
/*!50001 DROP VIEW IF EXISTS `io_global_by_file_by_latency`*/;
SET @saved_cs_client     = @@character_set_client;
/*!50503 SET character_set_client = utf8mb4 */;
/*!50001 CREATE VIEW `io_global_by_file_by_latency` AS SELECT 
 1 AS `file`,
 1 AS `total`,
 1 AS `total_latency`,
 1 AS `count_read`,
 1 AS `read_latency`,
 1 AS `count_write`,
 1 AS `write_latency`,
 1 AS `count_misc`,
 1 AS `misc_latency`*/;
SET character_set_client = @saved_cs_client;

--
-- Temporary view structure for view `io_global_by_wait_by_bytes`
--

DROP TABLE IF EXISTS `io_global_by_wait_by_bytes`;
/*!50001 DROP VIEW IF EXISTS `io_global_by_wait_by_bytes`*/;
SET @saved_cs_client     = @@character_set_client;
/*!50503 SET character_set_client = utf8mb4 */;
/*!50001 CREATE VIEW `io_global_by_wait_by_bytes` AS SELECT 
 1 AS `event_name`,
 1 AS `total`,
 1 AS `total_latency`,
 1 AS `min_latency`,
 1 AS `avg_latency`,
 1 AS `max_latency`,
 1 AS `count_read`,
 1 AS `total_read`,
 1 AS `avg_read`,
 1 AS `count_write`,
 1 AS `total_written`,
 1 AS `avg_written`,
 1 AS `total_requested`*/;
SET character_set_client = @saved_cs_client;

--
-- Temporary view structure for view `io_global_by_wait_by_latency`
--

DROP TABLE IF EXISTS `io_global_by_wait_by_latency`;
/*!50001 DROP VIEW IF EXISTS `io_global_by_wait_by_latency`*/;
SET @saved_cs_client     = @@character_set_client;
/*!50503 SET character_set_client = utf8mb4 */;
/*!50001 CREATE VIEW `io_global_by_wait_by_latency` AS SELECT 
 1 AS `event_name`,
 1 AS `total`,
 1 AS `total_latency`,
 1 AS `avg_latency`,
 1 AS `max_latency`,
 1 AS `read_latency`,
 1 AS `write_latency`,
 1 AS `misc_latency`,
 1 AS `count_read`,
 1 AS `total_read`,
 1 AS `avg_read`,
 1 AS `count_write`,
 1 AS `total_written`,
 1 AS `avg_written`*/;
SET character_set_client = @saved_cs_client;

--
-- Temporary view structure for view `latest_file_io`
--

DROP TABLE IF EXISTS `latest_file_io`;
/*!50001 DROP VIEW IF EXISTS `latest_file_io`*/;
SET @saved_cs_client     = @@character_set_client;
/*!50503 SET character_set_client = utf8mb4 */;
/*!50001 CREATE VIEW `latest_file_io` AS SELECT 
 1 AS `thread`,
 1 AS `file`,
 1 AS `latency`,
 1 AS `operation`,
 1 AS `requested`*/;
SET character_set_client = @saved_cs_client;

--
-- Temporary view structure for view `memory_by_host_by_current_bytes`
--

DROP TABLE IF EXISTS `memory_by_host_by_current_bytes`;
/*!50001 DROP VIEW IF EXISTS `memory_by_host_by_current_bytes`*/;
SET @saved_cs_client     = @@character_set_client;
/*!50503 SET character_set_client = utf8mb4 */;
/*!50001 CREATE VIEW `memory_by_host_by_current_bytes` AS SELECT 
 1 AS `host`,
 1 AS `current_count_used`,
 1 AS `current_allocated`,
 1 AS `current_avg_alloc`,
 1 AS `current_max_alloc`,
 1 AS `total_allocated`*/;
SET character_set_client = @saved_cs_client;

--
-- Temporary view structure for view `memory_by_thread_by_current_bytes`
--

DROP TABLE IF EXISTS `memory_by_thread_by_current_bytes`;
/*!50001 DROP VIEW IF EXISTS `memory_by_thread_by_current_bytes`*/;
SET @saved_cs_client     = @@character_set_client;
/*!50503 SET character_set_client = utf8mb4 */;
/*!50001 CREATE VIEW `memory_by_thread_by_current_bytes` AS SELECT 
 1 AS `thread_id`,
 1 AS `user`,
 1 AS `current_count_used`,
 1 AS `current_allocated`,
 1 AS `current_avg_alloc`,
 1 AS `current_max_alloc`,
 1 AS `total_allocated`*/;
SET character_set_client = @saved_cs_client;

--
-- Temporary view structure for view `memory_by_user_by_current_bytes`
--

DROP TABLE IF EXISTS `memory_by_user_by_current_bytes`;
/*!50001 DROP VIEW IF EXISTS `memory_by_user_by_current_bytes`*/;
SET @saved_cs_client     = @@character_set_client;
/*!50503 SET character_set_client = utf8mb4 */;
/*!50001 CREATE VIEW `memory_by_user_by_current_bytes` AS SELECT 
 1 AS `user`,
 1 AS `current_count_used`,
 1 AS `current_allocated`,
 1 AS `current_avg_alloc`,
 1 AS `current_max_alloc`,
 1 AS `total_allocated`*/;
SET character_set_client = @saved_cs_client;

--
-- Temporary view structure for view `memory_global_by_current_bytes`
--

DROP TABLE IF EXISTS `memory_global_by_current_bytes`;
/*!50001 DROP VIEW IF EXISTS `memory_global_by_current_bytes`*/;
SET @saved_cs_client     = @@character_set_client;
/*!50503 SET character_set_client = utf8mb4 */;
/*!50001 CREATE VIEW `memory_global_by_current_bytes` AS SELECT 
 1 AS `event_name`,
 1 AS `current_count`,
 1 AS `current_alloc`,
 1 AS `current_avg_alloc`,
 1 AS `high_count`,
 1 AS `high_alloc`,
 1 AS `high_avg_alloc`*/;
SET character_set_client = @saved_cs_client;

--
-- Temporary view structure for view `memory_global_total`
--

DROP TABLE IF EXISTS `memory_global_total`;
/*!50001 DROP VIEW IF EXISTS `memory_global_total`*/;
SET @saved_cs_client     = @@character_set_client;
/*!50503 SET character_set_client = utf8mb4 */;
/*!50001 CREATE VIEW `memory_global_total` AS SELECT 
 1 AS `total_allocated`*/;
SET character_set_client = @saved_cs_client;

--
-- Temporary view structure for view `metrics`
--

DROP TABLE IF EXISTS `metrics`;
/*!50001 DROP VIEW IF EXISTS `metrics`*/;
SET @saved_cs_client     = @@character_set_client;
/*!50503 SET character_set_client = utf8mb4 */;
/*!50001 CREATE VIEW `metrics` AS SELECT 
 1 AS `Variable_name`,
 1 AS `Variable_value`,
 1 AS `Type`,
 1 AS `Enabled`*/;
SET character_set_client = @saved_cs_client;

--
-- Temporary view structure for view `processlist`
--

DROP TABLE IF EXISTS `processlist`;
/*!50001 DROP VIEW IF EXISTS `processlist`*/;
SET @saved_cs_client     = @@character_set_client;
/*!50503 SET character_set_client = utf8mb4 */;
/*!50001 CREATE VIEW `processlist` AS SELECT 
 1 AS `thd_id`,
 1 AS `conn_id`,
 1 AS `user`,
 1 AS `db`,
 1 AS `command`,
 1 AS `state`,
 1 AS `time`,
 1 AS `current_statement`,
 1 AS `execution_engine`,
 1 AS `statement_latency`,
 1 AS `progress`,
 1 AS `lock_latency`,
 1 AS `cpu_latency`,
 1 AS `rows_examined`,
 1 AS `rows_sent`,
 1 AS `rows_affected`,
 1 AS `tmp_tables`,
 1 AS `tmp_disk_tables`,
 1 AS `full_scan`,
 1 AS `last_statement`,
 1 AS `last_statement_latency`,
 1 AS `current_memory`,
 1 AS `last_wait`,
 1 AS `last_wait_latency`,
 1 AS `source`,
 1 AS `trx_latency`,
 1 AS `trx_state`,
 1 AS `trx_autocommit`,
 1 AS `pid`,
 1 AS `program_name`*/;
SET character_set_client = @saved_cs_client;

--
-- Temporary view structure for view `ps_check_lost_instrumentation`
--

DROP TABLE IF EXISTS `ps_check_lost_instrumentation`;
/*!50001 DROP VIEW IF EXISTS `ps_check_lost_instrumentation`*/;
SET @saved_cs_client     = @@character_set_client;
/*!50503 SET character_set_client = utf8mb4 */;
/*!50001 CREATE VIEW `ps_check_lost_instrumentation` AS SELECT 
 1 AS `variable_name`,
 1 AS `variable_value`*/;
SET character_set_client = @saved_cs_client;

--
-- Temporary view structure for view `schema_auto_increment_columns`
--

DROP TABLE IF EXISTS `schema_auto_increment_columns`;
/*!50001 DROP VIEW IF EXISTS `schema_auto_increment_columns`*/;
SET @saved_cs_client     = @@character_set_client;
/*!50503 SET character_set_client = utf8mb4 */;
/*!50001 CREATE VIEW `schema_auto_increment_columns` AS SELECT 
 1 AS `table_schema`,
 1 AS `table_name`,
 1 AS `column_name`,
 1 AS `data_type`,
 1 AS `column_type`,
 1 AS `is_signed`,
 1 AS `is_unsigned`,
 1 AS `max_value`,
 1 AS `auto_increment`,
 1 AS `auto_increment_ratio`*/;
SET character_set_client = @saved_cs_client;

--
-- Temporary view structure for view `schema_index_statistics`
--

DROP TABLE IF EXISTS `schema_index_statistics`;
/*!50001 DROP VIEW IF EXISTS `schema_index_statistics`*/;
SET @saved_cs_client     = @@character_set_client;
/*!50503 SET character_set_client = utf8mb4 */;
/*!50001 CREATE VIEW `schema_index_statistics` AS SELECT 
 1 AS `table_schema`,
 1 AS `table_name`,
 1 AS `index_name`,
 1 AS `rows_selected`,
 1 AS `select_latency`,
 1 AS `rows_inserted`,
 1 AS `insert_latency`,
 1 AS `rows_updated`,
 1 AS `update_latency`,
 1 AS `rows_deleted`,
 1 AS `delete_latency`*/;
SET character_set_client = @saved_cs_client;

--
-- Temporary view structure for view `schema_object_overview`
--

DROP TABLE IF EXISTS `schema_object_overview`;
/*!50001 DROP VIEW IF EXISTS `schema_object_overview`*/;
SET @saved_cs_client     = @@character_set_client;
/*!50503 SET character_set_client = utf8mb4 */;
/*!50001 CREATE VIEW `schema_object_overview` AS SELECT 
 1 AS `db`,
 1 AS `object_type`,
 1 AS `count`*/;
SET character_set_client = @saved_cs_client;

--
-- Temporary view structure for view `schema_redundant_indexes`
--

DROP TABLE IF EXISTS `schema_redundant_indexes`;
/*!50001 DROP VIEW IF EXISTS `schema_redundant_indexes`*/;
SET @saved_cs_client     = @@character_set_client;
/*!50503 SET character_set_client = utf8mb4 */;
/*!50001 CREATE VIEW `schema_redundant_indexes` AS SELECT 
 1 AS `table_schema`,
 1 AS `table_name`,
 1 AS `redundant_index_name`,
 1 AS `redundant_index_columns`,
 1 AS `redundant_index_non_unique`,
 1 AS `dominant_index_name`,
 1 AS `dominant_index_columns`,
 1 AS `dominant_index_non_unique`,
 1 AS `subpart_exists`,
 1 AS `sql_drop_index`*/;
SET character_set_client = @saved_cs_client;

--
-- Temporary view structure for view `schema_table_lock_waits`
--

DROP TABLE IF EXISTS `schema_table_lock_waits`;
/*!50001 DROP VIEW IF EXISTS `schema_table_lock_waits`*/;
SET @saved_cs_client     = @@character_set_client;
/*!50503 SET character_set_client = utf8mb4 */;
/*!50001 CREATE VIEW `schema_table_lock_waits` AS SELECT 
 1 AS `object_schema`,
 1 AS `object_name`,
 1 AS `waiting_thread_id`,
 1 AS `waiting_pid`,
 1 AS `waiting_account`,
 1 AS `waiting_lock_type`,
 1 AS `waiting_lock_duration`,
 1 AS `waiting_query`,
 1 AS `waiting_query_secs`,
 1 AS `waiting_query_rows_affected`,
 1 AS `waiting_query_rows_examined`,
 1 AS `blocking_thread_id`,
 1 AS `blocking_pid`,
 1 AS `blocking_account`,
 1 AS `blocking_lock_type`,
 1 AS `blocking_lock_duration`,
 1 AS `sql_kill_blocking_query`,
 1 AS `sql_kill_blocking_connection`*/;
SET character_set_client = @saved_cs_client;

--
-- Temporary view structure for view `schema_table_statistics`
--

DROP TABLE IF EXISTS `schema_table_statistics`;
/*!50001 DROP VIEW IF EXISTS `schema_table_statistics`*/;
SET @saved_cs_client     = @@character_set_client;
/*!50503 SET character_set_client = utf8mb4 */;
/*!50001 CREATE VIEW `schema_table_statistics` AS SELECT 
 1 AS `table_schema`,
 1 AS `table_name`,
 1 AS `total_latency`,
 1 AS `rows_fetched`,
 1 AS `fetch_latency`,
 1 AS `rows_inserted`,
 1 AS `insert_latency`,
 1 AS `rows_updated`,
 1 AS `update_latency`,
 1 AS `rows_deleted`,
 1 AS `delete_latency`,
 1 AS `io_read_requests`,
 1 AS `io_read`,
 1 AS `io_read_latency`,
 1 AS `io_write_requests`,
 1 AS `io_write`,
 1 AS `io_write_latency`,
 1 AS `io_misc_requests`,
 1 AS `io_misc_latency`*/;
SET character_set_client = @saved_cs_client;

--
-- Temporary view structure for view `schema_table_statistics_with_buffer`
--

DROP TABLE IF EXISTS `schema_table_statistics_with_buffer`;
/*!50001 DROP VIEW IF EXISTS `schema_table_statistics_with_buffer`*/;
SET @saved_cs_client     = @@character_set_client;
/*!50503 SET character_set_client = utf8mb4 */;
/*!50001 CREATE VIEW `schema_table_statistics_with_buffer` AS SELECT 
 1 AS `table_schema`,
 1 AS `table_name`,
 1 AS `rows_fetched`,
 1 AS `fetch_latency`,
 1 AS `rows_inserted`,
 1 AS `insert_latency`,
 1 AS `rows_updated`,
 1 AS `update_latency`,
 1 AS `rows_deleted`,
 1 AS `delete_latency`,
 1 AS `io_read_requests`,
 1 AS `io_read`,
 1 AS `io_read_latency`,
 1 AS `io_write_requests`,
 1 AS `io_write`,
 1 AS `io_write_latency`,
 1 AS `io_misc_requests`,
 1 AS `io_misc_latency`,
 1 AS `innodb_buffer_allocated`,
 1 AS `innodb_buffer_data`,
 1 AS `innodb_buffer_free`,
 1 AS `innodb_buffer_pages`,
 1 AS `innodb_buffer_pages_hashed`,
 1 AS `innodb_buffer_pages_old`,
 1 AS `innodb_buffer_rows_cached`*/;
SET character_set_client = @saved_cs_client;

--
-- Temporary view structure for view `schema_tables_with_full_table_scans`
--

DROP TABLE IF EXISTS `schema_tables_with_full_table_scans`;
/*!50001 DROP VIEW IF EXISTS `schema_tables_with_full_table_scans`*/;
SET @saved_cs_client     = @@character_set_client;
/*!50503 SET character_set_client = utf8mb4 */;
/*!50001 CREATE VIEW `schema_tables_with_full_table_scans` AS SELECT 
 1 AS `object_schema`,
 1 AS `object_name`,
 1 AS `rows_full_scanned`,
 1 AS `latency`*/;
SET character_set_client = @saved_cs_client;

--
-- Temporary view structure for view `schema_unused_indexes`
--

DROP TABLE IF EXISTS `schema_unused_indexes`;
/*!50001 DROP VIEW IF EXISTS `schema_unused_indexes`*/;
SET @saved_cs_client     = @@character_set_client;
/*!50503 SET character_set_client = utf8mb4 */;
/*!50001 CREATE VIEW `schema_unused_indexes` AS SELECT 
 1 AS `object_schema`,
 1 AS `object_name`,
 1 AS `index_name`*/;
SET character_set_client = @saved_cs_client;

--
-- Temporary view structure for view `session`
--

DROP TABLE IF EXISTS `session`;
/*!50001 DROP VIEW IF EXISTS `session`*/;
SET @saved_cs_client     = @@character_set_client;
/*!50503 SET character_set_client = utf8mb4 */;
/*!50001 CREATE VIEW `session` AS SELECT 
 1 AS `thd_id`,
 1 AS `conn_id`,
 1 AS `user`,
 1 AS `db`,
 1 AS `command`,
 1 AS `state`,
 1 AS `time`,
 1 AS `current_statement`,
 1 AS `execution_engine`,
 1 AS `statement_latency`,
 1 AS `progress`,
 1 AS `lock_latency`,
 1 AS `cpu_latency`,
 1 AS `rows_examined`,
 1 AS `rows_sent`,
 1 AS `rows_affected`,
 1 AS `tmp_tables`,
 1 AS `tmp_disk_tables`,
 1 AS `full_scan`,
 1 AS `last_statement`,
 1 AS `last_statement_latency`,
 1 AS `current_memory`,
 1 AS `last_wait`,
 1 AS `last_wait_latency`,
 1 AS `source`,
 1 AS `trx_latency`,
 1 AS `trx_state`,
 1 AS `trx_autocommit`,
 1 AS `pid`,
 1 AS `program_name`*/;
SET character_set_client = @saved_cs_client;

--
-- Temporary view structure for view `session_ssl_status`
--

DROP TABLE IF EXISTS `session_ssl_status`;
/*!50001 DROP VIEW IF EXISTS `session_ssl_status`*/;
SET @saved_cs_client     = @@character_set_client;
/*!50503 SET character_set_client = utf8mb4 */;
/*!50001 CREATE VIEW `session_ssl_status` AS SELECT 
 1 AS `thread_id`,
 1 AS `ssl_version`,
 1 AS `ssl_cipher`,
 1 AS `ssl_sessions_reused`*/;
SET character_set_client = @saved_cs_client;

--
-- Temporary view structure for view `statement_analysis`
--

DROP TABLE IF EXISTS `statement_analysis`;
/*!50001 DROP VIEW IF EXISTS `statement_analysis`*/;
SET @saved_cs_client     = @@character_set_client;
/*!50503 SET character_set_client = utf8mb4 */;
/*!50001 CREATE VIEW `statement_analysis` AS SELECT 
 1 AS `query`,
 1 AS `db`,
 1 AS `full_scan`,
 1 AS `exec_count`,
 1 AS `err_count`,
 1 AS `warn_count`,
 1 AS `total_latency`,
 1 AS `max_latency`,
 1 AS `avg_latency`,
 1 AS `lock_latency`,
 1 AS `cpu_latency`,
 1 AS `rows_sent`,
 1 AS `rows_sent_avg`,
 1 AS `rows_examined`,
 1 AS `rows_examined_avg`,
 1 AS `rows_affected`,
 1 AS `rows_affected_avg`,
 1 AS `tmp_tables`,
 1 AS `tmp_disk_tables`,
 1 AS `rows_sorted`,
 1 AS `sort_merge_passes`,
 1 AS `max_controlled_memory`,
 1 AS `max_total_memory`,
 1 AS `digest`,
 1 AS `first_seen`,
 1 AS `last_seen`*/;
SET character_set_client = @saved_cs_client;

--
-- Temporary view structure for view `statements_with_errors_or_warnings`
--

DROP TABLE IF EXISTS `statements_with_errors_or_warnings`;
/*!50001 DROP VIEW IF EXISTS `statements_with_errors_or_warnings`*/;
SET @saved_cs_client     = @@character_set_client;
/*!50503 SET character_set_client = utf8mb4 */;
/*!50001 CREATE VIEW `statements_with_errors_or_warnings` AS SELECT 
 1 AS `query`,
 1 AS `db`,
 1 AS `exec_count`,
 1 AS `errors`,
 1 AS `error_pct`,
 1 AS `warnings`,
 1 AS `warning_pct`,
 1 AS `first_seen`,
 1 AS `last_seen`,
 1 AS `digest`*/;
SET character_set_client = @saved_cs_client;

--
-- Temporary view structure for view `statements_with_full_table_scans`
--

DROP TABLE IF EXISTS `statements_with_full_table_scans`;
/*!50001 DROP VIEW IF EXISTS `statements_with_full_table_scans`*/;
SET @saved_cs_client     = @@character_set_client;
/*!50503 SET character_set_client = utf8mb4 */;
/*!50001 CREATE VIEW `statements_with_full_table_scans` AS SELECT 
 1 AS `query`,
 1 AS `db`,
 1 AS `exec_count`,
 1 AS `total_latency`,
 1 AS `no_index_used_count`,
 1 AS `no_good_index_used_count`,
 1 AS `no_index_used_pct`,
 1 AS `rows_sent`,
 1 AS `rows_examined`,
 1 AS `rows_sent_avg`,
 1 AS `rows_examined_avg`,
 1 AS `first_seen`,
 1 AS `last_seen`,
 1 AS `digest`*/;
SET character_set_client = @saved_cs_client;

--
-- Temporary view structure for view `statements_with_runtimes_in_95th_percentile`
--

DROP TABLE IF EXISTS `statements_with_runtimes_in_95th_percentile`;
/*!50001 DROP VIEW IF EXISTS `statements_with_runtimes_in_95th_percentile`*/;
SET @saved_cs_client     = @@character_set_client;
/*!50503 SET character_set_client = utf8mb4 */;
/*!50001 CREATE VIEW `statements_with_runtimes_in_95th_percentile` AS SELECT 
 1 AS `query`,
 1 AS `db`,
 1 AS `full_scan`,
 1 AS `exec_count`,
 1 AS `err_count`,
 1 AS `warn_count`,
 1 AS `total_latency`,
 1 AS `max_latency`,
 1 AS `avg_latency`,
 1 AS `rows_sent`,
 1 AS `rows_sent_avg`,
 1 AS `rows_examined`,
 1 AS `rows_examined_avg`,
 1 AS `first_seen`,
 1 AS `last_seen`,
 1 AS `digest`*/;
SET character_set_client = @saved_cs_client;

--
-- Temporary view structure for view `statements_with_sorting`
--

DROP TABLE IF EXISTS `statements_with_sorting`;
/*!50001 DROP VIEW IF EXISTS `statements_with_sorting`*/;
SET @saved_cs_client     = @@character_set_client;
/*!50503 SET character_set_client = utf8mb4 */;
/*!50001 CREATE VIEW `statements_with_sorting` AS SELECT 
 1 AS `query`,
 1 AS `db`,
 1 AS `exec_count`,
 1 AS `total_latency`,
 1 AS `sort_merge_passes`,
 1 AS `avg_sort_merges`,
 1 AS `sorts_using_scans`,
 1 AS `sort_using_range`,
 1 AS `rows_sorted`,
 1 AS `avg_rows_sorted`,
 1 AS `first_seen`,
 1 AS `last_seen`,
 1 AS `digest`*/;
SET character_set_client = @saved_cs_client;

--
-- Temporary view structure for view `statements_with_temp_tables`
--

DROP TABLE IF EXISTS `statements_with_temp_tables`;
/*!50001 DROP VIEW IF EXISTS `statements_with_temp_tables`*/;
SET @saved_cs_client     = @@character_set_client;
/*!50503 SET character_set_client = utf8mb4 */;
/*!50001 CREATE VIEW `statements_with_temp_tables` AS SELECT 
 1 AS `query`,
 1 AS `db`,
 1 AS `exec_count`,
 1 AS `total_latency`,
 1 AS `memory_tmp_tables`,
 1 AS `disk_tmp_tables`,
 1 AS `avg_tmp_tables_per_query`,
 1 AS `tmp_tables_to_disk_pct`,
 1 AS `first_seen`,
 1 AS `last_seen`,
 1 AS `digest`*/;
SET character_set_client = @saved_cs_client;

--
-- Table structure for table `sys_config`
--

DROP TABLE IF EXISTS `sys_config`;
/*!40101 SET @saved_cs_client     = @@character_set_client */;
/*!50503 SET character_set_client = utf8mb4 */;
CREATE TABLE `sys_config` (
  `variable` varchar(128) NOT NULL,
  `value` varchar(128) DEFAULT NULL,
  `set_time` timestamp NULL DEFAULT CURRENT_TIMESTAMP ON UPDATE CURRENT_TIMESTAMP,
  `set_by` varchar(128) DEFAULT NULL,
  PRIMARY KEY (`variable`)
) ENGINE=InnoDB DEFAULT CHARSET=utf8mb4 COLLATE=utf8mb4_0900_ai_ci;
/*!40101 SET character_set_client = @saved_cs_client */;

--
-- Dumping data for table `sys_config`
--

LOCK TABLES `sys_config` WRITE;
/*!40000 ALTER TABLE `sys_config` DISABLE KEYS */;
INSERT INTO `sys_config` VALUES ('diagnostics.allow_i_s_tables','OFF','2026-02-26 00:20:31',NULL),('diagnostics.include_raw','OFF','2026-02-26 00:20:31',NULL),('ps_thread_trx_info.max_length','65535','2026-02-26 00:20:31',NULL),('statement_performance_analyzer.limit','100','2026-02-26 00:20:31',NULL),('statement_performance_analyzer.view',NULL,'2026-02-26 00:20:31',NULL),('statement_truncate_len','64','2026-02-26 00:20:31',NULL);
/*!40000 ALTER TABLE `sys_config` ENABLE KEYS */;
UNLOCK TABLES;

--
-- Temporary view structure for view `user_summary`
--

DROP TABLE IF EXISTS `user_summary`;
/*!50001 DROP VIEW IF EXISTS `user_summary`*/;
SET @saved_cs_client     = @@character_set_client;
/*!50503 SET character_set_client = utf8mb4 */;
/*!50001 CREATE VIEW `user_summary` AS SELECT 
 1 AS `user`,
 1 AS `statements`,
 1 AS `statement_latency`,
 1 AS `statement_avg_latency`,
 1 AS `table_scans`,
 1 AS `file_ios`,
 1 AS `file_io_latency`,
 1 AS `current_connections`,
 1 AS `total_connections`,
 1 AS `unique_hosts`,
 1 AS `current_memory`,
 1 AS `total_memory_allocated`*/;
SET character_set_client = @saved_cs_client;

--
-- Temporary view structure for view `user_summary_by_file_io`
--

DROP TABLE IF EXISTS `user_summary_by_file_io`;
/*!50001 DROP VIEW IF EXISTS `user_summary_by_file_io`*/;
SET @saved_cs_client     = @@character_set_client;
/*!50503 SET character_set_client = utf8mb4 */;
/*!50001 CREATE VIEW `user_summary_by_file_io` AS SELECT 
 1 AS `user`,
 1 AS `ios`,
 1 AS `io_latency`*/;
SET character_set_client = @saved_cs_client;

--
-- Temporary view structure for view `user_summary_by_file_io_type`
--

DROP TABLE IF EXISTS `user_summary_by_file_io_type`;
/*!50001 DROP VIEW IF EXISTS `user_summary_by_file_io_type`*/;
SET @saved_cs_client     = @@character_set_client;
/*!50503 SET character_set_client = utf8mb4 */;
/*!50001 CREATE VIEW `user_summary_by_file_io_type` AS SELECT 
 1 AS `user`,
 1 AS `event_name`,
 1 AS `total`,
 1 AS `latency`,
 1 AS `max_latency`*/;
SET character_set_client = @saved_cs_client;

--
-- Temporary view structure for view `user_summary_by_stages`
--

DROP TABLE IF EXISTS `user_summary_by_stages`;
/*!50001 DROP VIEW IF EXISTS `user_summary_by_stages`*/;
SET @saved_cs_client     = @@character_set_client;
/*!50503 SET character_set_client = utf8mb4 */;
/*!50001 CREATE VIEW `user_summary_by_stages` AS SELECT 
 1 AS `user`,
 1 AS `event_name`,
 1 AS `total`,
 1 AS `total_latency`,
 1 AS `avg_latency`*/;
SET character_set_client = @saved_cs_client;

--
-- Temporary view structure for view `user_summary_by_statement_latency`
--

DROP TABLE IF EXISTS `user_summary_by_statement_latency`;
/*!50001 DROP VIEW IF EXISTS `user_summary_by_statement_latency`*/;
SET @saved_cs_client     = @@character_set_client;
/*!50503 SET character_set_client = utf8mb4 */;
/*!50001 CREATE VIEW `user_summary_by_statement_latency` AS SELECT 
 1 AS `user`,
 1 AS `total`,
 1 AS `total_latency`,
 1 AS `max_latency`,
 1 AS `lock_latency`,
 1 AS `cpu_latency`,
 1 AS `rows_sent`,
 1 AS `rows_examined`,
 1 AS `rows_affected`,
 1 AS `full_scans`*/;
SET character_set_client = @saved_cs_client;

--
-- Temporary view structure for view `user_summary_by_statement_type`
--

DROP TABLE IF EXISTS `user_summary_by_statement_type`;
/*!50001 DROP VIEW IF EXISTS `user_summary_by_statement_type`*/;
SET @saved_cs_client     = @@character_set_client;
/*!50503 SET character_set_client = utf8mb4 */;
/*!50001 CREATE VIEW `user_summary_by_statement_type` AS SELECT 
 1 AS `user`,
 1 AS `statement`,
 1 AS `total`,
 1 AS `total_latency`,
 1 AS `max_latency`,
 1 AS `lock_latency`,
 1 AS `cpu_latency`,
 1 AS `rows_sent`,
 1 AS `rows_examined`,
 1 AS `rows_affected`,
 1 AS `full_scans`*/;
SET character_set_client = @saved_cs_client;

--
-- Temporary view structure for view `version`
--

DROP TABLE IF EXISTS `version`;
/*!50001 DROP VIEW IF EXISTS `version`*/;
SET @saved_cs_client     = @@character_set_client;
/*!50503 SET character_set_client = utf8mb4 */;
/*!50001 CREATE VIEW `version` AS SELECT 
 1 AS `sys_version`,
 1 AS `mysql_version`*/;
SET character_set_client = @saved_cs_client;

--
-- Temporary view structure for view `wait_classes_global_by_avg_latency`
--

DROP TABLE IF EXISTS `wait_classes_global_by_avg_latency`;
/*!50001 DROP VIEW IF EXISTS `wait_classes_global_by_avg_latency`*/;
SET @saved_cs_client     = @@character_set_client;
/*!50503 SET character_set_client = utf8mb4 */;
/*!50001 CREATE VIEW `wait_classes_global_by_avg_latency` AS SELECT 
 1 AS `event_class`,
 1 AS `total`,
 1 AS `total_latency`,
 1 AS `min_latency`,
 1 AS `avg_latency`,
 1 AS `max_latency`*/;
SET character_set_client = @saved_cs_client;

--
-- Temporary view structure for view `wait_classes_global_by_latency`
--

DROP TABLE IF EXISTS `wait_classes_global_by_latency`;
/*!50001 DROP VIEW IF EXISTS `wait_classes_global_by_latency`*/;
SET @saved_cs_client     = @@character_set_client;
/*!50503 SET character_set_client = utf8mb4 */;
/*!50001 CREATE VIEW `wait_classes_global_by_latency` AS SELECT 
 1 AS `event_class`,
 1 AS `total`,
 1 AS `total_latency`,
 1 AS `min_latency`,
 1 AS `avg_latency`,
 1 AS `max_latency`*/;
SET character_set_client = @saved_cs_client;

--
-- Temporary view structure for view `waits_by_host_by_latency`
--

DROP TABLE IF EXISTS `waits_by_host_by_latency`;
/*!50001 DROP VIEW IF EXISTS `waits_by_host_by_latency`*/;
SET @saved_cs_client     = @@character_set_client;
/*!50503 SET character_set_client = utf8mb4 */;
/*!50001 CREATE VIEW `waits_by_host_by_latency` AS SELECT 
 1 AS `host`,
 1 AS `event`,
 1 AS `total`,
 1 AS `total_latency`,
 1 AS `avg_latency`,
 1 AS `max_latency`*/;
SET character_set_client = @saved_cs_client;

--
-- Temporary view structure for view `waits_by_user_by_latency`
--

DROP TABLE IF EXISTS `waits_by_user_by_latency`;
/*!50001 DROP VIEW IF EXISTS `waits_by_user_by_latency`*/;
SET @saved_cs_client     = @@character_set_client;
/*!50503 SET character_set_client = utf8mb4 */;
/*!50001 CREATE VIEW `waits_by_user_by_latency` AS SELECT 
 1 AS `user`,
 1 AS `event`,
 1 AS `total`,
 1 AS `total_latency`,
 1 AS `avg_latency`,
 1 AS `max_latency`*/;
SET character_set_client = @saved_cs_client;

--
-- Temporary view structure for view `waits_global_by_latency`
--

DROP TABLE IF EXISTS `waits_global_by_latency`;
/*!50001 DROP VIEW IF EXISTS `waits_global_by_latency`*/;
SET @saved_cs_client     = @@character_set_client;
/*!50503 SET character_set_client = utf8mb4 */;
/*!50001 CREATE VIEW `waits_global_by_latency` AS SELECT 
 1 AS `events`,
 1 AS `total`,
 1 AS `total_latency`,
 1 AS `avg_latency`,
 1 AS `max_latency`*/;
SET character_set_client = @saved_cs_client;

--
-- Temporary view structure for view `x$host_summary`
--

DROP TABLE IF EXISTS `x$host_summary`;
/*!50001 DROP VIEW IF EXISTS `x$host_summary`*/;
SET @saved_cs_client     = @@character_set_client;
/*!50503 SET character_set_client = utf8mb4 */;
/*!50001 CREATE VIEW `x$host_summary` AS SELECT 
 1 AS `host`,
 1 AS `statements`,
 1 AS `statement_latency`,
 1 AS `statement_avg_latency`,
 1 AS `table_scans`,
 1 AS `file_ios`,
 1 AS `file_io_latency`,
 1 AS `current_connections`,
 1 AS `total_connections`,
 1 AS `unique_users`,
 1 AS `current_memory`,
 1 AS `total_memory_allocated`*/;
SET character_set_client = @saved_cs_client;

--
-- Temporary view structure for view `x$host_summary_by_file_io`
--

DROP TABLE IF EXISTS `x$host_summary_by_file_io`;
/*!50001 DROP VIEW IF EXISTS `x$host_summary_by_file_io`*/;
SET @saved_cs_client     = @@character_set_client;
/*!50503 SET character_set_client = utf8mb4 */;
/*!50001 CREATE VIEW `x$host_summary_by_file_io` AS SELECT 
 1 AS `host`,
 1 AS `ios`,
 1 AS `io_latency`*/;
SET character_set_client = @saved_cs_client;

--
-- Temporary view structure for view `x$host_summary_by_file_io_type`
--

DROP TABLE IF EXISTS `x$host_summary_by_file_io_type`;
/*!50001 DROP VIEW IF EXISTS `x$host_summary_by_file_io_type`*/;
SET @saved_cs_client     = @@character_set_client;
/*!50503 SET character_set_client = utf8mb4 */;
/*!50001 CREATE VIEW `x$host_summary_by_file_io_type` AS SELECT 
 1 AS `host`,
 1 AS `event_name`,
 1 AS `total`,
 1 AS `total_latency`,
 1 AS `max_latency`*/;
SET character_set_client = @saved_cs_client;

--
-- Temporary view structure for view `x$host_summary_by_stages`
--

DROP TABLE IF EXISTS `x$host_summary_by_stages`;
/*!50001 DROP VIEW IF EXISTS `x$host_summary_by_stages`*/;
SET @saved_cs_client     = @@character_set_client;
/*!50503 SET character_set_client = utf8mb4 */;
/*!50001 CREATE VIEW `x$host_summary_by_stages` AS SELECT 
 1 AS `host`,
 1 AS `event_name`,
 1 AS `total`,
 1 AS `total_latency`,
 1 AS `avg_latency`*/;
SET character_set_client = @saved_cs_client;

--
-- Temporary view structure for view `x$host_summary_by_statement_latency`
--

DROP TABLE IF EXISTS `x$host_summary_by_statement_latency`;
/*!50001 DROP VIEW IF EXISTS `x$host_summary_by_statement_latency`*/;
SET @saved_cs_client     = @@character_set_client;
/*!50503 SET character_set_client = utf8mb4 */;
/*!50001 CREATE VIEW `x$host_summary_by_statement_latency` AS SELECT 
 1 AS `host`,
 1 AS `total`,
 1 AS `total_latency`,
 1 AS `max_latency`,
 1 AS `lock_latency`,
 1 AS `cpu_latency`,
 1 AS `rows_sent`,
 1 AS `rows_examined`,
 1 AS `rows_affected`,
 1 AS `full_scans`*/;
SET character_set_client = @saved_cs_client;

--
-- Temporary view structure for view `x$host_summary_by_statement_type`
--

DROP TABLE IF EXISTS `x$host_summary_by_statement_type`;
/*!50001 DROP VIEW IF EXISTS `x$host_summary_by_statement_type`*/;
SET @saved_cs_client     = @@character_set_client;
/*!50503 SET character_set_client = utf8mb4 */;
/*!50001 CREATE VIEW `x$host_summary_by_statement_type` AS SELECT 
 1 AS `host`,
 1 AS `statement`,
 1 AS `total`,
 1 AS `total_latency`,
 1 AS `max_latency`,
 1 AS `lock_latency`,
 1 AS `cpu_latency`,
 1 AS `rows_sent`,
 1 AS `rows_examined`,
 1 AS `rows_affected`,
 1 AS `full_scans`*/;
SET character_set_client = @saved_cs_client;

--
-- Temporary view structure for view `x$innodb_buffer_stats_by_schema`
--

DROP TABLE IF EXISTS `x$innodb_buffer_stats_by_schema`;
/*!50001 DROP VIEW IF EXISTS `x$innodb_buffer_stats_by_schema`*/;
SET @saved_cs_client     = @@character_set_client;
/*!50503 SET character_set_client = utf8mb4 */;
/*!50001 CREATE VIEW `x$innodb_buffer_stats_by_schema` AS SELECT 
 1 AS `object_schema`,
 1 AS `allocated`,
 1 AS `data`,
 1 AS `pages`,
 1 AS `pages_hashed`,
 1 AS `pages_old`,
 1 AS `rows_cached`*/;
SET character_set_client = @saved_cs_client;

--
-- Temporary view structure for view `x$innodb_buffer_stats_by_table`
--

DROP TABLE IF EXISTS `x$innodb_buffer_stats_by_table`;
/*!50001 DROP VIEW IF EXISTS `x$innodb_buffer_stats_by_table`*/;
SET @saved_cs_client     = @@character_set_client;
/*!50503 SET character_set_client = utf8mb4 */;
/*!50001 CREATE VIEW `x$innodb_buffer_stats_by_table` AS SELECT 
 1 AS `object_schema`,
 1 AS `object_name`,
 1 AS `allocated`,
 1 AS `data`,
 1 AS `pages`,
 1 AS `pages_hashed`,
 1 AS `pages_old`,
 1 AS `rows_cached`*/;
SET character_set_client = @saved_cs_client;

--
-- Temporary view structure for view `x$innodb_lock_waits`
--

DROP TABLE IF EXISTS `x$innodb_lock_waits`;
/*!50001 DROP VIEW IF EXISTS `x$innodb_lock_waits`*/;
SET @saved_cs_client     = @@character_set_client;
/*!50503 SET character_set_client = utf8mb4 */;
/*!50001 CREATE VIEW `x$innodb_lock_waits` AS SELECT 
 1 AS `wait_started`,
 1 AS `wait_age`,
 1 AS `wait_age_secs`,
 1 AS `locked_table`,
 1 AS `locked_table_schema`,
 1 AS `locked_table_name`,
 1 AS `locked_table_partition`,
 1 AS `locked_table_subpartition`,
 1 AS `locked_index`,
 1 AS `locked_type`,
 1 AS `waiting_trx_id`,
 1 AS `waiting_trx_started`,
 1 AS `waiting_trx_age`,
 1 AS `waiting_trx_rows_locked`,
 1 AS `waiting_trx_rows_modified`,
 1 AS `waiting_pid`,
 1 AS `waiting_query`,
 1 AS `waiting_lock_id`,
 1 AS `waiting_lock_mode`,
 1 AS `blocking_trx_id`,
 1 AS `blocking_pid`,
 1 AS `blocking_query`,
 1 AS `blocking_lock_id`,
 1 AS `blocking_lock_mode`,
 1 AS `blocking_trx_started`,
 1 AS `blocking_trx_age`,
 1 AS `blocking_trx_rows_locked`,
 1 AS `blocking_trx_rows_modified`,
 1 AS `sql_kill_blocking_query`,
 1 AS `sql_kill_blocking_connection`*/;
SET character_set_client = @saved_cs_client;

--
-- Temporary view structure for view `x$io_by_thread_by_latency`
--

DROP TABLE IF EXISTS `x$io_by_thread_by_latency`;
/*!50001 DROP VIEW IF EXISTS `x$io_by_thread_by_latency`*/;
SET @saved_cs_client     = @@character_set_client;
/*!50503 SET character_set_client = utf8mb4 */;
/*!50001 CREATE VIEW `x$io_by_thread_by_latency` AS SELECT 
 1 AS `user`,
 1 AS `total`,
 1 AS `total_latency`,
 1 AS `min_latency`,
 1 AS `avg_latency`,
 1 AS `max_latency`,
 1 AS `thread_id`,
 1 AS `processlist_id`*/;
SET character_set_client = @saved_cs_client;

--
-- Temporary view structure for view `x$io_global_by_file_by_bytes`
--

DROP TABLE IF EXISTS `x$io_global_by_file_by_bytes`;
/*!50001 DROP VIEW IF EXISTS `x$io_global_by_file_by_bytes`*/;
SET @saved_cs_client     = @@character_set_client;
/*!50503 SET character_set_client = utf8mb4 */;
/*!50001 CREATE VIEW `x$io_global_by_file_by_bytes` AS SELECT 
 1 AS `file`,
 1 AS `count_read`,
 1 AS `total_read`,
 1 AS `avg_read`,
 1 AS `count_write`,
 1 AS `total_written`,
 1 AS `avg_write`,
 1 AS `total`,
 1 AS `write_pct`*/;
SET character_set_client = @saved_cs_client;

--
-- Temporary view structure for view `x$io_global_by_file_by_latency`
--

DROP TABLE IF EXISTS `x$io_global_by_file_by_latency`;
/*!50001 DROP VIEW IF EXISTS `x$io_global_by_file_by_latency`*/;
SET @saved_cs_client     = @@character_set_client;
/*!50503 SET character_set_client = utf8mb4 */;
/*!50001 CREATE VIEW `x$io_global_by_file_by_latency` AS SELECT 
 1 AS `file`,
 1 AS `total`,
 1 AS `total_latency`,
 1 AS `count_read`,
 1 AS `read_latency`,
 1 AS `count_write`,
 1 AS `write_latency`,
 1 AS `count_misc`,
 1 AS `misc_latency`*/;
SET character_set_client = @saved_cs_client;

--
-- Temporary view structure for view `x$io_global_by_wait_by_bytes`
--

DROP TABLE IF EXISTS `x$io_global_by_wait_by_bytes`;
/*!50001 DROP VIEW IF EXISTS `x$io_global_by_wait_by_bytes`*/;
SET @saved_cs_client     = @@character_set_client;
/*!50503 SET character_set_client = utf8mb4 */;
/*!50001 CREATE VIEW `x$io_global_by_wait_by_bytes` AS SELECT 
 1 AS `event_name`,
 1 AS `total`,
 1 AS `total_latency`,
 1 AS `min_latency`,
 1 AS `avg_latency`,
 1 AS `max_latency`,
 1 AS `count_read`,
 1 AS `total_read`,
 1 AS `avg_read`,
 1 AS `count_write`,
 1 AS `total_written`,
 1 AS `avg_written`,
 1 AS `total_requested`*/;
SET character_set_client = @saved_cs_client;

--
-- Temporary view structure for view `x$io_global_by_wait_by_latency`
--

DROP TABLE IF EXISTS `x$io_global_by_wait_by_latency`;
/*!50001 DROP VIEW IF EXISTS `x$io_global_by_wait_by_latency`*/;
SET @saved_cs_client     = @@character_set_client;
/*!50503 SET character_set_client = utf8mb4 */;
/*!50001 CREATE VIEW `x$io_global_by_wait_by_latency` AS SELECT 
 1 AS `event_name`,
 1 AS `total`,
 1 AS `total_latency`,
 1 AS `avg_latency`,
 1 AS `max_latency`,
 1 AS `read_latency`,
 1 AS `write_latency`,
 1 AS `misc_latency`,
 1 AS `count_read`,
 1 AS `total_read`,
 1 AS `avg_read`,
 1 AS `count_write`,
 1 AS `total_written`,
 1 AS `avg_written`*/;
SET character_set_client = @saved_cs_client;

--
-- Temporary view structure for view `x$latest_file_io`
--

DROP TABLE IF EXISTS `x$latest_file_io`;
/*!50001 DROP VIEW IF EXISTS `x$latest_file_io`*/;
SET @saved_cs_client     = @@character_set_client;
/*!50503 SET character_set_client = utf8mb4 */;
/*!50001 CREATE VIEW `x$latest_file_io` AS SELECT 
 1 AS `thread`,
 1 AS `file`,
 1 AS `latency`,
 1 AS `operation`,
 1 AS `requested`*/;
SET character_set_client = @saved_cs_client;

--
-- Temporary view structure for view `x$memory_by_host_by_current_bytes`
--

DROP TABLE IF EXISTS `x$memory_by_host_by_current_bytes`;
/*!50001 DROP VIEW IF EXISTS `x$memory_by_host_by_current_bytes`*/;
SET @saved_cs_client     = @@character_set_client;
/*!50503 SET character_set_client = utf8mb4 */;
/*!50001 CREATE VIEW `x$memory_by_host_by_current_bytes` AS SELECT 
 1 AS `host`,
 1 AS `current_count_used`,
 1 AS `current_allocated`,
 1 AS `current_avg_alloc`,
 1 AS `current_max_alloc`,
 1 AS `total_allocated`*/;
SET character_set_client = @saved_cs_client;

--
-- Temporary view structure for view `x$memory_by_thread_by_current_bytes`
--

DROP TABLE IF EXISTS `x$memory_by_thread_by_current_bytes`;
/*!50001 DROP VIEW IF EXISTS `x$memory_by_thread_by_current_bytes`*/;
SET @saved_cs_client     = @@character_set_client;
/*!50503 SET character_set_client = utf8mb4 */;
/*!50001 CREATE VIEW `x$memory_by_thread_by_current_bytes` AS SELECT 
 1 AS `thread_id`,
 1 AS `user`,
 1 AS `current_count_used`,
 1 AS `current_allocated`,
 1 AS `current_avg_alloc`,
 1 AS `current_max_alloc`,
 1 AS `total_allocated`*/;
SET character_set_client = @saved_cs_client;

--
-- Temporary view structure for view `x$memory_by_user_by_current_bytes`
--

DROP TABLE IF EXISTS `x$memory_by_user_by_current_bytes`;
/*!50001 DROP VIEW IF EXISTS `x$memory_by_user_by_current_bytes`*/;
SET @saved_cs_client     = @@character_set_client;
/*!50503 SET character_set_client = utf8mb4 */;
/*!50001 CREATE VIEW `x$memory_by_user_by_current_bytes` AS SELECT 
 1 AS `user`,
 1 AS `current_count_used`,
 1 AS `current_allocated`,
 1 AS `current_avg_alloc`,
 1 AS `current_max_alloc`,
 1 AS `total_allocated`*/;
SET character_set_client = @saved_cs_client;

--
-- Temporary view structure for view `x$memory_global_by_current_bytes`
--

DROP TABLE IF EXISTS `x$memory_global_by_current_bytes`;
/*!50001 DROP VIEW IF EXISTS `x$memory_global_by_current_bytes`*/;
SET @saved_cs_client     = @@character_set_client;
/*!50503 SET character_set_client = utf8mb4 */;
/*!50001 CREATE VIEW `x$memory_global_by_current_bytes` AS SELECT 
 1 AS `event_name`,
 1 AS `current_count`,
 1 AS `current_alloc`,
 1 AS `current_avg_alloc`,
 1 AS `high_count`,
 1 AS `high_alloc`,
 1 AS `high_avg_alloc`*/;
SET character_set_client = @saved_cs_client;

--
-- Temporary view structure for view `x$memory_global_total`
--

DROP TABLE IF EXISTS `x$memory_global_total`;
/*!50001 DROP VIEW IF EXISTS `x$memory_global_total`*/;
SET @saved_cs_client     = @@character_set_client;
/*!50503 SET character_set_client = utf8mb4 */;
/*!50001 CREATE VIEW `x$memory_global_total` AS SELECT 
 1 AS `total_allocated`*/;
SET character_set_client = @saved_cs_client;

--
-- Temporary view structure for view `x$processlist`
--

DROP TABLE IF EXISTS `x$processlist`;
/*!50001 DROP VIEW IF EXISTS `x$processlist`*/;
SET @saved_cs_client     = @@character_set_client;
/*!50503 SET character_set_client = utf8mb4 */;
/*!50001 CREATE VIEW `x$processlist` AS SELECT 
 1 AS `thd_id`,
 1 AS `conn_id`,
 1 AS `user`,
 1 AS `db`,
 1 AS `command`,
 1 AS `state`,
 1 AS `time`,
 1 AS `current_statement`,
 1 AS `execution_engine`,
 1 AS `statement_latency`,
 1 AS `progress`,
 1 AS `lock_latency`,
 1 AS `cpu_latency`,
 1 AS `rows_examined`,
 1 AS `rows_sent`,
 1 AS `rows_affected`,
 1 AS `tmp_tables`,
 1 AS `tmp_disk_tables`,
 1 AS `full_scan`,
 1 AS `last_statement`,
 1 AS `last_statement_latency`,
 1 AS `current_memory`,
 1 AS `last_wait`,
 1 AS `last_wait_latency`,
 1 AS `source`,
 1 AS `trx_latency`,
 1 AS `trx_state`,
 1 AS `trx_autocommit`,
 1 AS `pid`,
 1 AS `program_name`*/;
SET character_set_client = @saved_cs_client;

--
-- Temporary view structure for view `x$ps_digest_95th_percentile_by_avg_us`
--

DROP TABLE IF EXISTS `x$ps_digest_95th_percentile_by_avg_us`;
/*!50001 DROP VIEW IF EXISTS `x$ps_digest_95th_percentile_by_avg_us`*/;
SET @saved_cs_client     = @@character_set_client;
/*!50503 SET character_set_client = utf8mb4 */;
/*!50001 CREATE VIEW `x$ps_digest_95th_percentile_by_avg_us` AS SELECT 
 1 AS `avg_us`,
 1 AS `percentile`*/;
SET character_set_client = @saved_cs_client;

--
-- Temporary view structure for view `x$ps_digest_avg_latency_distribution`
--

DROP TABLE IF EXISTS `x$ps_digest_avg_latency_distribution`;
/*!50001 DROP VIEW IF EXISTS `x$ps_digest_avg_latency_distribution`*/;
SET @saved_cs_client     = @@character_set_client;
/*!50503 SET character_set_client = utf8mb4 */;
/*!50001 CREATE VIEW `x$ps_digest_avg_latency_distribution` AS SELECT 
 1 AS `cnt`,
 1 AS `avg_us`*/;
SET character_set_client = @saved_cs_client;

--
-- Temporary view structure for view `x$ps_schema_table_statistics_io`
--

DROP TABLE IF EXISTS `x$ps_schema_table_statistics_io`;
/*!50001 DROP VIEW IF EXISTS `x$ps_schema_table_statistics_io`*/;
SET @saved_cs_client     = @@character_set_client;
/*!50503 SET character_set_client = utf8mb4 */;
/*!50001 CREATE VIEW `x$ps_schema_table_statistics_io` AS SELECT 
 1 AS `table_schema`,
 1 AS `table_name`,
 1 AS `count_read`,
 1 AS `sum_number_of_bytes_read`,
 1 AS `sum_timer_read`,
 1 AS `count_write`,
 1 AS `sum_number_of_bytes_write`,
 1 AS `sum_timer_write`,
 1 AS `count_misc`,
 1 AS `sum_timer_misc`*/;
SET character_set_client = @saved_cs_client;

--
-- Temporary view structure for view `x$schema_flattened_keys`
--

DROP TABLE IF EXISTS `x$schema_flattened_keys`;
/*!50001 DROP VIEW IF EXISTS `x$schema_flattened_keys`*/;
SET @saved_cs_client     = @@character_set_client;
/*!50503 SET character_set_client = utf8mb4 */;
/*!50001 CREATE VIEW `x$schema_flattened_keys` AS SELECT 
 1 AS `table_schema`,
 1 AS `table_name`,
 1 AS `index_name`,
 1 AS `non_unique`,
 1 AS `subpart_exists`,
 1 AS `index_columns`*/;
SET character_set_client = @saved_cs_client;

--
-- Temporary view structure for view `x$schema_index_statistics`
--

DROP TABLE IF EXISTS `x$schema_index_statistics`;
/*!50001 DROP VIEW IF EXISTS `x$schema_index_statistics`*/;
SET @saved_cs_client     = @@character_set_client;
/*!50503 SET character_set_client = utf8mb4 */;
/*!50001 CREATE VIEW `x$schema_index_statistics` AS SELECT 
 1 AS `table_schema`,
 1 AS `table_name`,
 1 AS `index_name`,
 1 AS `rows_selected`,
 1 AS `select_latency`,
 1 AS `rows_inserted`,
 1 AS `insert_latency`,
 1 AS `rows_updated`,
 1 AS `update_latency`,
 1 AS `rows_deleted`,
 1 AS `delete_latency`*/;
SET character_set_client = @saved_cs_client;

--
-- Temporary view structure for view `x$schema_table_lock_waits`
--

DROP TABLE IF EXISTS `x$schema_table_lock_waits`;
/*!50001 DROP VIEW IF EXISTS `x$schema_table_lock_waits`*/;
SET @saved_cs_client     = @@character_set_client;
/*!50503 SET character_set_client = utf8mb4 */;
/*!50001 CREATE VIEW `x$schema_table_lock_waits` AS SELECT 
 1 AS `object_schema`,
 1 AS `object_name`,
 1 AS `waiting_thread_id`,
 1 AS `waiting_pid`,
 1 AS `waiting_account`,
 1 AS `waiting_lock_type`,
 1 AS `waiting_lock_duration`,
 1 AS `waiting_query`,
 1 AS `waiting_query_secs`,
 1 AS `waiting_query_rows_affected`,
 1 AS `waiting_query_rows_examined`,
 1 AS `blocking_thread_id`,
 1 AS `blocking_pid`,
 1 AS `blocking_account`,
 1 AS `blocking_lock_type`,
 1 AS `blocking_lock_duration`,
 1 AS `sql_kill_blocking_query`,
 1 AS `sql_kill_blocking_connection`*/;
SET character_set_client = @saved_cs_client;

--
-- Temporary view structure for view `x$schema_table_statistics`
--

DROP TABLE IF EXISTS `x$schema_table_statistics`;
/*!50001 DROP VIEW IF EXISTS `x$schema_table_statistics`*/;
SET @saved_cs_client     = @@character_set_client;
/*!50503 SET character_set_client = utf8mb4 */;
/*!50001 CREATE VIEW `x$schema_table_statistics` AS SELECT 
 1 AS `table_schema`,
 1 AS `table_name`,
 1 AS `total_latency`,
 1 AS `rows_fetched`,
 1 AS `fetch_latency`,
 1 AS `rows_inserted`,
 1 AS `insert_latency`,
 1 AS `rows_updated`,
 1 AS `update_latency`,
 1 AS `rows_deleted`,
 1 AS `delete_latency`,
 1 AS `io_read_requests`,
 1 AS `io_read`,
 1 AS `io_read_latency`,
 1 AS `io_write_requests`,
 1 AS `io_write`,
 1 AS `io_write_latency`,
 1 AS `io_misc_requests`,
 1 AS `io_misc_latency`*/;
SET character_set_client = @saved_cs_client;

--
-- Temporary view structure for view `x$schema_table_statistics_with_buffer`
--

DROP TABLE IF EXISTS `x$schema_table_statistics_with_buffer`;
/*!50001 DROP VIEW IF EXISTS `x$schema_table_statistics_with_buffer`*/;
SET @saved_cs_client     = @@character_set_client;
/*!50503 SET character_set_client = utf8mb4 */;
/*!50001 CREATE VIEW `x$schema_table_statistics_with_buffer` AS SELECT 
 1 AS `table_schema`,
 1 AS `table_name`,
 1 AS `rows_fetched`,
 1 AS `fetch_latency`,
 1 AS `rows_inserted`,
 1 AS `insert_latency`,
 1 AS `rows_updated`,
 1 AS `update_latency`,
 1 AS `rows_deleted`,
 1 AS `delete_latency`,
 1 AS `io_read_requests`,
 1 AS `io_read`,
 1 AS `io_read_latency`,
 1 AS `io_write_requests`,
 1 AS `io_write`,
 1 AS `io_write_latency`,
 1 AS `io_misc_requests`,
 1 AS `io_misc_latency`,
 1 AS `innodb_buffer_allocated`,
 1 AS `innodb_buffer_data`,
 1 AS `innodb_buffer_free`,
 1 AS `innodb_buffer_pages`,
 1 AS `innodb_buffer_pages_hashed`,
 1 AS `innodb_buffer_pages_old`,
 1 AS `innodb_buffer_rows_cached`*/;
SET character_set_client = @saved_cs_client;

--
-- Temporary view structure for view `x$schema_tables_with_full_table_scans`
--

DROP TABLE IF EXISTS `x$schema_tables_with_full_table_scans`;
/*!50001 DROP VIEW IF EXISTS `x$schema_tables_with_full_table_scans`*/;
SET @saved_cs_client     = @@character_set_client;
/*!50503 SET character_set_client = utf8mb4 */;
/*!50001 CREATE VIEW `x$schema_tables_with_full_table_scans` AS SELECT 
 1 AS `object_schema`,
 1 AS `object_name`,
 1 AS `rows_full_scanned`,
 1 AS `latency`*/;
SET character_set_client = @saved_cs_client;

--
-- Temporary view structure for view `x$session`
--

DROP TABLE IF EXISTS `x$session`;
/*!50001 DROP VIEW IF EXISTS `x$session`*/;
SET @saved_cs_client     = @@character_set_client;
/*!50503 SET character_set_client = utf8mb4 */;
/*!50001 CREATE VIEW `x$session` AS SELECT 
 1 AS `thd_id`,
 1 AS `conn_id`,
 1 AS `user`,
 1 AS `db`,
 1 AS `command`,
 1 AS `state`,
 1 AS `time`,
 1 AS `current_statement`,
 1 AS `execution_engine`,
 1 AS `statement_latency`,
 1 AS `progress`,
 1 AS `lock_latency`,
 1 AS `cpu_latency`,
 1 AS `rows_examined`,
 1 AS `rows_sent`,
 1 AS `rows_affected`,
 1 AS `tmp_tables`,
 1 AS `tmp_disk_tables`,
 1 AS `full_scan`,
 1 AS `last_statement`,
 1 AS `last_statement_latency`,
 1 AS `current_memory`,
 1 AS `last_wait`,
 1 AS `last_wait_latency`,
 1 AS `source`,
 1 AS `trx_latency`,
 1 AS `trx_state`,
 1 AS `trx_autocommit`,
 1 AS `pid`,
 1 AS `program_name`*/;
SET character_set_client = @saved_cs_client;

--
-- Temporary view structure for view `x$statement_analysis`
--

DROP TABLE IF EXISTS `x$statement_analysis`;
/*!50001 DROP VIEW IF EXISTS `x$statement_analysis`*/;
SET @saved_cs_client     = @@character_set_client;
/*!50503 SET character_set_client = utf8mb4 */;
/*!50001 CREATE VIEW `x$statement_analysis` AS SELECT 
 1 AS `query`,
 1 AS `db`,
 1 AS `full_scan`,
 1 AS `exec_count`,
 1 AS `exec_secondary_count`,
 1 AS `err_count`,
 1 AS `warn_count`,
 1 AS `total_latency`,
 1 AS `max_latency`,
 1 AS `avg_latency`,
 1 AS `lock_latency`,
 1 AS `cpu_latency`,
 1 AS `rows_sent`,
 1 AS `rows_sent_avg`,
 1 AS `rows_examined`,
 1 AS `rows_examined_avg`,
 1 AS `rows_affected`,
 1 AS `rows_affected_avg`,
 1 AS `tmp_tables`,
 1 AS `tmp_disk_tables`,
 1 AS `rows_sorted`,
 1 AS `sort_merge_passes`,
 1 AS `max_controlled_memory`,
 1 AS `max_total_memory`,
 1 AS `digest`,
 1 AS `first_seen`,
 1 AS `last_seen`*/;
SET character_set_client = @saved_cs_client;

--
-- Temporary view structure for view `x$statements_with_errors_or_warnings`
--

DROP TABLE IF EXISTS `x$statements_with_errors_or_warnings`;
/*!50001 DROP VIEW IF EXISTS `x$statements_with_errors_or_warnings`*/;
SET @saved_cs_client     = @@character_set_client;
/*!50503 SET character_set_client = utf8mb4 */;
/*!50001 CREATE VIEW `x$statements_with_errors_or_warnings` AS SELECT 
 1 AS `query`,
 1 AS `db`,
 1 AS `exec_count`,
 1 AS `errors`,
 1 AS `error_pct`,
 1 AS `warnings`,
 1 AS `warning_pct`,
 1 AS `first_seen`,
 1 AS `last_seen`,
 1 AS `digest`*/;
SET character_set_client = @saved_cs_client;

--
-- Temporary view structure for view `x$statements_with_full_table_scans`
--

DROP TABLE IF EXISTS `x$statements_with_full_table_scans`;
/*!50001 DROP VIEW IF EXISTS `x$statements_with_full_table_scans`*/;
SET @saved_cs_client     = @@character_set_client;
/*!50503 SET character_set_client = utf8mb4 */;
/*!50001 CREATE VIEW `x$statements_with_full_table_scans` AS SELECT 
 1 AS `query`,
 1 AS `db`,
 1 AS `exec_count`,
 1 AS `total_latency`,
 1 AS `no_index_used_count`,
 1 AS `no_good_index_used_count`,
 1 AS `no_index_used_pct`,
 1 AS `rows_sent`,
 1 AS `rows_examined`,
 1 AS `rows_sent_avg`,
 1 AS `rows_examined_avg`,
 1 AS `first_seen`,
 1 AS `last_seen`,
 1 AS `digest`*/;
SET character_set_client = @saved_cs_client;

--
-- Temporary view structure for view `x$statements_with_runtimes_in_95th_percentile`
--

DROP TABLE IF EXISTS `x$statements_with_runtimes_in_95th_percentile`;
/*!50001 DROP VIEW IF EXISTS `x$statements_with_runtimes_in_95th_percentile`*/;
SET @saved_cs_client     = @@character_set_client;
/*!50503 SET character_set_client = utf8mb4 */;
/*!50001 CREATE VIEW `x$statements_with_runtimes_in_95th_percentile` AS SELECT 
 1 AS `query`,
 1 AS `db`,
 1 AS `full_scan`,
 1 AS `exec_count`,
 1 AS `err_count`,
 1 AS `warn_count`,
 1 AS `total_latency`,
 1 AS `max_latency`,
 1 AS `avg_latency`,
 1 AS `rows_sent`,
 1 AS `rows_sent_avg`,
 1 AS `rows_examined`,
 1 AS `rows_examined_avg`,
 1 AS `first_seen`,
 1 AS `last_seen`,
 1 AS `digest`*/;
SET character_set_client = @saved_cs_client;

--
-- Temporary view structure for view `x$statements_with_sorting`
--

DROP TABLE IF EXISTS `x$statements_with_sorting`;
/*!50001 DROP VIEW IF EXISTS `x$statements_with_sorting`*/;
SET @saved_cs_client     = @@character_set_client;
/*!50503 SET character_set_client = utf8mb4 */;
/*!50001 CREATE VIEW `x$statements_with_sorting` AS SELECT 
 1 AS `query`,
 1 AS `db`,
 1 AS `exec_count`,
 1 AS `total_latency`,
 1 AS `sort_merge_passes`,
 1 AS `avg_sort_merges`,
 1 AS `sorts_using_scans`,
 1 AS `sort_using_range`,
 1 AS `rows_sorted`,
 1 AS `avg_rows_sorted`,
 1 AS `first_seen`,
 1 AS `last_seen`,
 1 AS `digest`*/;
SET character_set_client = @saved_cs_client;

--
-- Temporary view structure for view `x$statements_with_temp_tables`
--

DROP TABLE IF EXISTS `x$statements_with_temp_tables`;
/*!50001 DROP VIEW IF EXISTS `x$statements_with_temp_tables`*/;
SET @saved_cs_client     = @@character_set_client;
/*!50503 SET character_set_client = utf8mb4 */;
/*!50001 CREATE VIEW `x$statements_with_temp_tables` AS SELECT 
 1 AS `query`,
 1 AS `db`,
 1 AS `exec_count`,
 1 AS `total_latency`,
 1 AS `memory_tmp_tables`,
 1 AS `disk_tmp_tables`,
 1 AS `avg_tmp_tables_per_query`,
 1 AS `tmp_tables_to_disk_pct`,
 1 AS `first_seen`,
 1 AS `last_seen`,
 1 AS `digest`*/;
SET character_set_client = @saved_cs_client;

--
-- Temporary view structure for view `x$user_summary`
--

DROP TABLE IF EXISTS `x$user_summary`;
/*!50001 DROP VIEW IF EXISTS `x$user_summary`*/;
SET @saved_cs_client     = @@character_set_client;
/*!50503 SET character_set_client = utf8mb4 */;
/*!50001 CREATE VIEW `x$user_summary` AS SELECT 
 1 AS `user`,
 1 AS `statements`,
 1 AS `statement_latency`,
 1 AS `statement_avg_latency`,
 1 AS `table_scans`,
 1 AS `file_ios`,
 1 AS `file_io_latency`,
 1 AS `current_connections`,
 1 AS `total_connections`,
 1 AS `unique_hosts`,
 1 AS `current_memory`,
 1 AS `total_memory_allocated`*/;
SET character_set_client = @saved_cs_client;

--
-- Temporary view structure for view `x$user_summary_by_file_io`
--

DROP TABLE IF EXISTS `x$user_summary_by_file_io`;
/*!50001 DROP VIEW IF EXISTS `x$user_summary_by_file_io`*/;
SET @saved_cs_client     = @@character_set_client;
/*!50503 SET character_set_client = utf8mb4 */;
/*!50001 CREATE VIEW `x$user_summary_by_file_io` AS SELECT 
 1 AS `user`,
 1 AS `ios`,
 1 AS `io_latency`*/;
SET character_set_client = @saved_cs_client;

--
-- Temporary view structure for view `x$user_summary_by_file_io_type`
--

DROP TABLE IF EXISTS `x$user_summary_by_file_io_type`;
/*!50001 DROP VIEW IF EXISTS `x$user_summary_by_file_io_type`*/;
SET @saved_cs_client     = @@character_set_client;
/*!50503 SET character_set_client = utf8mb4 */;
/*!50001 CREATE VIEW `x$user_summary_by_file_io_type` AS SELECT 
 1 AS `user`,
 1 AS `event_name`,
 1 AS `total`,
 1 AS `latency`,
 1 AS `max_latency`*/;
SET character_set_client = @saved_cs_client;

--
-- Temporary view structure for view `x$user_summary_by_stages`
--

DROP TABLE IF EXISTS `x$user_summary_by_stages`;
/*!50001 DROP VIEW IF EXISTS `x$user_summary_by_stages`*/;
SET @saved_cs_client     = @@character_set_client;
/*!50503 SET character_set_client = utf8mb4 */;
/*!50001 CREATE VIEW `x$user_summary_by_stages` AS SELECT 
 1 AS `user`,
 1 AS `event_name`,
 1 AS `total`,
 1 AS `total_latency`,
 1 AS `avg_latency`*/;
SET character_set_client = @saved_cs_client;

--
-- Temporary view structure for view `x$user_summary_by_statement_latency`
--

DROP TABLE IF EXISTS `x$user_summary_by_statement_latency`;
/*!50001 DROP VIEW IF EXISTS `x$user_summary_by_statement_latency`*/;
SET @saved_cs_client     = @@character_set_client;
/*!50503 SET character_set_client = utf8mb4 */;
/*!50001 CREATE VIEW `x$user_summary_by_statement_latency` AS SELECT 
 1 AS `user`,
 1 AS `total`,
 1 AS `total_latency`,
 1 AS `max_latency`,
 1 AS `lock_latency`,
 1 AS `cpu_latency`,
 1 AS `rows_sent`,
 1 AS `rows_examined`,
 1 AS `rows_affected`,
 1 AS `full_scans`*/;
SET character_set_client = @saved_cs_client;

--
-- Temporary view structure for view `x$user_summary_by_statement_type`
--

DROP TABLE IF EXISTS `x$user_summary_by_statement_type`;
/*!50001 DROP VIEW IF EXISTS `x$user_summary_by_statement_type`*/;
SET @saved_cs_client     = @@character_set_client;
/*!50503 SET character_set_client = utf8mb4 */;
/*!50001 CREATE VIEW `x$user_summary_by_statement_type` AS SELECT 
 1 AS `user`,
 1 AS `statement`,
 1 AS `total`,
 1 AS `total_latency`,
 1 AS `max_latency`,
 1 AS `lock_latency`,
 1 AS `cpu_latency`,
 1 AS `rows_sent`,
 1 AS `rows_examined`,
 1 AS `rows_affected`,
 1 AS `full_scans`*/;
SET character_set_client = @saved_cs_client;

--
-- Temporary view structure for view `x$wait_classes_global_by_avg_latency`
--

DROP TABLE IF EXISTS `x$wait_classes_global_by_avg_latency`;
/*!50001 DROP VIEW IF EXISTS `x$wait_classes_global_by_avg_latency`*/;
SET @saved_cs_client     = @@character_set_client;
/*!50503 SET character_set_client = utf8mb4 */;
/*!50001 CREATE VIEW `x$wait_classes_global_by_avg_latency` AS SELECT 
 1 AS `event_class`,
 1 AS `total`,
 1 AS `total_latency`,
 1 AS `min_latency`,
 1 AS `avg_latency`,
 1 AS `max_latency`*/;
SET character_set_client = @saved_cs_client;

--
-- Temporary view structure for view `x$wait_classes_global_by_latency`
--

DROP TABLE IF EXISTS `x$wait_classes_global_by_latency`;
/*!50001 DROP VIEW IF EXISTS `x$wait_classes_global_by_latency`*/;
SET @saved_cs_client     = @@character_set_client;
/*!50503 SET character_set_client = utf8mb4 */;
/*!50001 CREATE VIEW `x$wait_classes_global_by_latency` AS SELECT 
 1 AS `event_class`,
 1 AS `total`,
 1 AS `total_latency`,
 1 AS `min_latency`,
 1 AS `avg_latency`,
 1 AS `max_latency`*/;
SET character_set_client = @saved_cs_client;

--
-- Temporary view structure for view `x$waits_by_host_by_latency`
--

DROP TABLE IF EXISTS `x$waits_by_host_by_latency`;
/*!50001 DROP VIEW IF EXISTS `x$waits_by_host_by_latency`*/;
SET @saved_cs_client     = @@character_set_client;
/*!50503 SET character_set_client = utf8mb4 */;
/*!50001 CREATE VIEW `x$waits_by_host_by_latency` AS SELECT 
 1 AS `host`,
 1 AS `event`,
 1 AS `total`,
 1 AS `total_latency`,
 1 AS `avg_latency`,
 1 AS `max_latency`*/;
SET character_set_client = @saved_cs_client;

--
-- Temporary view structure for view `x$waits_by_user_by_latency`
--

DROP TABLE IF EXISTS `x$waits_by_user_by_latency`;
/*!50001 DROP VIEW IF EXISTS `x$waits_by_user_by_latency`*/;
SET @saved_cs_client     = @@character_set_client;
/*!50503 SET character_set_client = utf8mb4 */;
/*!50001 CREATE VIEW `x$waits_by_user_by_latency` AS SELECT 
 1 AS `user`,
 1 AS `event`,
 1 AS `total`,
 1 AS `total_latency`,
 1 AS `avg_latency`,
 1 AS `max_latency`*/;
SET character_set_client = @saved_cs_client;

--
-- Temporary view structure for view `x$waits_global_by_latency`
--

DROP TABLE IF EXISTS `x$waits_global_by_latency`;
/*!50001 DROP VIEW IF EXISTS `x$waits_global_by_latency`*/;
SET @saved_cs_client     = @@character_set_client;
/*!50503 SET character_set_client = utf8mb4 */;
/*!50001 CREATE VIEW `x$waits_global_by_latency` AS SELECT 
 1 AS `events`,
 1 AS `total`,
 1 AS `total_latency`,
 1 AS `avg_latency`,
 1 AS `max_latency`*/;
SET character_set_client = @saved_cs_client;

--
-- Final view structure for view `host_summary`
--

/*!50001 DROP VIEW IF EXISTS `host_summary`*/;
/*!50001 SET @saved_cs_client          = @@character_set_client */;
/*!50001 SET @saved_cs_results         = @@character_set_results */;
/*!50001 SET @saved_col_connection     = @@collation_connection */;
/*!50001 SET character_set_client      = utf8mb4 */;
/*!50001 SET character_set_results     = utf8mb4 */;
/*!50001 SET collation_connection      = utf8mb4_0900_ai_ci */;
/*!50001 CREATE ALGORITHM=TEMPTABLE */
/*!50013 DEFINER=`mysql.sys`@`localhost` SQL SECURITY INVOKER */
/*!50001 VIEW `host_summary` (`host`,`statements`,`statement_latency`,`statement_avg_latency`,`table_scans`,`file_ios`,`file_io_latency`,`current_connections`,`total_connections`,`unique_users`,`current_memory`,`total_memory_allocated`) AS select if((`performance_schema`.`accounts`.`HOST` is null),'background',`performance_schema`.`accounts`.`HOST`) AS `host`,sum(`stmt`.`total`) AS `statements`,format_pico_time(sum(`stmt`.`total_latency`)) AS `statement_latency`,format_pico_time(ifnull((sum(`stmt`.`total_latency`) / nullif(sum(`stmt`.`total`),0)),0)) AS `statement_avg_latency`,sum(`stmt`.`full_scans`) AS `table_scans`,sum(`io`.`ios`) AS `file_ios`,format_pico_time(sum(`io`.`io_latency`)) AS `file_io_latency`,sum(`performance_schema`.`accounts`.`CURRENT_CONNECTIONS`) AS `current_connections`,sum(`performance_schema`.`accounts`.`TOTAL_CONNECTIONS`) AS `total_connections`,count(distinct `performance_schema`.`accounts`.`USER`) AS `unique_users`,format_bytes(sum(`mem`.`current_allocated`)) AS `current_memory`,format_bytes(sum(`mem`.`total_allocated`)) AS `total_memory_allocated` from (((`performance_schema`.`accounts` join `x$host_summary_by_statement_latency` `stmt` on((`performance_schema`.`accounts`.`HOST` = `stmt`.`host`))) join `x$host_summary_by_file_io` `io` on((`performance_schema`.`accounts`.`HOST` = `io`.`host`))) join `x$memory_by_host_by_current_bytes` `mem` on((`performance_schema`.`accounts`.`HOST` = `mem`.`host`))) group by if((`performance_schema`.`accounts`.`HOST` is null),'background',`performance_schema`.`accounts`.`HOST`) */;
/*!50001 SET character_set_client      = @saved_cs_client */;
/*!50001 SET character_set_results     = @saved_cs_results */;
/*!50001 SET collation_connection      = @saved_col_connection */;

--
-- Final view structure for view `host_summary_by_file_io`
--

/*!50001 DROP VIEW IF EXISTS `host_summary_by_file_io`*/;
/*!50001 SET @saved_cs_client          = @@character_set_client */;
/*!50001 SET @saved_cs_results         = @@character_set_results */;
/*!50001 SET @saved_col_connection     = @@collation_connection */;
/*!50001 SET character_set_client      = utf8mb4 */;
/*!50001 SET character_set_results     = utf8mb4 */;
/*!50001 SET collation_connection      = utf8mb4_0900_ai_ci */;
/*!50001 CREATE ALGORITHM=TEMPTABLE */
/*!50013 DEFINER=`mysql.sys`@`localhost` SQL SECURITY INVOKER */
/*!50001 VIEW `host_summary_by_file_io` (`host`,`ios`,`io_latency`) AS select if((`performance_schema`.`events_waits_summary_by_host_by_event_name`.`HOST` is null),'background',`performance_schema`.`events_waits_summary_by_host_by_event_name`.`HOST`) AS `host`,sum(`performance_schema`.`events_waits_summary_by_host_by_event_name`.`COUNT_STAR`) AS `ios`,format_pico_time(sum(`performance_schema`.`events_waits_summary_by_host_by_event_name`.`SUM_TIMER_WAIT`)) AS `io_latency` from `performance_schema`.`events_waits_summary_by_host_by_event_name` where (`performance_schema`.`events_waits_summary_by_host_by_event_name`.`EVENT_NAME` like 'wait/io/file/%') group by if((`performance_schema`.`events_waits_summary_by_host_by_event_name`.`HOST` is null),'background',`performance_schema`.`events_waits_summary_by_host_by_event_name`.`HOST`) order by sum(`performance_schema`.`events_waits_summary_by_host_by_event_name`.`SUM_TIMER_WAIT`) desc */;
/*!50001 SET character_set_client      = @saved_cs_client */;
/*!50001 SET character_set_results     = @saved_cs_results */;
/*!50001 SET collation_connection      = @saved_col_connection */;

--
-- Final view structure for view `host_summary_by_file_io_type`
--

/*!50001 DROP VIEW IF EXISTS `host_summary_by_file_io_type`*/;
/*!50001 SET @saved_cs_client          = @@character_set_client */;
/*!50001 SET @saved_cs_results         = @@character_set_results */;
/*!50001 SET @saved_col_connection     = @@collation_connection */;
/*!50001 SET character_set_client      = utf8mb4 */;
/*!50001 SET character_set_results     = utf8mb4 */;
/*!50001 SET collation_connection      = utf8mb4_0900_ai_ci */;
/*!50001 CREATE ALGORITHM=MERGE */
/*!50013 DEFINER=`mysql.sys`@`localhost` SQL SECURITY INVOKER */
/*!50001 VIEW `host_summary_by_file_io_type` (`host`,`event_name`,`total`,`total_latency`,`max_latency`) AS select if((`performance_schema`.`events_waits_summary_by_host_by_event_name`.`HOST` is null),'background',`performance_schema`.`events_waits_summary_by_host_by_event_name`.`HOST`) AS `host`,`performance_schema`.`events_waits_summary_by_host_by_event_name`.`EVENT_NAME` AS `event_name`,`performance_schema`.`events_waits_summary_by_host_by_event_name`.`COUNT_STAR` AS `total`,format_pico_time(`performance_schema`.`events_waits_summary_by_host_by_event_name`.`SUM_TIMER_WAIT`) AS `total_latency`,format_pico_time(`performance_schema`.`events_waits_summary_by_host_by_event_name`.`MAX_TIMER_WAIT`) AS `max_latency` from `performance_schema`.`events_waits_summary_by_host_by_event_name` where ((`performance_schema`.`events_waits_summary_by_host_by_event_name`.`EVENT_NAME` like 'wait/io/file%') and (`performance_schema`.`events_waits_summary_by_host_by_event_name`.`COUNT_STAR` > 0)) order by if((`performance_schema`.`events_waits_summary_by_host_by_event_name`.`HOST` is null),'background',`performance_schema`.`events_waits_summary_by_host_by_event_name`.`HOST`),`performance_schema`.`events_waits_summary_by_host_by_event_name`.`SUM_TIMER_WAIT` desc */;
/*!50001 SET character_set_client      = @saved_cs_client */;
/*!50001 SET character_set_results     = @saved_cs_results */;
/*!50001 SET collation_connection      = @saved_col_connection */;

--
-- Final view structure for view `host_summary_by_stages`
--

/*!50001 DROP VIEW IF EXISTS `host_summary_by_stages`*/;
/*!50001 SET @saved_cs_client          = @@character_set_client */;
/*!50001 SET @saved_cs_results         = @@character_set_results */;
/*!50001 SET @saved_col_connection     = @@collation_connection */;
/*!50001 SET character_set_client      = utf8mb4 */;
/*!50001 SET character_set_results     = utf8mb4 */;
/*!50001 SET collation_connection      = utf8mb4_0900_ai_ci */;
/*!50001 CREATE ALGORITHM=MERGE */
/*!50013 DEFINER=`mysql.sys`@`localhost` SQL SECURITY INVOKER */
/*!50001 VIEW `host_summary_by_stages` (`host`,`event_name`,`total`,`total_latency`,`avg_latency`) AS select if((`performance_schema`.`events_stages_summary_by_host_by_event_name`.`HOST` is null),'background',`performance_schema`.`events_stages_summary_by_host_by_event_name`.`HOST`) AS `host`,`performance_schema`.`events_stages_summary_by_host_by_event_name`.`EVENT_NAME` AS `event_name`,`performance_schema`.`events_stages_summary_by_host_by_event_name`.`COUNT_STAR` AS `total`,format_pico_time(`performance_schema`.`events_stages_summary_by_host_by_event_name`.`SUM_TIMER_WAIT`) AS `total_latency`,format_pico_time(`performance_schema`.`events_stages_summary_by_host_by_event_name`.`AVG_TIMER_WAIT`) AS `avg_latency` from `performance_schema`.`events_stages_summary_by_host_by_event_name` where (`performance_schema`.`events_stages_summary_by_host_by_event_name`.`SUM_TIMER_WAIT` <> 0) order by if((`performance_schema`.`events_stages_summary_by_host_by_event_name`.`HOST` is null),'background',`performance_schema`.`events_stages_summary_by_host_by_event_name`.`HOST`),`performance_schema`.`events_stages_summary_by_host_by_event_name`.`SUM_TIMER_WAIT` desc */;
/*!50001 SET character_set_client      = @saved_cs_client */;
/*!50001 SET character_set_results     = @saved_cs_results */;
/*!50001 SET collation_connection      = @saved_col_connection */;

--
-- Final view structure for view `host_summary_by_statement_latency`
--

/*!50001 DROP VIEW IF EXISTS `host_summary_by_statement_latency`*/;
/*!50001 SET @saved_cs_client          = @@character_set_client */;
/*!50001 SET @saved_cs_results         = @@character_set_results */;
/*!50001 SET @saved_col_connection     = @@collation_connection */;
/*!50001 SET character_set_client      = utf8mb4 */;
/*!50001 SET character_set_results     = utf8mb4 */;
/*!50001 SET collation_connection      = utf8mb4_0900_ai_ci */;
/*!50001 CREATE ALGORITHM=TEMPTABLE */
/*!50013 DEFINER=`mysql.sys`@`localhost` SQL SECURITY INVOKER */
/*!50001 VIEW `host_summary_by_statement_latency` (`host`,`total`,`total_latency`,`max_latency`,`lock_latency`,`cpu_latency`,`rows_sent`,`rows_examined`,`rows_affected`,`full_scans`) AS select if((`performance_schema`.`events_statements_summary_by_host_by_event_name`.`HOST` is null),'background',`performance_schema`.`events_statements_summary_by_host_by_event_name`.`HOST`) AS `host`,sum(`performance_schema`.`events_statements_summary_by_host_by_event_name`.`COUNT_STAR`) AS `total`,format_pico_time(sum(`performance_schema`.`events_statements_summary_by_host_by_event_name`.`SUM_TIMER_WAIT`)) AS `total_latency`,format_pico_time(max(`performance_schema`.`events_statements_summary_by_host_by_event_name`.`MAX_TIMER_WAIT`)) AS `max_latency`,format_pico_time(sum(`performance_schema`.`events_statements_summary_by_host_by_event_name`.`SUM_LOCK_TIME`)) AS `lock_latency`,format_pico_time(sum(`performance_schema`.`events_statements_summary_by_host_by_event_name`.`SUM_CPU_TIME`)) AS `cpu_latency`,sum(`performance_schema`.`events_statements_summary_by_host_by_event_name`.`SUM_ROWS_SENT`) AS `rows_sent`,sum(`performance_schema`.`events_statements_summary_by_host_by_event_name`.`SUM_ROWS_EXAMINED`) AS `rows_examined`,sum(`performance_schema`.`events_statements_summary_by_host_by_event_name`.`SUM_ROWS_AFFECTED`) AS `rows_affected`,(sum(`performance_schema`.`events_statements_summary_by_host_by_event_name`.`SUM_NO_INDEX_USED`) + sum(`performance_schema`.`events_statements_summary_by_host_by_event_name`.`SUM_NO_GOOD_INDEX_USED`)) AS `full_scans` from `performance_schema`.`events_statements_summary_by_host_by_event_name` group by if((`performance_schema`.`events_statements_summary_by_host_by_event_name`.`HOST` is null),'background',`performance_schema`.`events_statements_summary_by_host_by_event_name`.`HOST`) order by sum(`performance_schema`.`events_statements_summary_by_host_by_event_name`.`SUM_TIMER_WAIT`) desc */;
/*!50001 SET character_set_client      = @saved_cs_client */;
/*!50001 SET character_set_results     = @saved_cs_results */;
/*!50001 SET collation_connection      = @saved_col_connection */;

--
-- Final view structure for view `host_summary_by_statement_type`
--

/*!50001 DROP VIEW IF EXISTS `host_summary_by_statement_type`*/;
/*!50001 SET @saved_cs_client          = @@character_set_client */;
/*!50001 SET @saved_cs_results         = @@character_set_results */;
/*!50001 SET @saved_col_connection     = @@collation_connection */;
/*!50001 SET character_set_client      = utf8mb4 */;
/*!50001 SET character_set_results     = utf8mb4 */;
/*!50001 SET collation_connection      = utf8mb4_0900_ai_ci */;
/*!50001 CREATE ALGORITHM=MERGE */
/*!50013 DEFINER=`mysql.sys`@`localhost` SQL SECURITY INVOKER */
/*!50001 VIEW `host_summary_by_statement_type` (`host`,`statement`,`total`,`total_latency`,`max_latency`,`lock_latency`,`cpu_latency`,`rows_sent`,`rows_examined`,`rows_affected`,`full_scans`) AS select if((`performance_schema`.`events_statements_summary_by_host_by_event_name`.`HOST` is null),'background',`performance_schema`.`events_statements_summary_by_host_by_event_name`.`HOST`) AS `host`,substring_index(`performance_schema`.`events_statements_summary_by_host_by_event_name`.`EVENT_NAME`,'/',-(1)) AS `statement`,`performance_schema`.`events_statements_summary_by_host_by_event_name`.`COUNT_STAR` AS `total`,format_pico_time(`performance_schema`.`events_statements_summary_by_host_by_event_name`.`SUM_TIMER_WAIT`) AS `total_latency`,format_pico_time(`performance_schema`.`events_statements_summary_by_host_by_event_name`.`MAX_TIMER_WAIT`) AS `max_latency`,format_pico_time(`performance_schema`.`events_statements_summary_by_host_by_event_name`.`SUM_LOCK_TIME`) AS `lock_latency`,format_pico_time(`performance_schema`.`events_statements_summary_by_host_by_event_name`.`SUM_CPU_TIME`) AS `cpu_latency`,`performance_schema`.`events_statements_summary_by_host_by_event_name`.`SUM_ROWS_SENT` AS `rows_sent`,`performance_schema`.`events_statements_summary_by_host_by_event_name`.`SUM_ROWS_EXAMINED` AS `rows_examined`,`performance_schema`.`events_statements_summary_by_host_by_event_name`.`SUM_ROWS_AFFECTED` AS `rows_affected`,(`performance_schema`.`events_statements_summary_by_host_by_event_name`.`SUM_NO_INDEX_USED` + `performance_schema`.`events_statements_summary_by_host_by_event_name`.`SUM_NO_GOOD_INDEX_USED`) AS `full_scans` from `performance_schema`.`events_statements_summary_by_host_by_event_name` where (`performance_schema`.`events_statements_summary_by_host_by_event_name`.`SUM_TIMER_WAIT` <> 0) order by if((`performance_schema`.`events_statements_summary_by_host_by_event_name`.`HOST` is null),'background',`performance_schema`.`events_statements_summary_by_host_by_event_name`.`HOST`),`performance_schema`.`events_statements_summary_by_host_by_event_name`.`SUM_TIMER_WAIT` desc */;
/*!50001 SET character_set_client      = @saved_cs_client */;
/*!50001 SET character_set_results     = @saved_cs_results */;
/*!50001 SET collation_connection      = @saved_col_connection */;

--
-- Final view structure for view `innodb_buffer_stats_by_schema`
--

/*!50001 DROP VIEW IF EXISTS `innodb_buffer_stats_by_schema`*/;
/*!50001 SET @saved_cs_client          = @@character_set_client */;
/*!50001 SET @saved_cs_results         = @@character_set_results */;
/*!50001 SET @saved_col_connection     = @@collation_connection */;
/*!50001 SET character_set_client      = utf8mb4 */;
/*!50001 SET character_set_results     = utf8mb4 */;
/*!50001 SET collation_connection      = utf8mb4_0900_ai_ci */;
/*!50001 CREATE ALGORITHM=TEMPTABLE */
/*!50013 DEFINER=`mysql.sys`@`localhost` SQL SECURITY INVOKER */
/*!50001 VIEW `innodb_buffer_stats_by_schema` (`object_schema`,`allocated`,`data`,`pages`,`pages_hashed`,`pages_old`,`rows_cached`) AS select if((locate('.',`ibp`.`TABLE_NAME`) = 0),'InnoDB System',replace(substring_index(`ibp`.`TABLE_NAME`,'.',1),'`','')) AS `object_schema`,format_bytes(sum(if((`ibp`.`COMPRESSED_SIZE` = 0),16384,`ibp`.`COMPRESSED_SIZE`))) AS `allocated`,format_bytes(sum(`ibp`.`DATA_SIZE`)) AS `data`,count(`ibp`.`PAGE_NUMBER`) AS `pages`,count(if((`ibp`.`IS_HASHED` = 'YES'),1,NULL)) AS `pages_hashed`,count(if((`ibp`.`IS_OLD` = 'YES'),1,NULL)) AS `pages_old`,round((sum(`ibp`.`NUMBER_RECORDS`) / count(distinct `ibp`.`INDEX_NAME`)),0) AS `rows_cached` from `information_schema`.`INNODB_BUFFER_PAGE` `ibp` where (`ibp`.`TABLE_NAME` is not null) group by `object_schema` order by sum(if((`ibp`.`COMPRESSED_SIZE` = 0),16384,`ibp`.`COMPRESSED_SIZE`)) desc */;
/*!50001 SET character_set_client      = @saved_cs_client */;
/*!50001 SET character_set_results     = @saved_cs_results */;
/*!50001 SET collation_connection      = @saved_col_connection */;

--
-- Final view structure for view `innodb_buffer_stats_by_table`
--

/*!50001 DROP VIEW IF EXISTS `innodb_buffer_stats_by_table`*/;
/*!50001 SET @saved_cs_client          = @@character_set_client */;
/*!50001 SET @saved_cs_results         = @@character_set_results */;
/*!50001 SET @saved_col_connection     = @@collation_connection */;
/*!50001 SET character_set_client      = utf8mb4 */;
/*!50001 SET character_set_results     = utf8mb4 */;
/*!50001 SET collation_connection      = utf8mb4_0900_ai_ci */;
/*!50001 CREATE ALGORITHM=TEMPTABLE */
/*!50013 DEFINER=`mysql.sys`@`localhost` SQL SECURITY INVOKER */
/*!50001 VIEW `innodb_buffer_stats_by_table` (`object_schema`,`object_name`,`allocated`,`data`,`pages`,`pages_hashed`,`pages_old`,`rows_cached`) AS select if((locate('.',`ibp`.`TABLE_NAME`) = 0),'InnoDB System',replace(substring_index(`ibp`.`TABLE_NAME`,'.',1),'`','')) AS `object_schema`,replace(substring_index(`ibp`.`TABLE_NAME`,'.',-(1)),'`','') AS `object_name`,format_bytes(sum(if((`ibp`.`COMPRESSED_SIZE` = 0),16384,`ibp`.`COMPRESSED_SIZE`))) AS `allocated`,format_bytes(sum(`ibp`.`DATA_SIZE`)) AS `data`,count(`ibp`.`PAGE_NUMBER`) AS `pages`,count(if((`ibp`.`IS_HASHED` = 'YES'),1,NULL)) AS `pages_hashed`,count(if((`ibp`.`IS_OLD` = 'YES'),1,NULL)) AS `pages_old`,round((sum(`ibp`.`NUMBER_RECORDS`) / count(distinct `ibp`.`INDEX_NAME`)),0) AS `rows_cached` from `information_schema`.`INNODB_BUFFER_PAGE` `ibp` where (`ibp`.`TABLE_NAME` is not null) group by `object_schema`,`object_name` order by sum(if((`ibp`.`COMPRESSED_SIZE` = 0),16384,`ibp`.`COMPRESSED_SIZE`)) desc */;
/*!50001 SET character_set_client      = @saved_cs_client */;
/*!50001 SET character_set_results     = @saved_cs_results */;
/*!50001 SET collation_connection      = @saved_col_connection */;

--
-- Final view structure for view `innodb_lock_waits`
--

/*!50001 DROP VIEW IF EXISTS `innodb_lock_waits`*/;
/*!50001 SET @saved_cs_client          = @@character_set_client */;
/*!50001 SET @saved_cs_results         = @@character_set_results */;
/*!50001 SET @saved_col_connection     = @@collation_connection */;
/*!50001 SET character_set_client      = utf8mb4 */;
/*!50001 SET character_set_results     = utf8mb4 */;
/*!50001 SET collation_connection      = utf8mb4_0900_ai_ci */;
/*!50001 CREATE ALGORITHM=TEMPTABLE */
/*!50013 DEFINER=`mysql.sys`@`localhost` SQL SECURITY INVOKER */
/*!50001 VIEW `innodb_lock_waits` (`wait_started`,`wait_age`,`wait_age_secs`,`locked_table`,`locked_table_schema`,`locked_table_name`,`locked_table_partition`,`locked_table_subpartition`,`locked_index`,`locked_type`,`waiting_trx_id`,`waiting_trx_started`,`waiting_trx_age`,`waiting_trx_rows_locked`,`waiting_trx_rows_modified`,`waiting_pid`,`waiting_query`,`waiting_lock_id`,`waiting_lock_mode`,`blocking_trx_id`,`blocking_pid`,`blocking_query`,`blocking_lock_id`,`blocking_lock_mode`,`blocking_trx_started`,`blocking_trx_age`,`blocking_trx_rows_locked`,`blocking_trx_rows_modified`,`sql_kill_blocking_query`,`sql_kill_blocking_connection`) AS select `r`.`trx_wait_started` AS `wait_started`,timediff(now(),`r`.`trx_wait_started`) AS `wait_age`,timestampdiff(SECOND,`r`.`trx_wait_started`,now()) AS `wait_age_secs`,concat(`sys`.`quote_identifier`(`rl`.`OBJECT_SCHEMA`),'.',`sys`.`quote_identifier`(`rl`.`OBJECT_NAME`)) AS `locked_table`,`rl`.`OBJECT_SCHEMA` AS `locked_table_schema`,`rl`.`OBJECT_NAME` AS `locked_table_name`,`rl`.`PARTITION_NAME` AS `locked_table_partition`,`rl`.`SUBPARTITION_NAME` AS `locked_table_subpartition`,`rl`.`INDEX_NAME` AS `locked_index`,`rl`.`LOCK_TYPE` AS `locked_type`,`r`.`trx_id` AS `waiting_trx_id`,`r`.`trx_started` AS `waiting_trx_started`,timediff(now(),`r`.`trx_started`) AS `waiting_trx_age`,`r`.`trx_rows_locked` AS `waiting_trx_rows_locked`,`r`.`trx_rows_modified` AS `waiting_trx_rows_modified`,`r`.`trx_mysql_thread_id` AS `waiting_pid`,`sys`.`format_statement`(`r`.`trx_query`) AS `waiting_query`,`rl`.`ENGINE_LOCK_ID` AS `waiting_lock_id`,`rl`.`LOCK_MODE` AS `waiting_lock_mode`,`b`.`trx_id` AS `blocking_trx_id`,`b`.`trx_mysql_thread_id` AS `blocking_pid`,`sys`.`format_statement`(`b`.`trx_query`) AS `blocking_query`,`bl`.`ENGINE_LOCK_ID` AS `blocking_lock_id`,`bl`.`LOCK_MODE` AS `blocking_lock_mode`,`b`.`trx_started` AS `blocking_trx_started`,timediff(now(),`b`.`trx_started`) AS `blocking_trx_age`,`b`.`trx_rows_locked` AS `blocking_trx_rows_locked`,`b`.`trx_rows_modified` AS `blocking_trx_rows_modified`,concat('KILL QUERY ',`b`.`trx_mysql_thread_id`) AS `sql_kill_blocking_query`,concat('KILL ',`b`.`trx_mysql_thread_id`) AS `sql_kill_blocking_connection` from ((((`performance_schema`.`data_lock_waits` `w` join `information_schema`.`INNODB_TRX` `b` on((`b`.`trx_id` = cast(`w`.`BLOCKING_ENGINE_TRANSACTION_ID` as char charset utf8mb4)))) join `information_schema`.`INNODB_TRX` `r` on((`r`.`trx_id` = cast(`w`.`REQUESTING_ENGINE_TRANSACTION_ID` as char charset utf8mb4)))) join `performance_schema`.`data_locks` `bl` on(((`bl`.`ENGINE_LOCK_ID` = `w`.`BLOCKING_ENGINE_LOCK_ID`) and (`bl`.`ENGINE` = `w`.`ENGINE`)))) join `performance_schema`.`data_locks` `rl` on(((`rl`.`ENGINE_LOCK_ID` = `w`.`REQUESTING_ENGINE_LOCK_ID`) and (`rl`.`ENGINE` = `w`.`ENGINE`)))) order by `r`.`trx_wait_started` */;
/*!50001 SET character_set_client      = @saved_cs_client */;
/*!50001 SET character_set_results     = @saved_cs_results */;
/*!50001 SET collation_connection      = @saved_col_connection */;

--
-- Final view structure for view `io_by_thread_by_latency`
--

/*!50001 DROP VIEW IF EXISTS `io_by_thread_by_latency`*/;
/*!50001 SET @saved_cs_client          = @@character_set_client */;
/*!50001 SET @saved_cs_results         = @@character_set_results */;
/*!50001 SET @saved_col_connection     = @@collation_connection */;
/*!50001 SET character_set_client      = utf8mb4 */;
/*!50001 SET character_set_results     = utf8mb4 */;
/*!50001 SET collation_connection      = utf8mb4_0900_ai_ci */;
/*!50001 CREATE ALGORITHM=TEMPTABLE */
/*!50013 DEFINER=`mysql.sys`@`localhost` SQL SECURITY INVOKER */
/*!50001 VIEW `io_by_thread_by_latency` (`user`,`total`,`total_latency`,`min_latency`,`avg_latency`,`max_latency`,`thread_id`,`processlist_id`) AS select if((`performance_schema`.`threads`.`PROCESSLIST_ID` is null),substring_index(`performance_schema`.`threads`.`NAME`,'/',-(1)),concat(`performance_schema`.`threads`.`PROCESSLIST_USER`,'@',convert(`performance_schema`.`threads`.`PROCESSLIST_HOST` using utf8mb4))) AS `user`,sum(`performance_schema`.`events_waits_summary_by_thread_by_event_name`.`COUNT_STAR`) AS `total`,format_pico_time(sum(`performance_schema`.`events_waits_summary_by_thread_by_event_name`.`SUM_TIMER_WAIT`)) AS `total_latency`,format_pico_time(min(`performance_schema`.`events_waits_summary_by_thread_by_event_name`.`MIN_TIMER_WAIT`)) AS `min_latency`,format_pico_time(avg(`performance_schema`.`events_waits_summary_by_thread_by_event_name`.`AVG_TIMER_WAIT`)) AS `avg_latency`,format_pico_time(max(`performance_schema`.`events_waits_summary_by_thread_by_event_name`.`MAX_TIMER_WAIT`)) AS `max_latency`,`performance_schema`.`events_waits_summary_by_thread_by_event_name`.`THREAD_ID` AS `thread_id`,`performance_schema`.`threads`.`PROCESSLIST_ID` AS `processlist_id` from (`performance_schema`.`events_waits_summary_by_thread_by_event_name` left join `performance_schema`.`threads` on((`performance_schema`.`events_waits_summary_by_thread_by_event_name`.`THREAD_ID` = `performance_schema`.`threads`.`THREAD_ID`))) where ((`performance_schema`.`events_waits_summary_by_thread_by_event_name`.`EVENT_NAME` like 'wait/io/file/%') and (`performance_schema`.`events_waits_summary_by_thread_by_event_name`.`SUM_TIMER_WAIT` > 0)) group by `performance_schema`.`events_waits_summary_by_thread_by_event_name`.`THREAD_ID`,`performance_schema`.`threads`.`PROCESSLIST_ID`,`user` order by sum(`performance_schema`.`events_waits_summary_by_thread_by_event_name`.`SUM_TIMER_WAIT`) desc */;
/*!50001 SET character_set_client      = @saved_cs_client */;
/*!50001 SET character_set_results     = @saved_cs_results */;
/*!50001 SET collation_connection      = @saved_col_connection */;

--
-- Final view structure for view `io_global_by_file_by_bytes`
--

/*!50001 DROP VIEW IF EXISTS `io_global_by_file_by_bytes`*/;
/*!50001 SET @saved_cs_client          = @@character_set_client */;
/*!50001 SET @saved_cs_results         = @@character_set_results */;
/*!50001 SET @saved_col_connection     = @@collation_connection */;
/*!50001 SET character_set_client      = utf8mb4 */;
/*!50001 SET character_set_results     = utf8mb4 */;
/*!50001 SET collation_connection      = utf8mb4_0900_ai_ci */;
/*!50001 CREATE ALGORITHM=MERGE */
/*!50013 DEFINER=`mysql.sys`@`localhost` SQL SECURITY INVOKER */
/*!50001 VIEW `io_global_by_file_by_bytes` (`file`,`count_read`,`total_read`,`avg_read`,`count_write`,`total_written`,`avg_write`,`total`,`write_pct`) AS select `sys`.`format_path`(`performance_schema`.`file_summary_by_instance`.`FILE_NAME`) AS `file`,`performance_schema`.`file_summary_by_instance`.`COUNT_READ` AS `count_read`,format_bytes(`performance_schema`.`file_summary_by_instance`.`SUM_NUMBER_OF_BYTES_READ`) AS `total_read`,format_bytes(ifnull((`performance_schema`.`file_summary_by_instance`.`SUM_NUMBER_OF_BYTES_READ` / nullif(`performance_schema`.`file_summary_by_instance`.`COUNT_READ`,0)),0)) AS `avg_read`,`performance_schema`.`file_summary_by_instance`.`COUNT_WRITE` AS `count_write`,format_bytes(`performance_schema`.`file_summary_by_instance`.`SUM_NUMBER_OF_BYTES_WRITE`) AS `total_written`,format_bytes(ifnull((`performance_schema`.`file_summary_by_instance`.`SUM_NUMBER_OF_BYTES_WRITE` / nullif(`performance_schema`.`file_summary_by_instance`.`COUNT_WRITE`,0)),0.00)) AS `avg_write`,format_bytes((`performance_schema`.`file_summary_by_instance`.`SUM_NUMBER_OF_BYTES_READ` + `performance_schema`.`file_summary_by_instance`.`SUM_NUMBER_OF_BYTES_WRITE`)) AS `total`,ifnull(round((100 - ((`performance_schema`.`file_summary_by_instance`.`SUM_NUMBER_OF_BYTES_READ` / nullif((`performance_schema`.`file_summary_by_instance`.`SUM_NUMBER_OF_BYTES_READ` + `performance_schema`.`file_summary_by_instance`.`SUM_NUMBER_OF_BYTES_WRITE`),0)) * 100)),2),0.00) AS `write_pct` from `performance_schema`.`file_summary_by_instance` order by (`performance_schema`.`file_summary_by_instance`.`SUM_NUMBER_OF_BYTES_READ` + `performance_schema`.`file_summary_by_instance`.`SUM_NUMBER_OF_BYTES_WRITE`) desc */;
/*!50001 SET character_set_client      = @saved_cs_client */;
/*!50001 SET character_set_results     = @saved_cs_results */;
/*!50001 SET collation_connection      = @saved_col_connection */;

--
-- Final view structure for view `io_global_by_file_by_latency`
--

/*!50001 DROP VIEW IF EXISTS `io_global_by_file_by_latency`*/;
/*!50001 SET @saved_cs_client          = @@character_set_client */;
/*!50001 SET @saved_cs_results         = @@character_set_results */;
/*!50001 SET @saved_col_connection     = @@collation_connection */;
/*!50001 SET character_set_client      = utf8mb4 */;
/*!50001 SET character_set_results     = utf8mb4 */;
/*!50001 SET collation_connection      = utf8mb4_0900_ai_ci */;
/*!50001 CREATE ALGORITHM=MERGE */
/*!50013 DEFINER=`mysql.sys`@`localhost` SQL SECURITY INVOKER */
/*!50001 VIEW `io_global_by_file_by_latency` (`file`,`total`,`total_latency`,`count_read`,`read_latency`,`count_write`,`write_latency`,`count_misc`,`misc_latency`) AS select `sys`.`format_path`(`performance_schema`.`file_summary_by_instance`.`FILE_NAME`) AS `file`,`performance_schema`.`file_summary_by_instance`.`COUNT_STAR` AS `total`,format_pico_time(`performance_schema`.`file_summary_by_instance`.`SUM_TIMER_WAIT`) AS `total_latency`,`performance_schema`.`file_summary_by_instance`.`COUNT_READ` AS `count_read`,format_pico_time(`performance_schema`.`file_summary_by_instance`.`SUM_TIMER_READ`) AS `read_latency`,`performance_schema`.`file_summary_by_instance`.`COUNT_WRITE` AS `count_write`,format_pico_time(`performance_schema`.`file_summary_by_instance`.`SUM_TIMER_WRITE`) AS `write_latency`,`performance_schema`.`file_summary_by_instance`.`COUNT_MISC` AS `count_misc`,format_pico_time(`performance_schema`.`file_summary_by_instance`.`SUM_TIMER_MISC`) AS `misc_latency` from `performance_schema`.`file_summary_by_instance` order by `performance_schema`.`file_summary_by_instance`.`SUM_TIMER_WAIT` desc */;
/*!50001 SET character_set_client      = @saved_cs_client */;
/*!50001 SET character_set_results     = @saved_cs_results */;
/*!50001 SET collation_connection      = @saved_col_connection */;

--
-- Final view structure for view `io_global_by_wait_by_bytes`
--

/*!50001 DROP VIEW IF EXISTS `io_global_by_wait_by_bytes`*/;
/*!50001 SET @saved_cs_client          = @@character_set_client */;
/*!50001 SET @saved_cs_results         = @@character_set_results */;
/*!50001 SET @saved_col_connection     = @@collation_connection */;
/*!50001 SET character_set_client      = utf8mb4 */;
/*!50001 SET character_set_results     = utf8mb4 */;
/*!50001 SET collation_connection      = utf8mb4_0900_ai_ci */;
/*!50001 CREATE ALGORITHM=MERGE */
/*!50013 DEFINER=`mysql.sys`@`localhost` SQL SECURITY INVOKER */
/*!50001 VIEW `io_global_by_wait_by_bytes` (`event_name`,`total`,`total_latency`,`min_latency`,`avg_latency`,`max_latency`,`count_read`,`total_read`,`avg_read`,`count_write`,`total_written`,`avg_written`,`total_requested`) AS select substring_index(`performance_schema`.`file_summary_by_event_name`.`EVENT_NAME`,'/',-(2)) AS `event_name`,`performance_schema`.`file_summary_by_event_name`.`COUNT_STAR` AS `total`,format_pico_time(`performance_schema`.`file_summary_by_event_name`.`SUM_TIMER_WAIT`) AS `total_latency`,format_pico_time(`performance_schema`.`file_summary_by_event_name`.`MIN_TIMER_WAIT`) AS `min_latency`,format_pico_time(`performance_schema`.`file_summary_by_event_name`.`AVG_TIMER_WAIT`) AS `avg_latency`,format_pico_time(`performance_schema`.`file_summary_by_event_name`.`MAX_TIMER_WAIT`) AS `max_latency`,`performance_schema`.`file_summary_by_event_name`.`COUNT_READ` AS `count_read`,format_bytes(`performance_schema`.`file_summary_by_event_name`.`SUM_NUMBER_OF_BYTES_READ`) AS `total_read`,format_bytes(ifnull((`performance_schema`.`file_summary_by_event_name`.`SUM_NUMBER_OF_BYTES_READ` / nullif(`performance_schema`.`file_summary_by_event_name`.`COUNT_READ`,0)),0)) AS `avg_read`,`performance_schema`.`file_summary_by_event_name`.`COUNT_WRITE` AS `count_write`,format_bytes(`performance_schema`.`file_summary_by_event_name`.`SUM_NUMBER_OF_BYTES_WRITE`) AS `total_written`,format_bytes(ifnull((`performance_schema`.`file_summary_by_event_name`.`SUM_NUMBER_OF_BYTES_WRITE` / nullif(`performance_schema`.`file_summary_by_event_name`.`COUNT_WRITE`,0)),0)) AS `avg_written`,format_bytes((`performance_schema`.`file_summary_by_event_name`.`SUM_NUMBER_OF_BYTES_WRITE` + `performance_schema`.`file_summary_by_event_name`.`SUM_NUMBER_OF_BYTES_READ`)) AS `total_requested` from `performance_schema`.`file_summary_by_event_name` where ((`performance_schema`.`file_summary_by_event_name`.`EVENT_NAME` like 'wait/io/file/%') and (`performance_schema`.`file_summary_by_event_name`.`COUNT_STAR` > 0)) order by (`performance_schema`.`file_summary_by_event_name`.`SUM_NUMBER_OF_BYTES_WRITE` + `performance_schema`.`file_summary_by_event_name`.`SUM_NUMBER_OF_BYTES_READ`) desc */;
/*!50001 SET character_set_client      = @saved_cs_client */;
/*!50001 SET character_set_results     = @saved_cs_results */;
/*!50001 SET collation_connection      = @saved_col_connection */;

--
-- Final view structure for view `io_global_by_wait_by_latency`
--

/*!50001 DROP VIEW IF EXISTS `io_global_by_wait_by_latency`*/;
/*!50001 SET @saved_cs_client          = @@character_set_client */;
/*!50001 SET @saved_cs_results         = @@character_set_results */;
/*!50001 SET @saved_col_connection     = @@collation_connection */;
/*!50001 SET character_set_client      = utf8mb4 */;
/*!50001 SET character_set_results     = utf8mb4 */;
/*!50001 SET collation_connection      = utf8mb4_0900_ai_ci */;
/*!50001 CREATE ALGORITHM=MERGE */
/*!50013 DEFINER=`mysql.sys`@`localhost` SQL SECURITY INVOKER */
/*!50001 VIEW `io_global_by_wait_by_latency` (`event_name`,`total`,`total_latency`,`avg_latency`,`max_latency`,`read_latency`,`write_latency`,`misc_latency`,`count_read`,`total_read`,`avg_read`,`count_write`,`total_written`,`avg_written`) AS select substring_index(`performance_schema`.`file_summary_by_event_name`.`EVENT_NAME`,'/',-(2)) AS `event_name`,`performance_schema`.`file_summary_by_event_name`.`COUNT_STAR` AS `total`,format_pico_time(`performance_schema`.`file_summary_by_event_name`.`SUM_TIMER_WAIT`) AS `total_latency`,format_pico_time(`performance_schema`.`file_summary_by_event_name`.`AVG_TIMER_WAIT`) AS `avg_latency`,format_pico_time(`performance_schema`.`file_summary_by_event_name`.`MAX_TIMER_WAIT`) AS `max_latency`,format_pico_time(`performance_schema`.`file_summary_by_event_name`.`SUM_TIMER_READ`) AS `read_latency`,format_pico_time(`performance_schema`.`file_summary_by_event_name`.`SUM_TIMER_WRITE`) AS `write_latency`,format_pico_time(`performance_schema`.`file_summary_by_event_name`.`SUM_TIMER_MISC`) AS `misc_latency`,`performance_schema`.`file_summary_by_event_name`.`COUNT_READ` AS `count_read`,format_bytes(`performance_schema`.`file_summary_by_event_name`.`SUM_NUMBER_OF_BYTES_READ`) AS `total_read`,format_bytes(ifnull((`performance_schema`.`file_summary_by_event_name`.`SUM_NUMBER_OF_BYTES_READ` / nullif(`performance_schema`.`file_summary_by_event_name`.`COUNT_READ`,0)),0)) AS `avg_read`,`performance_schema`.`file_summary_by_event_name`.`COUNT_WRITE` AS `count_write`,format_bytes(`performance_schema`.`file_summary_by_event_name`.`SUM_NUMBER_OF_BYTES_WRITE`) AS `total_written`,format_bytes(ifnull((`performance_schema`.`file_summary_by_event_name`.`SUM_NUMBER_OF_BYTES_WRITE` / nullif(`performance_schema`.`file_summary_by_event_name`.`COUNT_WRITE`,0)),0)) AS `avg_written` from `performance_schema`.`file_summary_by_event_name` where ((`performance_schema`.`file_summary_by_event_name`.`EVENT_NAME` like 'wait/io/file/%') and (`performance_schema`.`file_summary_by_event_name`.`COUNT_STAR` > 0)) order by `performance_schema`.`file_summary_by_event_name`.`SUM_TIMER_WAIT` desc */;
/*!50001 SET character_set_client      = @saved_cs_client */;
/*!50001 SET character_set_results     = @saved_cs_results */;
/*!50001 SET collation_connection      = @saved_col_connection */;

--
-- Final view structure for view `latest_file_io`
--

/*!50001 DROP VIEW IF EXISTS `latest_file_io`*/;
/*!50001 SET @saved_cs_client          = @@character_set_client */;
/*!50001 SET @saved_cs_results         = @@character_set_results */;
/*!50001 SET @saved_col_connection     = @@collation_connection */;
/*!50001 SET character_set_client      = utf8mb4 */;
/*!50001 SET character_set_results     = utf8mb4 */;
/*!50001 SET collation_connection      = utf8mb4_0900_ai_ci */;
/*!50001 CREATE ALGORITHM=MERGE */
/*!50013 DEFINER=`mysql.sys`@`localhost` SQL SECURITY INVOKER */
/*!50001 VIEW `latest_file_io` (`thread`,`file`,`latency`,`operation`,`requested`) AS select if((`information_schema`.`processlist`.`ID` is null),concat(substring_index(`performance_schema`.`threads`.`NAME`,'/',-(1)),':',`performance_schema`.`events_waits_history_long`.`THREAD_ID`),convert(concat(`information_schema`.`processlist`.`USER`,'@',`information_schema`.`processlist`.`HOST`,':',`information_schema`.`processlist`.`ID`) using utf8mb4)) AS `thread`,`sys`.`format_path`(`performance_schema`.`events_waits_history_long`.`OBJECT_NAME`) AS `file`,format_pico_time(`performance_schema`.`events_waits_history_long`.`TIMER_WAIT`) AS `latency`,`performance_schema`.`events_waits_history_long`.`OPERATION` AS `operation`,format_bytes(`performance_schema`.`events_waits_history_long`.`NUMBER_OF_BYTES`) AS `requested` from ((`performance_schema`.`events_waits_history_long` join `performance_schema`.`threads` on((`performance_schema`.`events_waits_history_long`.`THREAD_ID` = `performance_schema`.`threads`.`THREAD_ID`))) left join `information_schema`.`PROCESSLIST` on((`performance_schema`.`threads`.`PROCESSLIST_ID` = `information_schema`.`processlist`.`ID`))) where ((`performance_schema`.`events_waits_history_long`.`OBJECT_NAME` is not null) and (`performance_schema`.`events_waits_history_long`.`EVENT_NAME` like 'wait/io/file/%')) order by `performance_schema`.`events_waits_history_long`.`TIMER_START` */;
/*!50001 SET character_set_client      = @saved_cs_client */;
/*!50001 SET character_set_results     = @saved_cs_results */;
/*!50001 SET collation_connection      = @saved_col_connection */;

--
-- Final view structure for view `memory_by_host_by_current_bytes`
--

/*!50001 DROP VIEW IF EXISTS `memory_by_host_by_current_bytes`*/;
/*!50001 SET @saved_cs_client          = @@character_set_client */;
/*!50001 SET @saved_cs_results         = @@character_set_results */;
/*!50001 SET @saved_col_connection     = @@collation_connection */;
/*!50001 SET character_set_client      = utf8mb4 */;
/*!50001 SET character_set_results     = utf8mb4 */;
/*!50001 SET collation_connection      = utf8mb4_0900_ai_ci */;
/*!50001 CREATE ALGORITHM=TEMPTABLE */
/*!50013 DEFINER=`mysql.sys`@`localhost` SQL SECURITY INVOKER */
/*!50001 VIEW `memory_by_host_by_current_bytes` (`host`,`current_count_used`,`current_allocated`,`current_avg_alloc`,`current_max_alloc`,`total_allocated`) AS select if((`performance_schema`.`memory_summary_by_host_by_event_name`.`HOST` is null),'background',`performance_schema`.`memory_summary_by_host_by_event_name`.`HOST`) AS `host`,sum(`performance_schema`.`memory_summary_by_host_by_event_name`.`CURRENT_COUNT_USED`) AS `current_count_used`,format_bytes(sum(`performance_schema`.`memory_summary_by_host_by_event_name`.`CURRENT_NUMBER_OF_BYTES_USED`)) AS `current_allocated`,format_bytes(ifnull((sum(`performance_schema`.`memory_summary_by_host_by_event_name`.`CURRENT_NUMBER_OF_BYTES_USED`) / nullif(sum(`performance_schema`.`memory_summary_by_host_by_event_name`.`CURRENT_COUNT_USED`),0)),0)) AS `current_avg_alloc`,format_bytes(max(`performance_schema`.`memory_summary_by_host_by_event_name`.`CURRENT_NUMBER_OF_BYTES_USED`)) AS `current_max_alloc`,format_bytes(sum(`performance_schema`.`memory_summary_by_host_by_event_name`.`SUM_NUMBER_OF_BYTES_ALLOC`)) AS `total_allocated` from `performance_schema`.`memory_summary_by_host_by_event_name` group by if((`performance_schema`.`memory_summary_by_host_by_event_name`.`HOST` is null),'background',`performance_schema`.`memory_summary_by_host_by_event_name`.`HOST`) order by sum(`performance_schema`.`memory_summary_by_host_by_event_name`.`CURRENT_NUMBER_OF_BYTES_USED`) desc */;
/*!50001 SET character_set_client      = @saved_cs_client */;
/*!50001 SET character_set_results     = @saved_cs_results */;
/*!50001 SET collation_connection      = @saved_col_connection */;

--
-- Final view structure for view `memory_by_thread_by_current_bytes`
--

/*!50001 DROP VIEW IF EXISTS `memory_by_thread_by_current_bytes`*/;
/*!50001 SET @saved_cs_client          = @@character_set_client */;
/*!50001 SET @saved_cs_results         = @@character_set_results */;
/*!50001 SET @saved_col_connection     = @@collation_connection */;
/*!50001 SET character_set_client      = utf8mb4 */;
/*!50001 SET character_set_results     = utf8mb4 */;
/*!50001 SET collation_connection      = utf8mb4_0900_ai_ci */;
/*!50001 CREATE ALGORITHM=TEMPTABLE */
/*!50013 DEFINER=`mysql.sys`@`localhost` SQL SECURITY INVOKER */
/*!50001 VIEW `memory_by_thread_by_current_bytes` (`thread_id`,`user`,`current_count_used`,`current_allocated`,`current_avg_alloc`,`current_max_alloc`,`total_allocated`) AS select `mt`.`THREAD_ID` AS `thread_id`,if((`t`.`NAME` = 'thread/sql/one_connection'),concat(`t`.`PROCESSLIST_USER`,'@',convert(`t`.`PROCESSLIST_HOST` using utf8mb4)),replace(`t`.`NAME`,'thread/','')) AS `user`,sum(`mt`.`CURRENT_COUNT_USED`) AS `current_count_used`,format_bytes(sum(`mt`.`CURRENT_NUMBER_OF_BYTES_USED`)) AS `current_allocated`,format_bytes(ifnull((sum(`mt`.`CURRENT_NUMBER_OF_BYTES_USED`) / nullif(sum(`mt`.`CURRENT_COUNT_USED`),0)),0)) AS `current_avg_alloc`,format_bytes(max(`mt`.`CURRENT_NUMBER_OF_BYTES_USED`)) AS `current_max_alloc`,format_bytes(sum(`mt`.`SUM_NUMBER_OF_BYTES_ALLOC`)) AS `total_allocated` from (`performance_schema`.`memory_summary_by_thread_by_event_name` `mt` join `performance_schema`.`threads` `t` on((`mt`.`THREAD_ID` = `t`.`THREAD_ID`))) group by `mt`.`THREAD_ID`,if((`t`.`NAME` = 'thread/sql/one_connection'),concat(`t`.`PROCESSLIST_USER`,'@',convert(`t`.`PROCESSLIST_HOST` using utf8mb4)),replace(`t`.`NAME`,'thread/','')) order by sum(`mt`.`CURRENT_NUMBER_OF_BYTES_USED`) desc */;
/*!50001 SET character_set_client      = @saved_cs_client */;
/*!50001 SET character_set_results     = @saved_cs_results */;
/*!50001 SET collation_connection      = @saved_col_connection */;

--
-- Final view structure for view `memory_by_user_by_current_bytes`
--

/*!50001 DROP VIEW IF EXISTS `memory_by_user_by_current_bytes`*/;
/*!50001 SET @saved_cs_client          = @@character_set_client */;
/*!50001 SET @saved_cs_results         = @@character_set_results */;
/*!50001 SET @saved_col_connection     = @@collation_connection */;
/*!50001 SET character_set_client      = utf8mb4 */;
/*!50001 SET character_set_results     = utf8mb4 */;
/*!50001 SET collation_connection      = utf8mb4_0900_ai_ci */;
/*!50001 CREATE ALGORITHM=TEMPTABLE */
/*!50013 DEFINER=`mysql.sys`@`localhost` SQL SECURITY INVOKER */
/*!50001 VIEW `memory_by_user_by_current_bytes` (`user`,`current_count_used`,`current_allocated`,`current_avg_alloc`,`current_max_alloc`,`total_allocated`) AS select if((`performance_schema`.`memory_summary_by_user_by_event_name`.`USER` is null),'background',`performance_schema`.`memory_summary_by_user_by_event_name`.`USER`) AS `user`,sum(`performance_schema`.`memory_summary_by_user_by_event_name`.`CURRENT_COUNT_USED`) AS `current_count_used`,format_bytes(sum(`performance_schema`.`memory_summary_by_user_by_event_name`.`CURRENT_NUMBER_OF_BYTES_USED`)) AS `current_allocated`,format_bytes(ifnull((sum(`performance_schema`.`memory_summary_by_user_by_event_name`.`CURRENT_NUMBER_OF_BYTES_USED`) / nullif(sum(`performance_schema`.`memory_summary_by_user_by_event_name`.`CURRENT_COUNT_USED`),0)),0)) AS `current_avg_alloc`,format_bytes(max(`performance_schema`.`memory_summary_by_user_by_event_name`.`CURRENT_NUMBER_OF_BYTES_USED`)) AS `current_max_alloc`,format_bytes(sum(`performance_schema`.`memory_summary_by_user_by_event_name`.`SUM_NUMBER_OF_BYTES_ALLOC`)) AS `total_allocated` from `performance_schema`.`memory_summary_by_user_by_event_name` group by if((`performance_schema`.`memory_summary_by_user_by_event_name`.`USER` is null),'background',`performance_schema`.`memory_summary_by_user_by_event_name`.`USER`) order by sum(`performance_schema`.`memory_summary_by_user_by_event_name`.`CURRENT_NUMBER_OF_BYTES_USED`) desc */;
/*!50001 SET character_set_client      = @saved_cs_client */;
/*!50001 SET character_set_results     = @saved_cs_results */;
/*!50001 SET collation_connection      = @saved_col_connection */;

--
-- Final view structure for view `memory_global_by_current_bytes`
--

/*!50001 DROP VIEW IF EXISTS `memory_global_by_current_bytes`*/;
/*!50001 SET @saved_cs_client          = @@character_set_client */;
/*!50001 SET @saved_cs_results         = @@character_set_results */;
/*!50001 SET @saved_col_connection     = @@collation_connection */;
/*!50001 SET character_set_client      = utf8mb4 */;
/*!50001 SET character_set_results     = utf8mb4 */;
/*!50001 SET collation_connection      = utf8mb4_0900_ai_ci */;
/*!50001 CREATE ALGORITHM=MERGE */
/*!50013 DEFINER=`mysql.sys`@`localhost` SQL SECURITY INVOKER */
/*!50001 VIEW `memory_global_by_current_bytes` (`event_name`,`current_count`,`current_alloc`,`current_avg_alloc`,`high_count`,`high_alloc`,`high_avg_alloc`) AS select `performance_schema`.`memory_summary_global_by_event_name`.`EVENT_NAME` AS `event_name`,`performance_schema`.`memory_summary_global_by_event_name`.`CURRENT_COUNT_USED` AS `current_count`,format_bytes(`performance_schema`.`memory_summary_global_by_event_name`.`CURRENT_NUMBER_OF_BYTES_USED`) AS `current_alloc`,format_bytes(ifnull((`performance_schema`.`memory_summary_global_by_event_name`.`CURRENT_NUMBER_OF_BYTES_USED` / nullif(`performance_schema`.`memory_summary_global_by_event_name`.`CURRENT_COUNT_USED`,0)),0)) AS `current_avg_alloc`,`performance_schema`.`memory_summary_global_by_event_name`.`HIGH_COUNT_USED` AS `high_count`,format_bytes(`performance_schema`.`memory_summary_global_by_event_name`.`HIGH_NUMBER_OF_BYTES_USED`) AS `high_alloc`,format_bytes(ifnull((`performance_schema`.`memory_summary_global_by_event_name`.`HIGH_NUMBER_OF_BYTES_USED` / nullif(`performance_schema`.`memory_summary_global_by_event_name`.`HIGH_COUNT_USED`,0)),0)) AS `high_avg_alloc` from `performance_schema`.`memory_summary_global_by_event_name` where (`performance_schema`.`memory_summary_global_by_event_name`.`CURRENT_NUMBER_OF_BYTES_USED` > 0) order by `performance_schema`.`memory_summary_global_by_event_name`.`CURRENT_NUMBER_OF_BYTES_USED` desc */;
/*!50001 SET character_set_client      = @saved_cs_client */;
/*!50001 SET character_set_results     = @saved_cs_results */;
/*!50001 SET collation_connection      = @saved_col_connection */;

--
-- Final view structure for view `memory_global_total`
--

/*!50001 DROP VIEW IF EXISTS `memory_global_total`*/;
/*!50001 SET @saved_cs_client          = @@character_set_client */;
/*!50001 SET @saved_cs_results         = @@character_set_results */;
/*!50001 SET @saved_col_connection     = @@collation_connection */;
/*!50001 SET character_set_client      = utf8mb4 */;
/*!50001 SET character_set_results     = utf8mb4 */;
/*!50001 SET collation_connection      = utf8mb4_0900_ai_ci */;
/*!50001 CREATE ALGORITHM=TEMPTABLE */
/*!50013 DEFINER=`mysql.sys`@`localhost` SQL SECURITY INVOKER */
/*!50001 VIEW `memory_global_total` (`total_allocated`) AS select format_bytes(sum(`performance_schema`.`memory_summary_global_by_event_name`.`CURRENT_NUMBER_OF_BYTES_USED`)) AS `total_allocated` from `performance_schema`.`memory_summary_global_by_event_name` */;
/*!50001 SET character_set_client      = @saved_cs_client */;
/*!50001 SET character_set_results     = @saved_cs_results */;
/*!50001 SET collation_connection      = @saved_col_connection */;

--
-- Final view structure for view `metrics`
--

/*!50001 DROP VIEW IF EXISTS `metrics`*/;
/*!50001 SET @saved_cs_client          = @@character_set_client */;
/*!50001 SET @saved_cs_results         = @@character_set_results */;
/*!50001 SET @saved_col_connection     = @@collation_connection */;
/*!50001 SET character_set_client      = utf8mb4 */;
/*!50001 SET character_set_results     = utf8mb4 */;
/*!50001 SET collation_connection      = utf8mb4_0900_ai_ci */;
/*!50001 CREATE ALGORITHM=TEMPTABLE */
/*!50013 DEFINER=`mysql.sys`@`localhost` SQL SECURITY INVOKER */
/*!50001 VIEW `metrics` (`Variable_name`,`Variable_value`,`Type`,`Enabled`) AS select lower(`performance_schema`.`global_status`.`VARIABLE_NAME`) AS `Variable_name`,`performance_schema`.`global_status`.`VARIABLE_VALUE` AS `Variable_value`,'Global Status' AS `Type`,'YES' AS `Enabled` from `performance_schema`.`global_status` union all select `information_schema`.`innodb_metrics`.`NAME` AS `Variable_name`,`information_schema`.`innodb_metrics`.`COUNT` AS `Variable_value`,concat('InnoDB Metrics - ',`information_schema`.`innodb_metrics`.`SUBSYSTEM`) AS `Type`,if((`information_schema`.`innodb_metrics`.`STATUS` = 'enabled'),'YES','NO') AS `Enabled` from `information_schema`.`INNODB_METRICS` where (`information_schema`.`innodb_metrics`.`NAME` not in ('lock_row_lock_time','lock_row_lock_time_avg','lock_row_lock_time_max','lock_row_lock_waits','buffer_pool_reads','buffer_pool_read_requests','buffer_pool_write_requests','buffer_pool_wait_free','buffer_pool_read_ahead','buffer_pool_read_ahead_evicted','buffer_pool_pages_total','buffer_pool_pages_misc','buffer_pool_pages_data','buffer_pool_bytes_data','buffer_pool_pages_dirty','buffer_pool_bytes_dirty','buffer_pool_pages_free','buffer_pages_created','buffer_pages_written','buffer_pages_read','buffer_data_reads','buffer_data_written','file_num_open_files','os_log_bytes_written','os_log_fsyncs','os_log_pending_fsyncs','os_log_pending_writes','log_waits','log_write_requests','log_writes','innodb_dblwr_writes','innodb_dblwr_pages_written','innodb_page_size')) union all select 'memory_current_allocated' AS `Variable_name`,sum(`performance_schema`.`memory_summary_global_by_event_name`.`CURRENT_NUMBER_OF_BYTES_USED`) AS `Variable_value`,'Performance Schema' AS `Type`,if(((select count(0) from `performance_schema`.`setup_instruments` where ((`performance_schema`.`setup_instruments`.`NAME` like 'memory/%') and (`performance_schema`.`setup_instruments`.`ENABLED` = 'YES'))) = 0),'NO',if(((select count(0) from `performance_schema`.`setup_instruments` where ((`performance_schema`.`setup_instruments`.`NAME` like 'memory/%') and (`performance_schema`.`setup_instruments`.`ENABLED` = 'NO'))) = 0),'YES','PARTIAL')) AS `Enabled` from `performance_schema`.`memory_summary_global_by_event_name` union all select 'memory_total_allocated' AS `Variable_name`,sum(`performance_schema`.`memory_summary_global_by_event_name`.`SUM_NUMBER_OF_BYTES_ALLOC`) AS `Variable_value`,'Performance Schema' AS `Type`,if(((select count(0) from `performance_schema`.`setup_instruments` where ((`performance_schema`.`setup_instruments`.`NAME` like 'memory/%') and (`performance_schema`.`setup_instruments`.`ENABLED` = 'YES'))) = 0),'NO',if(((select count(0) from `performance_schema`.`setup_instruments` where ((`performance_schema`.`setup_instruments`.`NAME` like 'memory/%') and (`performance_schema`.`setup_instruments`.`ENABLED` = 'NO'))) = 0),'YES','PARTIAL')) AS `Enabled` from `performance_schema`.`memory_summary_global_by_event_name` union all select 'NOW()' AS `Variable_name`,now(3) AS `Variable_value`,'System Time' AS `Type`,'YES' AS `Enabled` union all select 'UNIX_TIMESTAMP()' AS `Variable_name`,round(unix_timestamp(now(3)),3) AS `Variable_value`,'System Time' AS `Type`,'YES' AS `Enabled` order by `Type`,`Variable_name` */;
/*!50001 SET character_set_client      = @saved_cs_client */;
/*!50001 SET character_set_results     = @saved_cs_results */;
/*!50001 SET collation_connection      = @saved_col_connection */;

--
-- Final view structure for view `processlist`
--

/*!50001 DROP VIEW IF EXISTS `processlist`*/;
/*!50001 SET @saved_cs_client          = @@character_set_client */;
/*!50001 SET @saved_cs_results         = @@character_set_results */;
/*!50001 SET @saved_col_connection     = @@collation_connection */;
/*!50001 SET character_set_client      = utf8mb4 */;
/*!50001 SET character_set_results     = utf8mb4 */;
/*!50001 SET collation_connection      = utf8mb4_0900_ai_ci */;
/*!50001 CREATE ALGORITHM=TEMPTABLE */
/*!50013 DEFINER=`mysql.sys`@`localhost` SQL SECURITY INVOKER */
/*!50001 VIEW `processlist` (`thd_id`,`conn_id`,`user`,`db`,`command`,`state`,`time`,`current_statement`,`execution_engine`,`statement_latency`,`progress`,`lock_latency`,`cpu_latency`,`rows_examined`,`rows_sent`,`rows_affected`,`tmp_tables`,`tmp_disk_tables`,`full_scan`,`last_statement`,`last_statement_latency`,`current_memory`,`last_wait`,`last_wait_latency`,`source`,`trx_latency`,`trx_state`,`trx_autocommit`,`pid`,`program_name`) AS select `pps`.`THREAD_ID` AS `thd_id`,`pps`.`PROCESSLIST_ID` AS `conn_id`,if((`pps`.`NAME` in ('thread/sql/one_connection','thread/thread_pool/tp_one_connection')),concat(`pps`.`PROCESSLIST_USER`,'@',convert(`pps`.`PROCESSLIST_HOST` using utf8mb4)),replace(`pps`.`NAME`,'thread/','')) AS `user`,`pps`.`PROCESSLIST_DB` AS `db`,`pps`.`PROCESSLIST_COMMAND` AS `command`,`pps`.`PROCESSLIST_STATE` AS `state`,`pps`.`PROCESSLIST_TIME` AS `time`,`sys`.`format_statement`(`pps`.`PROCESSLIST_INFO`) AS `current_statement`,`pps`.`EXECUTION_ENGINE` AS `execution_engine`,if((`esc`.`END_EVENT_ID` is null),format_pico_time(`esc`.`TIMER_WAIT`),NULL) AS `statement_latency`,if((`esc`.`END_EVENT_ID` is null),round((100 * (`estc`.`WORK_COMPLETED` / `estc`.`WORK_ESTIMATED`)),2),NULL) AS `progress`,format_pico_time(`esc`.`LOCK_TIME`) AS `lock_latency`,format_pico_time(`esc`.`CPU_TIME`) AS `cpu_latency`,`esc`.`ROWS_EXAMINED` AS `rows_examined`,`esc`.`ROWS_SENT` AS `rows_sent`,`esc`.`ROWS_AFFECTED` AS `rows_affected`,`esc`.`CREATED_TMP_TABLES` AS `tmp_tables`,`esc`.`CREATED_TMP_DISK_TABLES` AS `tmp_disk_tables`,if(((`esc`.`NO_GOOD_INDEX_USED` > 0) or (`esc`.`NO_INDEX_USED` > 0)),'YES','NO') AS `full_scan`,if((`esc`.`END_EVENT_ID` is not null),`sys`.`format_statement`(`esc`.`SQL_TEXT`),NULL) AS `last_statement`,if((`esc`.`END_EVENT_ID` is not null),format_pico_time(`esc`.`TIMER_WAIT`),NULL) AS `last_statement_latency`,format_bytes(`mem`.`current_allocated`) AS `current_memory`,`ewc`.`EVENT_NAME` AS `last_wait`,if(((`ewc`.`END_EVENT_ID` is null) and (`ewc`.`EVENT_NAME` is not null)),'Still Waiting',convert(format_pico_time(`ewc`.`TIMER_WAIT`) using utf8mb4)) AS `last_wait_latency`,`ewc`.`SOURCE` AS `source`,format_pico_time(`etc`.`TIMER_WAIT`) AS `trx_latency`,`etc`.`STATE` AS `trx_state`,`etc`.`AUTOCOMMIT` AS `trx_autocommit`,`conattr_pid`.`ATTR_VALUE` AS `pid`,`conattr_progname`.`ATTR_VALUE` AS `program_name` from (((((((`performance_schema`.`threads` `pps` left join `performance_schema`.`events_waits_current` `ewc` on((`pps`.`THREAD_ID` = `ewc`.`THREAD_ID`))) left join `performance_schema`.`events_stages_current` `estc` on((`pps`.`THREAD_ID` = `estc`.`THREAD_ID`))) left join `performance_schema`.`events_statements_current` `esc` on((`pps`.`THREAD_ID` = `esc`.`THREAD_ID`))) left join `performance_schema`.`events_transactions_current` `etc` on((`pps`.`THREAD_ID` = `etc`.`THREAD_ID`))) left join `x$memory_by_thread_by_current_bytes` `mem` on((`pps`.`THREAD_ID` = `mem`.`thread_id`))) left join `performance_schema`.`session_connect_attrs` `conattr_pid` on(((`conattr_pid`.`PROCESSLIST_ID` = `pps`.`PROCESSLIST_ID`) and (`conattr_pid`.`ATTR_NAME` = '_pid')))) left join `performance_schema`.`session_connect_attrs` `conattr_progname` on(((`conattr_progname`.`PROCESSLIST_ID` = `pps`.`PROCESSLIST_ID`) and (`conattr_progname`.`ATTR_NAME` = 'program_name')))) order by `pps`.`PROCESSLIST_TIME` desc,`last_wait_latency` desc */;
/*!50001 SET character_set_client      = @saved_cs_client */;
/*!50001 SET character_set_results     = @saved_cs_results */;
/*!50001 SET collation_connection      = @saved_col_connection */;

--
-- Final view structure for view `ps_check_lost_instrumentation`
--

/*!50001 DROP VIEW IF EXISTS `ps_check_lost_instrumentation`*/;
/*!50001 SET @saved_cs_client          = @@character_set_client */;
/*!50001 SET @saved_cs_results         = @@character_set_results */;
/*!50001 SET @saved_col_connection     = @@collation_connection */;
/*!50001 SET character_set_client      = utf8mb4 */;
/*!50001 SET character_set_results     = utf8mb4 */;
/*!50001 SET collation_connection      = utf8mb4_0900_ai_ci */;
/*!50001 CREATE ALGORITHM=MERGE */
/*!50013 DEFINER=`mysql.sys`@`localhost` SQL SECURITY INVOKER */
/*!50001 VIEW `ps_check_lost_instrumentation` (`variable_name`,`variable_value`) AS select `performance_schema`.`global_status`.`VARIABLE_NAME` AS `variable_name`,`performance_schema`.`global_status`.`VARIABLE_VALUE` AS `variable_value` from `performance_schema`.`global_status` where ((`performance_schema`.`global_status`.`VARIABLE_NAME` like 'perf%lost') and (`performance_schema`.`global_status`.`VARIABLE_VALUE` > 0)) */;
/*!50001 SET character_set_client      = @saved_cs_client */;
/*!50001 SET character_set_results     = @saved_cs_results */;
/*!50001 SET collation_connection      = @saved_col_connection */;

--
-- Final view structure for view `schema_auto_increment_columns`
--

/*!50001 DROP VIEW IF EXISTS `schema_auto_increment_columns`*/;
/*!50001 SET @saved_cs_client          = @@character_set_client */;
/*!50001 SET @saved_cs_results         = @@character_set_results */;
/*!50001 SET @saved_col_connection     = @@collation_connection */;
/*!50001 SET character_set_client      = utf8mb4 */;
/*!50001 SET character_set_results     = utf8mb4 */;
/*!50001 SET collation_connection      = utf8mb4_0900_ai_ci */;
/*!50001 CREATE ALGORITHM=MERGE */
/*!50013 DEFINER=`mysql.sys`@`localhost` SQL SECURITY INVOKER */
/*!50001 VIEW `schema_auto_increment_columns` (`table_schema`,`table_name`,`column_name`,`data_type`,`column_type`,`is_signed`,`is_unsigned`,`max_value`,`auto_increment`,`auto_increment_ratio`) AS select `information_schema`.`columns`.`TABLE_SCHEMA` AS `TABLE_SCHEMA`,`information_schema`.`columns`.`TABLE_NAME` AS `TABLE_NAME`,`information_schema`.`columns`.`COLUMN_NAME` AS `COLUMN_NAME`,`information_schema`.`columns`.`DATA_TYPE` AS `DATA_TYPE`,`information_schema`.`columns`.`COLUMN_TYPE` AS `COLUMN_TYPE`,(locate('unsigned',`information_schema`.`columns`.`COLUMN_TYPE`) = 0) AS `is_signed`,(locate('unsigned',`information_schema`.`columns`.`COLUMN_TYPE`) > 0) AS `is_unsigned`,((case `information_schema`.`columns`.`DATA_TYPE` when 'tinyint' then 255 when 'smallint' then 65535 when 'mediumint' then 16777215 when 'int' then 4294967295 when 'bigint' then 18446744073709551615 end) >> if((locate('unsigned',`information_schema`.`columns`.`COLUMN_TYPE`) > 0),0,1)) AS `max_value`,`information_schema`.`tables`.`AUTO_INCREMENT` AS `AUTO_INCREMENT`,(`information_schema`.`tables`.`AUTO_INCREMENT` / ((case `information_schema`.`columns`.`DATA_TYPE` when 'tinyint' then 255 when 'smallint' then 65535 when 'mediumint' then 16777215 when 'int' then 4294967295 when 'bigint' then 18446744073709551615 end) >> if((locate('unsigned',`information_schema`.`columns`.`COLUMN_TYPE`) > 0),0,1))) AS `auto_increment_ratio` from (`information_schema`.`COLUMNS` join `information_schema`.`TABLES` on(((`information_schema`.`columns`.`TABLE_SCHEMA` = `information_schema`.`tables`.`TABLE_SCHEMA`) and (`information_schema`.`columns`.`TABLE_NAME` = `information_schema`.`tables`.`TABLE_NAME`)))) where ((`information_schema`.`columns`.`TABLE_SCHEMA` not in ('mysql','sys','INFORMATION_SCHEMA','performance_schema')) and (`information_schema`.`tables`.`TABLE_TYPE` = 'BASE TABLE') and (`information_schema`.`columns`.`EXTRA` = 'auto_increment')) order by (`information_schema`.`tables`.`AUTO_INCREMENT` / ((case `information_schema`.`columns`.`DATA_TYPE` when 'tinyint' then 255 when 'smallint' then 65535 when 'mediumint' then 16777215 when 'int' then 4294967295 when 'bigint' then 18446744073709551615 end) >> if((locate('unsigned',`information_schema`.`columns`.`COLUMN_TYPE`) > 0),0,1))) desc,((case `information_schema`.`columns`.`DATA_TYPE` when 'tinyint' then 255 when 'smallint' then 65535 when 'mediumint' then 16777215 when 'int' then 4294967295 when 'bigint' then 18446744073709551615 end) >> if((locate('unsigned',`information_schema`.`columns`.`COLUMN_TYPE`) > 0),0,1)) */;
/*!50001 SET character_set_client      = @saved_cs_client */;
/*!50001 SET character_set_results     = @saved_cs_results */;
/*!50001 SET collation_connection      = @saved_col_connection */;

--
-- Final view structure for view `schema_index_statistics`
--

/*!50001 DROP VIEW IF EXISTS `schema_index_statistics`*/;
/*!50001 SET @saved_cs_client          = @@character_set_client */;
/*!50001 SET @saved_cs_results         = @@character_set_results */;
/*!50001 SET @saved_col_connection     = @@collation_connection */;
/*!50001 SET character_set_client      = utf8mb4 */;
/*!50001 SET character_set_results     = utf8mb4 */;
/*!50001 SET collation_connection      = utf8mb4_0900_ai_ci */;
/*!50001 CREATE ALGORITHM=MERGE */
/*!50013 DEFINER=`mysql.sys`@`localhost` SQL SECURITY INVOKER */
/*!50001 VIEW `schema_index_statistics` (`table_schema`,`table_name`,`index_name`,`rows_selected`,`select_latency`,`rows_inserted`,`insert_latency`,`rows_updated`,`update_latency`,`rows_deleted`,`delete_latency`) AS select `performance_schema`.`table_io_waits_summary_by_index_usage`.`OBJECT_SCHEMA` AS `table_schema`,`performance_schema`.`table_io_waits_summary_by_index_usage`.`OBJECT_NAME` AS `table_name`,`performance_schema`.`table_io_waits_summary_by_index_usage`.`INDEX_NAME` AS `index_name`,`performance_schema`.`table_io_waits_summary_by_index_usage`.`COUNT_FETCH` AS `rows_selected`,format_pico_time(`performance_schema`.`table_io_waits_summary_by_index_usage`.`SUM_TIMER_FETCH`) AS `select_latency`,`performance_schema`.`table_io_waits_summary_by_index_usage`.`COUNT_INSERT` AS `rows_inserted`,format_pico_time(`performance_schema`.`table_io_waits_summary_by_index_usage`.`SUM_TIMER_INSERT`) AS `insert_latency`,`performance_schema`.`table_io_waits_summary_by_index_usage`.`COUNT_UPDATE` AS `rows_updated`,format_pico_time(`performance_schema`.`table_io_waits_summary_by_index_usage`.`SUM_TIMER_UPDATE`) AS `update_latency`,`performance_schema`.`table_io_waits_summary_by_index_usage`.`COUNT_DELETE` AS `rows_deleted`,format_pico_time(`performance_schema`.`table_io_waits_summary_by_index_usage`.`SUM_TIMER_DELETE`) AS `delete_latency` from `performance_schema`.`table_io_waits_summary_by_index_usage` where (`performance_schema`.`table_io_waits_summary_by_index_usage`.`INDEX_NAME` is not null) order by `performance_schema`.`table_io_waits_summary_by_index_usage`.`SUM_TIMER_WAIT` desc */;
/*!50001 SET character_set_client      = @saved_cs_client */;
/*!50001 SET character_set_results     = @saved_cs_results */;
/*!50001 SET collation_connection      = @saved_col_connection */;

--
-- Final view structure for view `schema_object_overview`
--

/*!50001 DROP VIEW IF EXISTS `schema_object_overview`*/;
/*!50001 SET @saved_cs_client          = @@character_set_client */;
/*!50001 SET @saved_cs_results         = @@character_set_results */;
/*!50001 SET @saved_col_connection     = @@collation_connection */;
/*!50001 SET character_set_client      = utf8mb4 */;
/*!50001 SET character_set_results     = utf8mb4 */;
/*!50001 SET collation_connection      = utf8mb4_0900_ai_ci */;
/*!50001 CREATE ALGORITHM=TEMPTABLE */
/*!50013 DEFINER=`mysql.sys`@`localhost` SQL SECURITY INVOKER */
/*!50001 VIEW `schema_object_overview` (`db`,`object_type`,`count`) AS select `information_schema`.`routines`.`ROUTINE_SCHEMA` AS `db`,`information_schema`.`routines`.`ROUTINE_TYPE` AS `object_type`,count(0) AS `count` from `information_schema`.`ROUTINES` group by `information_schema`.`routines`.`ROUTINE_SCHEMA`,`information_schema`.`routines`.`ROUTINE_TYPE` union select `information_schema`.`tables`.`TABLE_SCHEMA` AS `TABLE_SCHEMA`,`information_schema`.`tables`.`TABLE_TYPE` AS `TABLE_TYPE`,count(0) AS `COUNT(*)` from `information_schema`.`TABLES` group by `information_schema`.`tables`.`TABLE_SCHEMA`,`information_schema`.`tables`.`TABLE_TYPE` union select `information_schema`.`statistics`.`TABLE_SCHEMA` AS `TABLE_SCHEMA`,concat('INDEX (',`information_schema`.`statistics`.`INDEX_TYPE`,')') AS `CONCAT('INDEX (', INDEX_TYPE, ')')`,count(0) AS `COUNT(*)` from `information_schema`.`STATISTICS` group by `information_schema`.`statistics`.`TABLE_SCHEMA`,`information_schema`.`statistics`.`INDEX_TYPE` union select `information_schema`.`triggers`.`TRIGGER_SCHEMA` AS `TRIGGER_SCHEMA`,'TRIGGER' AS `TRIGGER`,count(0) AS `COUNT(*)` from `information_schema`.`TRIGGERS` group by `information_schema`.`triggers`.`TRIGGER_SCHEMA` union select `information_schema`.`events`.`EVENT_SCHEMA` AS `EVENT_SCHEMA`,'EVENT' AS `EVENT`,count(0) AS `COUNT(*)` from `information_schema`.`EVENTS` group by `information_schema`.`events`.`EVENT_SCHEMA` order by `db`,`object_type` */;
/*!50001 SET character_set_client      = @saved_cs_client */;
/*!50001 SET character_set_results     = @saved_cs_results */;
/*!50001 SET collation_connection      = @saved_col_connection */;

--
-- Final view structure for view `schema_redundant_indexes`
--

/*!50001 DROP VIEW IF EXISTS `schema_redundant_indexes`*/;
/*!50001 SET @saved_cs_client          = @@character_set_client */;
/*!50001 SET @saved_cs_results         = @@character_set_results */;
/*!50001 SET @saved_col_connection     = @@collation_connection */;
/*!50001 SET character_set_client      = utf8mb4 */;
/*!50001 SET character_set_results     = utf8mb4 */;
/*!50001 SET collation_connection      = utf8mb4_0900_ai_ci */;
/*!50001 CREATE ALGORITHM=TEMPTABLE */
/*!50013 DEFINER=`mysql.sys`@`localhost` SQL SECURITY INVOKER */
/*!50001 VIEW `schema_redundant_indexes` (`table_schema`,`table_name`,`redundant_index_name`,`redundant_index_columns`,`redundant_index_non_unique`,`dominant_index_name`,`dominant_index_columns`,`dominant_index_non_unique`,`subpart_exists`,`sql_drop_index`) AS select `redundant_keys`.`table_schema` AS `table_schema`,`redundant_keys`.`table_name` AS `table_name`,`redundant_keys`.`index_name` AS `redundant_index_name`,`redundant_keys`.`index_columns` AS `redundant_index_columns`,`redundant_keys`.`non_unique` AS `redundant_index_non_unique`,`dominant_keys`.`index_name` AS `dominant_index_name`,`dominant_keys`.`index_columns` AS `dominant_index_columns`,`dominant_keys`.`non_unique` AS `dominant_index_non_unique`,if(((0 <> `redundant_keys`.`subpart_exists`) or (0 <> `dominant_keys`.`subpart_exists`)),1,0) AS `subpart_exists`,concat('ALTER TABLE `',`redundant_keys`.`table_schema`,'`.`',`redundant_keys`.`table_name`,'` DROP INDEX `',`redundant_keys`.`index_name`,'`') AS `sql_drop_index` from (`x$schema_flattened_keys` `redundant_keys` join `x$schema_flattened_keys` `dominant_keys` on(((`redundant_keys`.`table_schema` = `dominant_keys`.`table_schema`) and (`redundant_keys`.`table_name` = `dominant_keys`.`table_name`)))) where ((`redundant_keys`.`index_name` <> `dominant_keys`.`index_name`) and (((`redundant_keys`.`index_columns` = `dominant_keys`.`index_columns`) and ((`redundant_keys`.`non_unique` > `dominant_keys`.`non_unique`) or ((`redundant_keys`.`non_unique` = `dominant_keys`.`non_unique`) and (if((`redundant_keys`.`index_name` = 'PRIMARY'),'',`redundant_keys`.`index_name`) > if((`dominant_keys`.`index_name` = 'PRIMARY'),'',`dominant_keys`.`index_name`))))) or ((locate(concat(`redundant_keys`.`index_columns`,','),`dominant_keys`.`index_columns`) = 1) and (`redundant_keys`.`non_unique` = 1)) or ((locate(concat(`dominant_keys`.`index_columns`,','),`redundant_keys`.`index_columns`) = 1) and (`dominant_keys`.`non_unique` = 0)))) */;
/*!50001 SET character_set_client      = @saved_cs_client */;
/*!50001 SET character_set_results     = @saved_cs_results */;
/*!50001 SET collation_connection      = @saved_col_connection */;

--
-- Final view structure for view `schema_table_lock_waits`
--

/*!50001 DROP VIEW IF EXISTS `schema_table_lock_waits`*/;
/*!50001 SET @saved_cs_client          = @@character_set_client */;
/*!50001 SET @saved_cs_results         = @@character_set_results */;
/*!50001 SET @saved_col_connection     = @@collation_connection */;
/*!50001 SET character_set_client      = utf8mb4 */;
/*!50001 SET character_set_results     = utf8mb4 */;
/*!50001 SET collation_connection      = utf8mb4_0900_ai_ci */;
/*!50001 CREATE ALGORITHM=TEMPTABLE */
/*!50013 DEFINER=`mysql.sys`@`localhost` SQL SECURITY INVOKER */
/*!50001 VIEW `schema_table_lock_waits` (`object_schema`,`object_name`,`waiting_thread_id`,`waiting_pid`,`waiting_account`,`waiting_lock_type`,`waiting_lock_duration`,`waiting_query`,`waiting_query_secs`,`waiting_query_rows_affected`,`waiting_query_rows_examined`,`blocking_thread_id`,`blocking_pid`,`blocking_account`,`blocking_lock_type`,`blocking_lock_duration`,`sql_kill_blocking_query`,`sql_kill_blocking_connection`) AS select `g`.`OBJECT_SCHEMA` AS `object_schema`,`g`.`OBJECT_NAME` AS `object_name`,`pt`.`THREAD_ID` AS `waiting_thread_id`,`pt`.`PROCESSLIST_ID` AS `waiting_pid`,`sys`.`ps_thread_account`(`p`.`OWNER_THREAD_ID`) AS `waiting_account`,`p`.`LOCK_TYPE` AS `waiting_lock_type`,`p`.`LOCK_DURATION` AS `waiting_lock_duration`,`sys`.`format_statement`(`pt`.`PROCESSLIST_INFO`) AS `waiting_query`,`pt`.`PROCESSLIST_TIME` AS `waiting_query_secs`,`ps`.`ROWS_AFFECTED` AS `waiting_query_rows_affected`,`ps`.`ROWS_EXAMINED` AS `waiting_query_rows_examined`,`gt`.`THREAD_ID` AS `blocking_thread_id`,`gt`.`PROCESSLIST_ID` AS `blocking_pid`,`sys`.`ps_thread_account`(`g`.`OWNER_THREAD_ID`) AS `blocking_account`,`g`.`LOCK_TYPE` AS `blocking_lock_type`,`g`.`LOCK_DURATION` AS `blocking_lock_duration`,concat('KILL QUERY ',`gt`.`PROCESSLIST_ID`) AS `sql_kill_blocking_query`,concat('KILL ',`gt`.`PROCESSLIST_ID`) AS `sql_kill_blocking_connection` from (((((`performance_schema`.`metadata_locks` `g` join `performance_schema`.`metadata_locks` `p` on(((`g`.`OBJECT_TYPE` = `p`.`OBJECT_TYPE`) and (`g`.`OBJECT_SCHEMA` = `p`.`OBJECT_SCHEMA`) and (`g`.`OBJECT_NAME` = `p`.`OBJECT_NAME`) and (`g`.`LOCK_STATUS` = 'GRANTED') and (`p`.`LOCK_STATUS` = 'PENDING')))) join `performance_schema`.`threads` `gt` on((`g`.`OWNER_THREAD_ID` = `gt`.`THREAD_ID`))) join `performance_schema`.`threads` `pt` on((`p`.`OWNER_THREAD_ID` = `pt`.`THREAD_ID`))) left join `performance_schema`.`events_statements_current` `gs` on((`g`.`OWNER_THREAD_ID` = `gs`.`THREAD_ID`))) left join `performance_schema`.`events_statements_current` `ps` on((`p`.`OWNER_THREAD_ID` = `ps`.`THREAD_ID`))) where (`g`.`OBJECT_TYPE` = 'TABLE') */;
/*!50001 SET character_set_client      = @saved_cs_client */;
/*!50001 SET character_set_results     = @saved_cs_results */;
/*!50001 SET collation_connection      = @saved_col_connection */;

--
-- Final view structure for view `schema_table_statistics`
--

/*!50001 DROP VIEW IF EXISTS `schema_table_statistics`*/;
/*!50001 SET @saved_cs_client          = @@character_set_client */;
/*!50001 SET @saved_cs_results         = @@character_set_results */;
/*!50001 SET @saved_col_connection     = @@collation_connection */;
/*!50001 SET character_set_client      = utf8mb4 */;
/*!50001 SET character_set_results     = utf8mb4 */;
/*!50001 SET collation_connection      = utf8mb4_0900_ai_ci */;
/*!50001 CREATE ALGORITHM=TEMPTABLE */
/*!50013 DEFINER=`mysql.sys`@`localhost` SQL SECURITY INVOKER */
/*!50001 VIEW `schema_table_statistics` (`table_schema`,`table_name`,`total_latency`,`rows_fetched`,`fetch_latency`,`rows_inserted`,`insert_latency`,`rows_updated`,`update_latency`,`rows_deleted`,`delete_latency`,`io_read_requests`,`io_read`,`io_read_latency`,`io_write_requests`,`io_write`,`io_write_latency`,`io_misc_requests`,`io_misc_latency`) AS select `pst`.`OBJECT_SCHEMA` AS `table_schema`,`pst`.`OBJECT_NAME` AS `table_name`,format_pico_time(`pst`.`SUM_TIMER_WAIT`) AS `total_latency`,`pst`.`COUNT_FETCH` AS `rows_fetched`,format_pico_time(`pst`.`SUM_TIMER_FETCH`) AS `fetch_latency`,`pst`.`COUNT_INSERT` AS `rows_inserted`,format_pico_time(`pst`.`SUM_TIMER_INSERT`) AS `insert_latency`,`pst`.`COUNT_UPDATE` AS `rows_updated`,format_pico_time(`pst`.`SUM_TIMER_UPDATE`) AS `update_latency`,`pst`.`COUNT_DELETE` AS `rows_deleted`,format_pico_time(`pst`.`SUM_TIMER_DELETE`) AS `delete_latency`,`fsbi`.`count_read` AS `io_read_requests`,format_bytes(`fsbi`.`sum_number_of_bytes_read`) AS `io_read`,format_pico_time(`fsbi`.`sum_timer_read`) AS `io_read_latency`,`fsbi`.`count_write` AS `io_write_requests`,format_bytes(`fsbi`.`sum_number_of_bytes_write`) AS `io_write`,format_pico_time(`fsbi`.`sum_timer_write`) AS `io_write_latency`,`fsbi`.`count_misc` AS `io_misc_requests`,format_pico_time(`fsbi`.`sum_timer_misc`) AS `io_misc_latency` from (`performance_schema`.`table_io_waits_summary_by_table` `pst` left join `x$ps_schema_table_statistics_io` `fsbi` on(((`pst`.`OBJECT_SCHEMA` = `fsbi`.`table_schema`) and (`pst`.`OBJECT_NAME` = `fsbi`.`table_name`)))) order by `pst`.`SUM_TIMER_WAIT` desc */;
/*!50001 SET character_set_client      = @saved_cs_client */;
/*!50001 SET character_set_results     = @saved_cs_results */;
/*!50001 SET collation_connection      = @saved_col_connection */;

--
-- Final view structure for view `schema_table_statistics_with_buffer`
--

/*!50001 DROP VIEW IF EXISTS `schema_table_statistics_with_buffer`*/;
/*!50001 SET @saved_cs_client          = @@character_set_client */;
/*!50001 SET @saved_cs_results         = @@character_set_results */;
/*!50001 SET @saved_col_connection     = @@collation_connection */;
/*!50001 SET character_set_client      = utf8mb4 */;
/*!50001 SET character_set_results     = utf8mb4 */;
/*!50001 SET collation_connection      = utf8mb4_0900_ai_ci */;
/*!50001 CREATE ALGORITHM=TEMPTABLE */
/*!50013 DEFINER=`mysql.sys`@`localhost` SQL SECURITY INVOKER */
/*!50001 VIEW `schema_table_statistics_with_buffer` (`table_schema`,`table_name`,`rows_fetched`,`fetch_latency`,`rows_inserted`,`insert_latency`,`rows_updated`,`update_latency`,`rows_deleted`,`delete_latency`,`io_read_requests`,`io_read`,`io_read_latency`,`io_write_requests`,`io_write`,`io_write_latency`,`io_misc_requests`,`io_misc_latency`,`innodb_buffer_allocated`,`innodb_buffer_data`,`innodb_buffer_free`,`innodb_buffer_pages`,`innodb_buffer_pages_hashed`,`innodb_buffer_pages_old`,`innodb_buffer_rows_cached`) AS select `pst`.`OBJECT_SCHEMA` AS `table_schema`,`pst`.`OBJECT_NAME` AS `table_name`,`pst`.`COUNT_FETCH` AS `rows_fetched`,format_pico_time(`pst`.`SUM_TIMER_FETCH`) AS `fetch_latency`,`pst`.`COUNT_INSERT` AS `rows_inserted`,format_pico_time(`pst`.`SUM_TIMER_INSERT`) AS `insert_latency`,`pst`.`COUNT_UPDATE` AS `rows_updated`,format_pico_time(`pst`.`SUM_TIMER_UPDATE`) AS `update_latency`,`pst`.`COUNT_DELETE` AS `rows_deleted`,format_pico_time(`pst`.`SUM_TIMER_DELETE`) AS `delete_latency`,`fsbi`.`count_read` AS `io_read_requests`,format_bytes(`fsbi`.`sum_number_of_bytes_read`) AS `io_read`,format_pico_time(`fsbi`.`sum_timer_read`) AS `io_read_latency`,`fsbi`.`count_write` AS `io_write_requests`,format_bytes(`fsbi`.`sum_number_of_bytes_write`) AS `io_write`,format_pico_time(`fsbi`.`sum_timer_write`) AS `io_write_latency`,`fsbi`.`count_misc` AS `io_misc_requests`,format_pico_time(`fsbi`.`sum_timer_misc`) AS `io_misc_latency`,format_bytes(`ibp`.`allocated`) AS `innodb_buffer_allocated`,format_bytes(`ibp`.`data`) AS `innodb_buffer_data`,format_bytes((`ibp`.`allocated` - `ibp`.`data`)) AS `innodb_buffer_free`,`ibp`.`pages` AS `innodb_buffer_pages`,`ibp`.`pages_hashed` AS `innodb_buffer_pages_hashed`,`ibp`.`pages_old` AS `innodb_buffer_pages_old`,`ibp`.`rows_cached` AS `innodb_buffer_rows_cached` from ((`performance_schema`.`table_io_waits_summary_by_table` `pst` left join `x$ps_schema_table_statistics_io` `fsbi` on(((`pst`.`OBJECT_SCHEMA` = `fsbi`.`table_schema`) and (`pst`.`OBJECT_NAME` = `fsbi`.`table_name`)))) left join `x$innodb_buffer_stats_by_table` `ibp` on(((`pst`.`OBJECT_SCHEMA` = `ibp`.`object_schema`) and (`pst`.`OBJECT_NAME` = `ibp`.`object_name`)))) order by `pst`.`SUM_TIMER_WAIT` desc */;
/*!50001 SET character_set_client      = @saved_cs_client */;
/*!50001 SET character_set_results     = @saved_cs_results */;
/*!50001 SET collation_connection      = @saved_col_connection */;

--
-- Final view structure for view `schema_tables_with_full_table_scans`
--

/*!50001 DROP VIEW IF EXISTS `schema_tables_with_full_table_scans`*/;
/*!50001 SET @saved_cs_client          = @@character_set_client */;
/*!50001 SET @saved_cs_results         = @@character_set_results */;
/*!50001 SET @saved_col_connection     = @@collation_connection */;
/*!50001 SET character_set_client      = utf8mb4 */;
/*!50001 SET character_set_results     = utf8mb4 */;
/*!50001 SET collation_connection      = utf8mb4_0900_ai_ci */;
/*!50001 CREATE ALGORITHM=MERGE */
/*!50013 DEFINER=`mysql.sys`@`localhost` SQL SECURITY INVOKER */
/*!50001 VIEW `schema_tables_with_full_table_scans` (`object_schema`,`object_name`,`rows_full_scanned`,`latency`) AS select `performance_schema`.`table_io_waits_summary_by_index_usage`.`OBJECT_SCHEMA` AS `object_schema`,`performance_schema`.`table_io_waits_summary_by_index_usage`.`OBJECT_NAME` AS `object_name`,`performance_schema`.`table_io_waits_summary_by_index_usage`.`COUNT_READ` AS `rows_full_scanned`,format_pico_time(`performance_schema`.`table_io_waits_summary_by_index_usage`.`SUM_TIMER_WAIT`) AS `latency` from `performance_schema`.`table_io_waits_summary_by_index_usage` where ((`performance_schema`.`table_io_waits_summary_by_index_usage`.`INDEX_NAME` is null) and (`performance_schema`.`table_io_waits_summary_by_index_usage`.`COUNT_READ` > 0)) order by `performance_schema`.`table_io_waits_summary_by_index_usage`.`COUNT_READ` desc */;
/*!50001 SET character_set_client      = @saved_cs_client */;
/*!50001 SET character_set_results     = @saved_cs_results */;
/*!50001 SET collation_connection      = @saved_col_connection */;

--
-- Final view structure for view `schema_unused_indexes`
--

/*!50001 DROP VIEW IF EXISTS `schema_unused_indexes`*/;
/*!50001 SET @saved_cs_client          = @@character_set_client */;
/*!50001 SET @saved_cs_results         = @@character_set_results */;
/*!50001 SET @saved_col_connection     = @@collation_connection */;
/*!50001 SET character_set_client      = utf8mb4 */;
/*!50001 SET character_set_results     = utf8mb4 */;
/*!50001 SET collation_connection      = utf8mb4_0900_ai_ci */;
/*!50001 CREATE ALGORITHM=MERGE */
/*!50013 DEFINER=`mysql.sys`@`localhost` SQL SECURITY INVOKER */
/*!50001 VIEW `schema_unused_indexes` (`object_schema`,`object_name`,`index_name`) AS select `t`.`OBJECT_SCHEMA` AS `object_schema`,`t`.`OBJECT_NAME` AS `object_name`,`t`.`INDEX_NAME` AS `index_name` from (`performance_schema`.`table_io_waits_summary_by_index_usage` `t` join `information_schema`.`STATISTICS` `s` on(((`t`.`OBJECT_SCHEMA` = `information_schema`.`s`.`TABLE_SCHEMA`) and (`t`.`OBJECT_NAME` = `information_schema`.`s`.`TABLE_NAME`) and (`t`.`INDEX_NAME` = `information_schema`.`s`.`INDEX_NAME`)))) where ((`t`.`INDEX_NAME` is not null) and (`t`.`COUNT_STAR` = 0) and (`t`.`OBJECT_SCHEMA` <> 'mysql') and (`t`.`INDEX_NAME` <> 'PRIMARY') and (`information_schema`.`s`.`NON_UNIQUE` = 1) and (`information_schema`.`s`.`SEQ_IN_INDEX` = 1)) order by `t`.`OBJECT_SCHEMA`,`t`.`OBJECT_NAME` */;
/*!50001 SET character_set_client      = @saved_cs_client */;
/*!50001 SET character_set_results     = @saved_cs_results */;
/*!50001 SET collation_connection      = @saved_col_connection */;

--
-- Final view structure for view `session`
--

/*!50001 DROP VIEW IF EXISTS `session`*/;
/*!50001 SET @saved_cs_client          = @@character_set_client */;
/*!50001 SET @saved_cs_results         = @@character_set_results */;
/*!50001 SET @saved_col_connection     = @@collation_connection */;
/*!50001 SET character_set_client      = utf8mb4 */;
/*!50001 SET character_set_results     = utf8mb4 */;
/*!50001 SET collation_connection      = utf8mb4_0900_ai_ci */;
/*!50001 CREATE ALGORITHM=UNDEFINED */
/*!50013 DEFINER=`mysql.sys`@`localhost` SQL SECURITY INVOKER */
/*!50001 VIEW `session` AS select `processlist`.`thd_id` AS `thd_id`,`processlist`.`conn_id` AS `conn_id`,`processlist`.`user` AS `user`,`processlist`.`db` AS `db`,`processlist`.`command` AS `command`,`processlist`.`state` AS `state`,`processlist`.`time` AS `time`,`processlist`.`current_statement` AS `current_statement`,`processlist`.`execution_engine` AS `execution_engine`,`processlist`.`statement_latency` AS `statement_latency`,`processlist`.`progress` AS `progress`,`processlist`.`lock_latency` AS `lock_latency`,`processlist`.`cpu_latency` AS `cpu_latency`,`processlist`.`rows_examined` AS `rows_examined`,`processlist`.`rows_sent` AS `rows_sent`,`processlist`.`rows_affected` AS `rows_affected`,`processlist`.`tmp_tables` AS `tmp_tables`,`processlist`.`tmp_disk_tables` AS `tmp_disk_tables`,`processlist`.`full_scan` AS `full_scan`,`processlist`.`last_statement` AS `last_statement`,`processlist`.`last_statement_latency` AS `last_statement_latency`,`processlist`.`current_memory` AS `current_memory`,`processlist`.`last_wait` AS `last_wait`,`processlist`.`last_wait_latency` AS `last_wait_latency`,`processlist`.`source` AS `source`,`processlist`.`trx_latency` AS `trx_latency`,`processlist`.`trx_state` AS `trx_state`,`processlist`.`trx_autocommit` AS `trx_autocommit`,`processlist`.`pid` AS `pid`,`processlist`.`program_name` AS `program_name` from `processlist` where ((`processlist`.`conn_id` is not null) and (`processlist`.`command` <> 'Daemon')) */;
/*!50001 SET character_set_client      = @saved_cs_client */;
/*!50001 SET character_set_results     = @saved_cs_results */;
/*!50001 SET collation_connection      = @saved_col_connection */;

--
-- Final view structure for view `session_ssl_status`
--

/*!50001 DROP VIEW IF EXISTS `session_ssl_status`*/;
/*!50001 SET @saved_cs_client          = @@character_set_client */;
/*!50001 SET @saved_cs_results         = @@character_set_results */;
/*!50001 SET @saved_col_connection     = @@collation_connection */;
/*!50001 SET character_set_client      = utf8mb4 */;
/*!50001 SET character_set_results     = utf8mb4 */;
/*!50001 SET collation_connection      = utf8mb4_0900_ai_ci */;
/*!50001 CREATE ALGORITHM=MERGE */
/*!50013 DEFINER=`mysql.sys`@`localhost` SQL SECURITY INVOKER */
/*!50001 VIEW `session_ssl_status` (`thread_id`,`ssl_version`,`ssl_cipher`,`ssl_sessions_reused`) AS select `sslver`.`THREAD_ID` AS `thread_id`,`sslver`.`VARIABLE_VALUE` AS `ssl_version`,`sslcip`.`VARIABLE_VALUE` AS `ssl_cipher`,`sslreuse`.`VARIABLE_VALUE` AS `ssl_sessions_reused` from ((`performance_schema`.`status_by_thread` `sslver` left join `performance_schema`.`status_by_thread` `sslcip` on(((`sslcip`.`THREAD_ID` = `sslver`.`THREAD_ID`) and (`sslcip`.`VARIABLE_NAME` = 'Ssl_cipher')))) left join `performance_schema`.`status_by_thread` `sslreuse` on(((`sslreuse`.`THREAD_ID` = `sslver`.`THREAD_ID`) and (`sslreuse`.`VARIABLE_NAME` = 'Ssl_sessions_reused')))) where (`sslver`.`VARIABLE_NAME` = 'Ssl_version') */;
/*!50001 SET character_set_client      = @saved_cs_client */;
/*!50001 SET character_set_results     = @saved_cs_results */;
/*!50001 SET collation_connection      = @saved_col_connection */;

--
-- Final view structure for view `statement_analysis`
--

/*!50001 DROP VIEW IF EXISTS `statement_analysis`*/;
/*!50001 SET @saved_cs_client          = @@character_set_client */;
/*!50001 SET @saved_cs_results         = @@character_set_results */;
/*!50001 SET @saved_col_connection     = @@collation_connection */;
/*!50001 SET character_set_client      = utf8mb4 */;
/*!50001 SET character_set_results     = utf8mb4 */;
/*!50001 SET collation_connection      = utf8mb4_0900_ai_ci */;
/*!50001 CREATE ALGORITHM=MERGE */
/*!50013 DEFINER=`mysql.sys`@`localhost` SQL SECURITY INVOKER */
/*!50001 VIEW `statement_analysis` (`query`,`db`,`full_scan`,`exec_count`,`err_count`,`warn_count`,`total_latency`,`max_latency`,`avg_latency`,`lock_latency`,`cpu_latency`,`rows_sent`,`rows_sent_avg`,`rows_examined`,`rows_examined_avg`,`rows_affected`,`rows_affected_avg`,`tmp_tables`,`tmp_disk_tables`,`rows_sorted`,`sort_merge_passes`,`max_controlled_memory`,`max_total_memory`,`digest`,`first_seen`,`last_seen`) AS select `sys`.`format_statement`(`performance_schema`.`events_statements_summary_by_digest`.`DIGEST_TEXT`) AS `query`,`performance_schema`.`events_statements_summary_by_digest`.`SCHEMA_NAME` AS `db`,if(((`performance_schema`.`events_statements_summary_by_digest`.`SUM_NO_GOOD_INDEX_USED` > 0) or (`performance_schema`.`events_statements_summary_by_digest`.`SUM_NO_INDEX_USED` > 0)),'*','') AS `full_scan`,`performance_schema`.`events_statements_summary_by_digest`.`COUNT_STAR` AS `exec_count`,`performance_schema`.`events_statements_summary_by_digest`.`SUM_ERRORS` AS `err_count`,`performance_schema`.`events_statements_summary_by_digest`.`SUM_WARNINGS` AS `warn_count`,format_pico_time(`performance_schema`.`events_statements_summary_by_digest`.`SUM_TIMER_WAIT`) AS `total_latency`,format_pico_time(`performance_schema`.`events_statements_summary_by_digest`.`MAX_TIMER_WAIT`) AS `max_latency`,format_pico_time(`performance_schema`.`events_statements_summary_by_digest`.`AVG_TIMER_WAIT`) AS `avg_latency`,format_pico_time(`performance_schema`.`events_statements_summary_by_digest`.`SUM_LOCK_TIME`) AS `lock_latency`,format_pico_time(`performance_schema`.`events_statements_summary_by_digest`.`SUM_CPU_TIME`) AS `cpu_latency`,`performance_schema`.`events_statements_summary_by_digest`.`SUM_ROWS_SENT` AS `rows_sent`,round(ifnull((`performance_schema`.`events_statements_summary_by_digest`.`SUM_ROWS_SENT` / nullif(`performance_schema`.`events_statements_summary_by_digest`.`COUNT_STAR`,0)),0),0) AS `rows_sent_avg`,`performance_schema`.`events_statements_summary_by_digest`.`SUM_ROWS_EXAMINED` AS `rows_examined`,round(ifnull((`performance_schema`.`events_statements_summary_by_digest`.`SUM_ROWS_EXAMINED` / nullif(`performance_schema`.`events_statements_summary_by_digest`.`COUNT_STAR`,0)),0),0) AS `rows_examined_avg`,`performance_schema`.`events_statements_summary_by_digest`.`SUM_ROWS_AFFECTED` AS `rows_affected`,round(ifnull((`performance_schema`.`events_statements_summary_by_digest`.`SUM_ROWS_AFFECTED` / nullif(`performance_schema`.`events_statements_summary_by_digest`.`COUNT_STAR`,0)),0),0) AS `rows_affected_avg`,`performance_schema`.`events_statements_summary_by_digest`.`SUM_CREATED_TMP_TABLES` AS `tmp_tables`,`performance_schema`.`events_statements_summary_by_digest`.`SUM_CREATED_TMP_DISK_TABLES` AS `tmp_disk_tables`,`performance_schema`.`events_statements_summary_by_digest`.`SUM_SORT_ROWS` AS `rows_sorted`,`performance_schema`.`events_statements_summary_by_digest`.`SUM_SORT_MERGE_PASSES` AS `sort_merge_passes`,format_bytes(`performance_schema`.`events_statements_summary_by_digest`.`MAX_CONTROLLED_MEMORY`) AS `max_controlled_memory`,format_bytes(`performance_schema`.`events_statements_summary_by_digest`.`MAX_TOTAL_MEMORY`) AS `max_total_memory`,`performance_schema`.`events_statements_summary_by_digest`.`DIGEST` AS `digest`,`performance_schema`.`events_statements_summary_by_digest`.`FIRST_SEEN` AS `first_seen`,`performance_schema`.`events_statements_summary_by_digest`.`LAST_SEEN` AS `last_seen` from `performance_schema`.`events_statements_summary_by_digest` order by `performance_schema`.`events_statements_summary_by_digest`.`SUM_TIMER_WAIT` desc */;
/*!50001 SET character_set_client      = @saved_cs_client */;
/*!50001 SET character_set_results     = @saved_cs_results */;
/*!50001 SET collation_connection      = @saved_col_connection */;

--
-- Final view structure for view `statements_with_errors_or_warnings`
--

/*!50001 DROP VIEW IF EXISTS `statements_with_errors_or_warnings`*/;
/*!50001 SET @saved_cs_client          = @@character_set_client */;
/*!50001 SET @saved_cs_results         = @@character_set_results */;
/*!50001 SET @saved_col_connection     = @@collation_connection */;
/*!50001 SET character_set_client      = utf8mb4 */;
/*!50001 SET character_set_results     = utf8mb4 */;
/*!50001 SET collation_connection      = utf8mb4_0900_ai_ci */;
/*!50001 CREATE ALGORITHM=MERGE */
/*!50013 DEFINER=`mysql.sys`@`localhost` SQL SECURITY INVOKER */
/*!50001 VIEW `statements_with_errors_or_warnings` (`query`,`db`,`exec_count`,`errors`,`error_pct`,`warnings`,`warning_pct`,`first_seen`,`last_seen`,`digest`) AS select `sys`.`format_statement`(`performance_schema`.`events_statements_summary_by_digest`.`DIGEST_TEXT`) AS `query`,`performance_schema`.`events_statements_summary_by_digest`.`SCHEMA_NAME` AS `db`,`performance_schema`.`events_statements_summary_by_digest`.`COUNT_STAR` AS `exec_count`,`performance_schema`.`events_statements_summary_by_digest`.`SUM_ERRORS` AS `errors`,(ifnull((`performance_schema`.`events_statements_summary_by_digest`.`SUM_ERRORS` / nullif(`performance_schema`.`events_statements_summary_by_digest`.`COUNT_STAR`,0)),0) * 100) AS `error_pct`,`performance_schema`.`events_statements_summary_by_digest`.`SUM_WARNINGS` AS `warnings`,(ifnull((`performance_schema`.`events_statements_summary_by_digest`.`SUM_WARNINGS` / nullif(`performance_schema`.`events_statements_summary_by_digest`.`COUNT_STAR`,0)),0) * 100) AS `warning_pct`,`performance_schema`.`events_statements_summary_by_digest`.`FIRST_SEEN` AS `first_seen`,`performance_schema`.`events_statements_summary_by_digest`.`LAST_SEEN` AS `last_seen`,`performance_schema`.`events_statements_summary_by_digest`.`DIGEST` AS `digest` from `performance_schema`.`events_statements_summary_by_digest` where ((`performance_schema`.`events_statements_summary_by_digest`.`SUM_ERRORS` > 0) or (`performance_schema`.`events_statements_summary_by_digest`.`SUM_WARNINGS` > 0)) order by `performance_schema`.`events_statements_summary_by_digest`.`SUM_ERRORS` desc,`performance_schema`.`events_statements_summary_by_digest`.`SUM_WARNINGS` desc */;
/*!50001 SET character_set_client      = @saved_cs_client */;
/*!50001 SET character_set_results     = @saved_cs_results */;
/*!50001 SET collation_connection      = @saved_col_connection */;

--
-- Final view structure for view `statements_with_full_table_scans`
--

/*!50001 DROP VIEW IF EXISTS `statements_with_full_table_scans`*/;
/*!50001 SET @saved_cs_client          = @@character_set_client */;
/*!50001 SET @saved_cs_results         = @@character_set_results */;
/*!50001 SET @saved_col_connection     = @@collation_connection */;
/*!50001 SET character_set_client      = utf8mb4 */;
/*!50001 SET character_set_results     = utf8mb4 */;
/*!50001 SET collation_connection      = utf8mb4_0900_ai_ci */;
/*!50001 CREATE ALGORITHM=MERGE */
/*!50013 DEFINER=`mysql.sys`@`localhost` SQL SECURITY INVOKER */
/*!50001 VIEW `statements_with_full_table_scans` (`query`,`db`,`exec_count`,`total_latency`,`no_index_used_count`,`no_good_index_used_count`,`no_index_used_pct`,`rows_sent`,`rows_examined`,`rows_sent_avg`,`rows_examined_avg`,`first_seen`,`last_seen`,`digest`) AS select `sys`.`format_statement`(`performance_schema`.`events_statements_summary_by_digest`.`DIGEST_TEXT`) AS `query`,`performance_schema`.`events_statements_summary_by_digest`.`SCHEMA_NAME` AS `db`,`performance_schema`.`events_statements_summary_by_digest`.`COUNT_STAR` AS `exec_count`,format_pico_time(`performance_schema`.`events_statements_summary_by_digest`.`SUM_TIMER_WAIT`) AS `total_latency`,`performance_schema`.`events_statements_summary_by_digest`.`SUM_NO_INDEX_USED` AS `no_index_used_count`,`performance_schema`.`events_statements_summary_by_digest`.`SUM_NO_GOOD_INDEX_USED` AS `no_good_index_used_count`,round((ifnull((`performance_schema`.`events_statements_summary_by_digest`.`SUM_NO_INDEX_USED` / nullif(`performance_schema`.`events_statements_summary_by_digest`.`COUNT_STAR`,0)),0) * 100),0) AS `no_index_used_pct`,`performance_schema`.`events_statements_summary_by_digest`.`SUM_ROWS_SENT` AS `rows_sent`,`performance_schema`.`events_statements_summary_by_digest`.`SUM_ROWS_EXAMINED` AS `rows_examined`,round((`performance_schema`.`events_statements_summary_by_digest`.`SUM_ROWS_SENT` / `performance_schema`.`events_statements_summary_by_digest`.`COUNT_STAR`),0) AS `rows_sent_avg`,round((`performance_schema`.`events_statements_summary_by_digest`.`SUM_ROWS_EXAMINED` / `performance_schema`.`events_statements_summary_by_digest`.`COUNT_STAR`),0) AS `rows_examined_avg`,`performance_schema`.`events_statements_summary_by_digest`.`FIRST_SEEN` AS `first_seen`,`performance_schema`.`events_statements_summary_by_digest`.`LAST_SEEN` AS `last_seen`,`performance_schema`.`events_statements_summary_by_digest`.`DIGEST` AS `digest` from `performance_schema`.`events_statements_summary_by_digest` where (((`performance_schema`.`events_statements_summary_by_digest`.`SUM_NO_INDEX_USED` > 0) or (`performance_schema`.`events_statements_summary_by_digest`.`SUM_NO_GOOD_INDEX_USED` > 0)) and (not((`performance_schema`.`events_statements_summary_by_digest`.`DIGEST_TEXT` like 'SHOW%')))) order by round((ifnull((`performance_schema`.`events_statements_summary_by_digest`.`SUM_NO_INDEX_USED` / nullif(`performance_schema`.`events_statements_summary_by_digest`.`COUNT_STAR`,0)),0) * 100),0) desc,format_pico_time(`performance_schema`.`events_statements_summary_by_digest`.`SUM_TIMER_WAIT`) desc */;
/*!50001 SET character_set_client      = @saved_cs_client */;
/*!50001 SET character_set_results     = @saved_cs_results */;
/*!50001 SET collation_connection      = @saved_col_connection */;

--
-- Final view structure for view `statements_with_runtimes_in_95th_percentile`
--

/*!50001 DROP VIEW IF EXISTS `statements_with_runtimes_in_95th_percentile`*/;
/*!50001 SET @saved_cs_client          = @@character_set_client */;
/*!50001 SET @saved_cs_results         = @@character_set_results */;
/*!50001 SET @saved_col_connection     = @@collation_connection */;
/*!50001 SET character_set_client      = utf8mb4 */;
/*!50001 SET character_set_results     = utf8mb4 */;
/*!50001 SET collation_connection      = utf8mb4_0900_ai_ci */;
/*!50001 CREATE ALGORITHM=MERGE */
/*!50013 DEFINER=`mysql.sys`@`localhost` SQL SECURITY INVOKER */
/*!50001 VIEW `statements_with_runtimes_in_95th_percentile` (`query`,`db`,`full_scan`,`exec_count`,`err_count`,`warn_count`,`total_latency`,`max_latency`,`avg_latency`,`rows_sent`,`rows_sent_avg`,`rows_examined`,`rows_examined_avg`,`first_seen`,`last_seen`,`digest`) AS select `sys`.`format_statement`(`stmts`.`DIGEST_TEXT`) AS `query`,`stmts`.`SCHEMA_NAME` AS `db`,if(((`stmts`.`SUM_NO_GOOD_INDEX_USED` > 0) or (`stmts`.`SUM_NO_INDEX_USED` > 0)),'*','') AS `full_scan`,`stmts`.`COUNT_STAR` AS `exec_count`,`stmts`.`SUM_ERRORS` AS `err_count`,`stmts`.`SUM_WARNINGS` AS `warn_count`,format_pico_time(`stmts`.`SUM_TIMER_WAIT`) AS `total_latency`,format_pico_time(`stmts`.`MAX_TIMER_WAIT`) AS `max_latency`,format_pico_time(`stmts`.`AVG_TIMER_WAIT`) AS `avg_latency`,`stmts`.`SUM_ROWS_SENT` AS `rows_sent`,round(ifnull((`stmts`.`SUM_ROWS_SENT` / nullif(`stmts`.`COUNT_STAR`,0)),0),0) AS `rows_sent_avg`,`stmts`.`SUM_ROWS_EXAMINED` AS `rows_examined`,round(ifnull((`stmts`.`SUM_ROWS_EXAMINED` / nullif(`stmts`.`COUNT_STAR`,0)),0),0) AS `rows_examined_avg`,`stmts`.`FIRST_SEEN` AS `first_seen`,`stmts`.`LAST_SEEN` AS `last_seen`,`stmts`.`DIGEST` AS `digest` from (`performance_schema`.`events_statements_summary_by_digest` `stmts` join `x$ps_digest_95th_percentile_by_avg_us` `top_percentile` on((round((`stmts`.`AVG_TIMER_WAIT` / 1000000),0) >= `top_percentile`.`avg_us`))) order by `stmts`.`AVG_TIMER_WAIT` desc */;
/*!50001 SET character_set_client      = @saved_cs_client */;
/*!50001 SET character_set_results     = @saved_cs_results */;
/*!50001 SET collation_connection      = @saved_col_connection */;

--
-- Final view structure for view `statements_with_sorting`
--

/*!50001 DROP VIEW IF EXISTS `statements_with_sorting`*/;
/*!50001 SET @saved_cs_client          = @@character_set_client */;
/*!50001 SET @saved_cs_results         = @@character_set_results */;
/*!50001 SET @saved_col_connection     = @@collation_connection */;
/*!50001 SET character_set_client      = utf8mb4 */;
/*!50001 SET character_set_results     = utf8mb4 */;
/*!50001 SET collation_connection      = utf8mb4_0900_ai_ci */;
/*!50001 CREATE ALGORITHM=MERGE */
/*!50013 DEFINER=`mysql.sys`@`localhost` SQL SECURITY INVOKER */
/*!50001 VIEW `statements_with_sorting` (`query`,`db`,`exec_count`,`total_latency`,`sort_merge_passes`,`avg_sort_merges`,`sorts_using_scans`,`sort_using_range`,`rows_sorted`,`avg_rows_sorted`,`first_seen`,`last_seen`,`digest`) AS select `sys`.`format_statement`(`performance_schema`.`events_statements_summary_by_digest`.`DIGEST_TEXT`) AS `query`,`performance_schema`.`events_statements_summary_by_digest`.`SCHEMA_NAME` AS `db`,`performance_schema`.`events_statements_summary_by_digest`.`COUNT_STAR` AS `exec_count`,format_pico_time(`performance_schema`.`events_statements_summary_by_digest`.`SUM_TIMER_WAIT`) AS `total_latency`,`performance_schema`.`events_statements_summary_by_digest`.`SUM_SORT_MERGE_PASSES` AS `sort_merge_passes`,round(ifnull((`performance_schema`.`events_statements_summary_by_digest`.`SUM_SORT_MERGE_PASSES` / nullif(`performance_schema`.`events_statements_summary_by_digest`.`COUNT_STAR`,0)),0),0) AS `avg_sort_merges`,`performance_schema`.`events_statements_summary_by_digest`.`SUM_SORT_SCAN` AS `sorts_using_scans`,`performance_schema`.`events_statements_summary_by_digest`.`SUM_SORT_RANGE` AS `sort_using_range`,`performance_schema`.`events_statements_summary_by_digest`.`SUM_SORT_ROWS` AS `rows_sorted`,round(ifnull((`performance_schema`.`events_statements_summary_by_digest`.`SUM_SORT_ROWS` / nullif(`performance_schema`.`events_statements_summary_by_digest`.`COUNT_STAR`,0)),0),0) AS `avg_rows_sorted`,`performance_schema`.`events_statements_summary_by_digest`.`FIRST_SEEN` AS `first_seen`,`performance_schema`.`events_statements_summary_by_digest`.`LAST_SEEN` AS `last_seen`,`performance_schema`.`events_statements_summary_by_digest`.`DIGEST` AS `digest` from `performance_schema`.`events_statements_summary_by_digest` where (`performance_schema`.`events_statements_summary_by_digest`.`SUM_SORT_ROWS` > 0) order by `performance_schema`.`events_statements_summary_by_digest`.`SUM_TIMER_WAIT` desc */;
/*!50001 SET character_set_client      = @saved_cs_client */;
/*!50001 SET character_set_results     = @saved_cs_results */;
/*!50001 SET collation_connection      = @saved_col_connection */;

--
-- Final view structure for view `statements_with_temp_tables`
--

/*!50001 DROP VIEW IF EXISTS `statements_with_temp_tables`*/;
/*!50001 SET @saved_cs_client          = @@character_set_client */;
/*!50001 SET @saved_cs_results         = @@character_set_results */;
/*!50001 SET @saved_col_connection     = @@collation_connection */;
/*!50001 SET character_set_client      = utf8mb4 */;
/*!50001 SET character_set_results     = utf8mb4 */;
/*!50001 SET collation_connection      = utf8mb4_0900_ai_ci */;
/*!50001 CREATE ALGORITHM=MERGE */
/*!50013 DEFINER=`mysql.sys`@`localhost` SQL SECURITY INVOKER */
/*!50001 VIEW `statements_with_temp_tables` (`query`,`db`,`exec_count`,`total_latency`,`memory_tmp_tables`,`disk_tmp_tables`,`avg_tmp_tables_per_query`,`tmp_tables_to_disk_pct`,`first_seen`,`last_seen`,`digest`) AS select `sys`.`format_statement`(`performance_schema`.`events_statements_summary_by_digest`.`DIGEST_TEXT`) AS `query`,`performance_schema`.`events_statements_summary_by_digest`.`SCHEMA_NAME` AS `db`,`performance_schema`.`events_statements_summary_by_digest`.`COUNT_STAR` AS `exec_count`,format_pico_time(`performance_schema`.`events_statements_summary_by_digest`.`SUM_TIMER_WAIT`) AS `total_latency`,`performance_schema`.`events_statements_summary_by_digest`.`SUM_CREATED_TMP_TABLES` AS `memory_tmp_tables`,`performance_schema`.`events_statements_summary_by_digest`.`SUM_CREATED_TMP_DISK_TABLES` AS `disk_tmp_tables`,round(ifnull((`performance_schema`.`events_statements_summary_by_digest`.`SUM_CREATED_TMP_TABLES` / nullif(`performance_schema`.`events_statements_summary_by_digest`.`COUNT_STAR`,0)),0),0) AS `avg_tmp_tables_per_query`,round((ifnull((`performance_schema`.`events_statements_summary_by_digest`.`SUM_CREATED_TMP_DISK_TABLES` / nullif(`performance_schema`.`events_statements_summary_by_digest`.`SUM_CREATED_TMP_TABLES`,0)),0) * 100),0) AS `tmp_tables_to_disk_pct`,`performance_schema`.`events_statements_summary_by_digest`.`FIRST_SEEN` AS `first_seen`,`performance_schema`.`events_statements_summary_by_digest`.`LAST_SEEN` AS `last_seen`,`performance_schema`.`events_statements_summary_by_digest`.`DIGEST` AS `digest` from `performance_schema`.`events_statements_summary_by_digest` where (`performance_schema`.`events_statements_summary_by_digest`.`SUM_CREATED_TMP_TABLES` > 0) order by `performance_schema`.`events_statements_summary_by_digest`.`SUM_CREATED_TMP_DISK_TABLES` desc,`performance_schema`.`events_statements_summary_by_digest`.`SUM_CREATED_TMP_TABLES` desc */;
/*!50001 SET character_set_client      = @saved_cs_client */;
/*!50001 SET character_set_results     = @saved_cs_results */;
/*!50001 SET collation_connection      = @saved_col_connection */;

--
-- Final view structure for view `user_summary`
--

/*!50001 DROP VIEW IF EXISTS `user_summary`*/;
/*!50001 SET @saved_cs_client          = @@character_set_client */;
/*!50001 SET @saved_cs_results         = @@character_set_results */;
/*!50001 SET @saved_col_connection     = @@collation_connection */;
/*!50001 SET character_set_client      = utf8mb4 */;
/*!50001 SET character_set_results     = utf8mb4 */;
/*!50001 SET collation_connection      = utf8mb4_0900_ai_ci */;
/*!50001 CREATE ALGORITHM=TEMPTABLE */
/*!50013 DEFINER=`mysql.sys`@`localhost` SQL SECURITY INVOKER */
/*!50001 VIEW `user_summary` (`user`,`statements`,`statement_latency`,`statement_avg_latency`,`table_scans`,`file_ios`,`file_io_latency`,`current_connections`,`total_connections`,`unique_hosts`,`current_memory`,`total_memory_allocated`) AS select if((`performance_schema`.`accounts`.`USER` is null),'background',`performance_schema`.`accounts`.`USER`) AS `user`,sum(`stmt`.`total`) AS `statements`,format_pico_time(sum(`stmt`.`total_latency`)) AS `statement_latency`,format_pico_time(ifnull((sum(`stmt`.`total_latency`) / nullif(sum(`stmt`.`total`),0)),0)) AS `statement_avg_latency`,sum(`stmt`.`full_scans`) AS `table_scans`,sum(`io`.`ios`) AS `file_ios`,format_pico_time(sum(`io`.`io_latency`)) AS `file_io_latency`,sum(`performance_schema`.`accounts`.`CURRENT_CONNECTIONS`) AS `current_connections`,sum(`performance_schema`.`accounts`.`TOTAL_CONNECTIONS`) AS `total_connections`,count(distinct `performance_schema`.`accounts`.`HOST`) AS `unique_hosts`,format_bytes(sum(`mem`.`current_allocated`)) AS `current_memory`,format_bytes(sum(`mem`.`total_allocated`)) AS `total_memory_allocated` from (((`performance_schema`.`accounts` left join `x$user_summary_by_statement_latency` `stmt` on((if((`performance_schema`.`accounts`.`USER` is null),'background',`performance_schema`.`accounts`.`USER`) = `stmt`.`user`))) left join `x$user_summary_by_file_io` `io` on((if((`performance_schema`.`accounts`.`USER` is null),'background',`performance_schema`.`accounts`.`USER`) = `io`.`user`))) left join `x$memory_by_user_by_current_bytes` `mem` on((if((`performance_schema`.`accounts`.`USER` is null),'background',`performance_schema`.`accounts`.`USER`) = `mem`.`user`))) group by if((`performance_schema`.`accounts`.`USER` is null),'background',`performance_schema`.`accounts`.`USER`) order by sum(`stmt`.`total_latency`) desc */;
/*!50001 SET character_set_client      = @saved_cs_client */;
/*!50001 SET character_set_results     = @saved_cs_results */;
/*!50001 SET collation_connection      = @saved_col_connection */;

--
-- Final view structure for view `user_summary_by_file_io`
--

/*!50001 DROP VIEW IF EXISTS `user_summary_by_file_io`*/;
/*!50001 SET @saved_cs_client          = @@character_set_client */;
/*!50001 SET @saved_cs_results         = @@character_set_results */;
/*!50001 SET @saved_col_connection     = @@collation_connection */;
/*!50001 SET character_set_client      = utf8mb4 */;
/*!50001 SET character_set_results     = utf8mb4 */;
/*!50001 SET collation_connection      = utf8mb4_0900_ai_ci */;
/*!50001 CREATE ALGORITHM=TEMPTABLE */
/*!50013 DEFINER=`mysql.sys`@`localhost` SQL SECURITY INVOKER */
/*!50001 VIEW `user_summary_by_file_io` (`user`,`ios`,`io_latency`) AS select if((`performance_schema`.`events_waits_summary_by_user_by_event_name`.`USER` is null),'background',`performance_schema`.`events_waits_summary_by_user_by_event_name`.`USER`) AS `user`,sum(`performance_schema`.`events_waits_summary_by_user_by_event_name`.`COUNT_STAR`) AS `ios`,format_pico_time(sum(`performance_schema`.`events_waits_summary_by_user_by_event_name`.`SUM_TIMER_WAIT`)) AS `io_latency` from `performance_schema`.`events_waits_summary_by_user_by_event_name` where (`performance_schema`.`events_waits_summary_by_user_by_event_name`.`EVENT_NAME` like 'wait/io/file/%') group by if((`performance_schema`.`events_waits_summary_by_user_by_event_name`.`USER` is null),'background',`performance_schema`.`events_waits_summary_by_user_by_event_name`.`USER`) order by sum(`performance_schema`.`events_waits_summary_by_user_by_event_name`.`SUM_TIMER_WAIT`) desc */;
/*!50001 SET character_set_client      = @saved_cs_client */;
/*!50001 SET character_set_results     = @saved_cs_results */;
/*!50001 SET collation_connection      = @saved_col_connection */;

--
-- Final view structure for view `user_summary_by_file_io_type`
--

/*!50001 DROP VIEW IF EXISTS `user_summary_by_file_io_type`*/;
/*!50001 SET @saved_cs_client          = @@character_set_client */;
/*!50001 SET @saved_cs_results         = @@character_set_results */;
/*!50001 SET @saved_col_connection     = @@collation_connection */;
/*!50001 SET character_set_client      = utf8mb4 */;
/*!50001 SET character_set_results     = utf8mb4 */;
/*!50001 SET collation_connection      = utf8mb4_0900_ai_ci */;
/*!50001 CREATE ALGORITHM=MERGE */
/*!50013 DEFINER=`mysql.sys`@`localhost` SQL SECURITY INVOKER */
/*!50001 VIEW `user_summary_by_file_io_type` (`user`,`event_name`,`total`,`latency`,`max_latency`) AS select if((`performance_schema`.`events_waits_summary_by_user_by_event_name`.`USER` is null),'background',`performance_schema`.`events_waits_summary_by_user_by_event_name`.`USER`) AS `user`,`performance_schema`.`events_waits_summary_by_user_by_event_name`.`EVENT_NAME` AS `event_name`,`performance_schema`.`events_waits_summary_by_user_by_event_name`.`COUNT_STAR` AS `total`,format_pico_time(`performance_schema`.`events_waits_summary_by_user_by_event_name`.`SUM_TIMER_WAIT`) AS `latency`,format_pico_time(`performance_schema`.`events_waits_summary_by_user_by_event_name`.`MAX_TIMER_WAIT`) AS `max_latency` from `performance_schema`.`events_waits_summary_by_user_by_event_name` where ((`performance_schema`.`events_waits_summary_by_user_by_event_name`.`EVENT_NAME` like 'wait/io/file%') and (`performance_schema`.`events_waits_summary_by_user_by_event_name`.`COUNT_STAR` > 0)) order by if((`performance_schema`.`events_waits_summary_by_user_by_event_name`.`USER` is null),'background',`performance_schema`.`events_waits_summary_by_user_by_event_name`.`USER`),`performance_schema`.`events_waits_summary_by_user_by_event_name`.`SUM_TIMER_WAIT` desc */;
/*!50001 SET character_set_client      = @saved_cs_client */;
/*!50001 SET character_set_results     = @saved_cs_results */;
/*!50001 SET collation_connection      = @saved_col_connection */;

--
-- Final view structure for view `user_summary_by_stages`
--

/*!50001 DROP VIEW IF EXISTS `user_summary_by_stages`*/;
/*!50001 SET @saved_cs_client          = @@character_set_client */;
/*!50001 SET @saved_cs_results         = @@character_set_results */;
/*!50001 SET @saved_col_connection     = @@collation_connection */;
/*!50001 SET character_set_client      = utf8mb4 */;
/*!50001 SET character_set_results     = utf8mb4 */;
/*!50001 SET collation_connection      = utf8mb4_0900_ai_ci */;
/*!50001 CREATE ALGORITHM=MERGE */
/*!50013 DEFINER=`mysql.sys`@`localhost` SQL SECURITY INVOKER */
/*!50001 VIEW `user_summary_by_stages` (`user`,`event_name`,`total`,`total_latency`,`avg_latency`) AS select if((`performance_schema`.`events_stages_summary_by_user_by_event_name`.`USER` is null),'background',`performance_schema`.`events_stages_summary_by_user_by_event_name`.`USER`) AS `user`,`performance_schema`.`events_stages_summary_by_user_by_event_name`.`EVENT_NAME` AS `event_name`,`performance_schema`.`events_stages_summary_by_user_by_event_name`.`COUNT_STAR` AS `total`,format_pico_time(`performance_schema`.`events_stages_summary_by_user_by_event_name`.`SUM_TIMER_WAIT`) AS `total_latency`,format_pico_time(`performance_schema`.`events_stages_summary_by_user_by_event_name`.`AVG_TIMER_WAIT`) AS `avg_latency` from `performance_schema`.`events_stages_summary_by_user_by_event_name` where (`performance_schema`.`events_stages_summary_by_user_by_event_name`.`SUM_TIMER_WAIT` <> 0) order by if((`performance_schema`.`events_stages_summary_by_user_by_event_name`.`USER` is null),'background',`performance_schema`.`events_stages_summary_by_user_by_event_name`.`USER`),`performance_schema`.`events_stages_summary_by_user_by_event_name`.`SUM_TIMER_WAIT` desc */;
/*!50001 SET character_set_client      = @saved_cs_client */;
/*!50001 SET character_set_results     = @saved_cs_results */;
/*!50001 SET collation_connection      = @saved_col_connection */;

--
-- Final view structure for view `user_summary_by_statement_latency`
--

/*!50001 DROP VIEW IF EXISTS `user_summary_by_statement_latency`*/;
/*!50001 SET @saved_cs_client          = @@character_set_client */;
/*!50001 SET @saved_cs_results         = @@character_set_results */;
/*!50001 SET @saved_col_connection     = @@collation_connection */;
/*!50001 SET character_set_client      = utf8mb4 */;
/*!50001 SET character_set_results     = utf8mb4 */;
/*!50001 SET collation_connection      = utf8mb4_0900_ai_ci */;
/*!50001 CREATE ALGORITHM=TEMPTABLE */
/*!50013 DEFINER=`mysql.sys`@`localhost` SQL SECURITY INVOKER */
/*!50001 VIEW `user_summary_by_statement_latency` (`user`,`total`,`total_latency`,`max_latency`,`lock_latency`,`cpu_latency`,`rows_sent`,`rows_examined`,`rows_affected`,`full_scans`) AS select if((`performance_schema`.`events_statements_summary_by_user_by_event_name`.`USER` is null),'background',`performance_schema`.`events_statements_summary_by_user_by_event_name`.`USER`) AS `user`,sum(`performance_schema`.`events_statements_summary_by_user_by_event_name`.`COUNT_STAR`) AS `total`,format_pico_time(sum(`performance_schema`.`events_statements_summary_by_user_by_event_name`.`SUM_TIMER_WAIT`)) AS `total_latency`,format_pico_time(sum(`performance_schema`.`events_statements_summary_by_user_by_event_name`.`MAX_TIMER_WAIT`)) AS `max_latency`,format_pico_time(sum(`performance_schema`.`events_statements_summary_by_user_by_event_name`.`SUM_LOCK_TIME`)) AS `lock_latency`,format_pico_time(sum(`performance_schema`.`events_statements_summary_by_user_by_event_name`.`SUM_CPU_TIME`)) AS `cpu_latency`,sum(`performance_schema`.`events_statements_summary_by_user_by_event_name`.`SUM_ROWS_SENT`) AS `rows_sent`,sum(`performance_schema`.`events_statements_summary_by_user_by_event_name`.`SUM_ROWS_EXAMINED`) AS `rows_examined`,sum(`performance_schema`.`events_statements_summary_by_user_by_event_name`.`SUM_ROWS_AFFECTED`) AS `rows_affected`,(sum(`performance_schema`.`events_statements_summary_by_user_by_event_name`.`SUM_NO_INDEX_USED`) + sum(`performance_schema`.`events_statements_summary_by_user_by_event_name`.`SUM_NO_GOOD_INDEX_USED`)) AS `full_scans` from `performance_schema`.`events_statements_summary_by_user_by_event_name` group by if((`performance_schema`.`events_statements_summary_by_user_by_event_name`.`USER` is null),'background',`performance_schema`.`events_statements_summary_by_user_by_event_name`.`USER`) order by sum(`performance_schema`.`events_statements_summary_by_user_by_event_name`.`SUM_TIMER_WAIT`) desc */;
/*!50001 SET character_set_client      = @saved_cs_client */;
/*!50001 SET character_set_results     = @saved_cs_results */;
/*!50001 SET collation_connection      = @saved_col_connection */;

--
-- Final view structure for view `user_summary_by_statement_type`
--

/*!50001 DROP VIEW IF EXISTS `user_summary_by_statement_type`*/;
/*!50001 SET @saved_cs_client          = @@character_set_client */;
/*!50001 SET @saved_cs_results         = @@character_set_results */;
/*!50001 SET @saved_col_connection     = @@collation_connection */;
/*!50001 SET character_set_client      = utf8mb4 */;
/*!50001 SET character_set_results     = utf8mb4 */;
/*!50001 SET collation_connection      = utf8mb4_0900_ai_ci */;
/*!50001 CREATE ALGORITHM=MERGE */
/*!50013 DEFINER=`mysql.sys`@`localhost` SQL SECURITY INVOKER */
/*!50001 VIEW `user_summary_by_statement_type` (`user`,`statement`,`total`,`total_latency`,`max_latency`,`lock_latency`,`cpu_latency`,`rows_sent`,`rows_examined`,`rows_affected`,`full_scans`) AS select if((`performance_schema`.`events_statements_summary_by_user_by_event_name`.`USER` is null),'background',`performance_schema`.`events_statements_summary_by_user_by_event_name`.`USER`) AS `user`,substring_index(`performance_schema`.`events_statements_summary_by_user_by_event_name`.`EVENT_NAME`,'/',-(1)) AS `statement`,`performance_schema`.`events_statements_summary_by_user_by_event_name`.`COUNT_STAR` AS `total`,format_pico_time(`performance_schema`.`events_statements_summary_by_user_by_event_name`.`SUM_TIMER_WAIT`) AS `total_latency`,format_pico_time(`performance_schema`.`events_statements_summary_by_user_by_event_name`.`MAX_TIMER_WAIT`) AS `max_latency`,format_pico_time(`performance_schema`.`events_statements_summary_by_user_by_event_name`.`SUM_LOCK_TIME`) AS `lock_latency`,format_pico_time(`performance_schema`.`events_statements_summary_by_user_by_event_name`.`SUM_CPU_TIME`) AS `cpu_latency`,`performance_schema`.`events_statements_summary_by_user_by_event_name`.`SUM_ROWS_SENT` AS `rows_sent`,`performance_schema`.`events_statements_summary_by_user_by_event_name`.`SUM_ROWS_EXAMINED` AS `rows_examined`,`performance_schema`.`events_statements_summary_by_user_by_event_name`.`SUM_ROWS_AFFECTED` AS `rows_affected`,(`performance_schema`.`events_statements_summary_by_user_by_event_name`.`SUM_NO_INDEX_USED` + `performance_schema`.`events_statements_summary_by_user_by_event_name`.`SUM_NO_GOOD_INDEX_USED`) AS `full_scans` from `performance_schema`.`events_statements_summary_by_user_by_event_name` where (`performance_schema`.`events_statements_summary_by_user_by_event_name`.`SUM_TIMER_WAIT` <> 0) order by if((`performance_schema`.`events_statements_summary_by_user_by_event_name`.`USER` is null),'background',`performance_schema`.`events_statements_summary_by_user_by_event_name`.`USER`),`performance_schema`.`events_statements_summary_by_user_by_event_name`.`SUM_TIMER_WAIT` desc */;
/*!50001 SET character_set_client      = @saved_cs_client */;
/*!50001 SET character_set_results     = @saved_cs_results */;
/*!50001 SET collation_connection      = @saved_col_connection */;

--
-- Final view structure for view `version`
--

/*!50001 DROP VIEW IF EXISTS `version`*/;
/*!50001 SET @saved_cs_client          = @@character_set_client */;
/*!50001 SET @saved_cs_results         = @@character_set_results */;
/*!50001 SET @saved_col_connection     = @@collation_connection */;
/*!50001 SET character_set_client      = utf8mb4 */;
/*!50001 SET character_set_results     = utf8mb4 */;
/*!50001 SET collation_connection      = utf8mb4_0900_ai_ci */;
/*!50001 CREATE ALGORITHM=UNDEFINED */
/*!50013 DEFINER=`mysql.sys`@`localhost` SQL SECURITY INVOKER */
/*!50001 VIEW `version` (`sys_version`,`mysql_version`) AS select '2.1.3' AS `sys_version`,version() AS `mysql_version` */;
/*!50001 SET character_set_client      = @saved_cs_client */;
/*!50001 SET character_set_results     = @saved_cs_results */;
/*!50001 SET collation_connection      = @saved_col_connection */;

--
-- Final view structure for view `wait_classes_global_by_avg_latency`
--

/*!50001 DROP VIEW IF EXISTS `wait_classes_global_by_avg_latency`*/;
/*!50001 SET @saved_cs_client          = @@character_set_client */;
/*!50001 SET @saved_cs_results         = @@character_set_results */;
/*!50001 SET @saved_col_connection     = @@collation_connection */;
/*!50001 SET character_set_client      = utf8mb4 */;
/*!50001 SET character_set_results     = utf8mb4 */;
/*!50001 SET collation_connection      = utf8mb4_0900_ai_ci */;
/*!50001 CREATE ALGORITHM=TEMPTABLE */
/*!50013 DEFINER=`mysql.sys`@`localhost` SQL SECURITY INVOKER */
/*!50001 VIEW `wait_classes_global_by_avg_latency` (`event_class`,`total`,`total_latency`,`min_latency`,`avg_latency`,`max_latency`) AS select substring_index(`performance_schema`.`events_waits_summary_global_by_event_name`.`EVENT_NAME`,'/',3) AS `event_class`,sum(`performance_schema`.`events_waits_summary_global_by_event_name`.`COUNT_STAR`) AS `total`,format_pico_time(cast(sum(`performance_schema`.`events_waits_summary_global_by_event_name`.`SUM_TIMER_WAIT`) as unsigned)) AS `total_latency`,format_pico_time(min(`performance_schema`.`events_waits_summary_global_by_event_name`.`MIN_TIMER_WAIT`)) AS `min_latency`,format_pico_time(ifnull((sum(`performance_schema`.`events_waits_summary_global_by_event_name`.`SUM_TIMER_WAIT`) / nullif(sum(`performance_schema`.`events_waits_summary_global_by_event_name`.`COUNT_STAR`),0)),0)) AS `avg_latency`,format_pico_time(cast(max(`performance_schema`.`events_waits_summary_global_by_event_name`.`MAX_TIMER_WAIT`) as unsigned)) AS `max_latency` from `performance_schema`.`events_waits_summary_global_by_event_name` where ((`performance_schema`.`events_waits_summary_global_by_event_name`.`SUM_TIMER_WAIT` > 0) and (`performance_schema`.`events_waits_summary_global_by_event_name`.`EVENT_NAME` <> 'idle')) group by `event_class` order by ifnull((sum(`performance_schema`.`events_waits_summary_global_by_event_name`.`SUM_TIMER_WAIT`) / nullif(sum(`performance_schema`.`events_waits_summary_global_by_event_name`.`COUNT_STAR`),0)),0) desc */;
/*!50001 SET character_set_client      = @saved_cs_client */;
/*!50001 SET character_set_results     = @saved_cs_results */;
/*!50001 SET collation_connection      = @saved_col_connection */;

--
-- Final view structure for view `wait_classes_global_by_latency`
--

/*!50001 DROP VIEW IF EXISTS `wait_classes_global_by_latency`*/;
/*!50001 SET @saved_cs_client          = @@character_set_client */;
/*!50001 SET @saved_cs_results         = @@character_set_results */;
/*!50001 SET @saved_col_connection     = @@collation_connection */;
/*!50001 SET character_set_client      = utf8mb4 */;
/*!50001 SET character_set_results     = utf8mb4 */;
/*!50001 SET collation_connection      = utf8mb4_0900_ai_ci */;
/*!50001 CREATE ALGORITHM=TEMPTABLE */
/*!50013 DEFINER=`mysql.sys`@`localhost` SQL SECURITY INVOKER */
/*!50001 VIEW `wait_classes_global_by_latency` (`event_class`,`total`,`total_latency`,`min_latency`,`avg_latency`,`max_latency`) AS select substring_index(`performance_schema`.`events_waits_summary_global_by_event_name`.`EVENT_NAME`,'/',3) AS `event_class`,sum(`performance_schema`.`events_waits_summary_global_by_event_name`.`COUNT_STAR`) AS `total`,format_pico_time(sum(`performance_schema`.`events_waits_summary_global_by_event_name`.`SUM_TIMER_WAIT`)) AS `total_latency`,format_pico_time(min(`performance_schema`.`events_waits_summary_global_by_event_name`.`MIN_TIMER_WAIT`)) AS `min_latency`,format_pico_time(ifnull((sum(`performance_schema`.`events_waits_summary_global_by_event_name`.`SUM_TIMER_WAIT`) / nullif(sum(`performance_schema`.`events_waits_summary_global_by_event_name`.`COUNT_STAR`),0)),0)) AS `avg_latency`,format_pico_time(max(`performance_schema`.`events_waits_summary_global_by_event_name`.`MAX_TIMER_WAIT`)) AS `max_latency` from `performance_schema`.`events_waits_summary_global_by_event_name` where ((`performance_schema`.`events_waits_summary_global_by_event_name`.`SUM_TIMER_WAIT` > 0) and (`performance_schema`.`events_waits_summary_global_by_event_name`.`EVENT_NAME` <> 'idle')) group by substring_index(`performance_schema`.`events_waits_summary_global_by_event_name`.`EVENT_NAME`,'/',3) order by sum(`performance_schema`.`events_waits_summary_global_by_event_name`.`SUM_TIMER_WAIT`) desc */;
/*!50001 SET character_set_client      = @saved_cs_client */;
/*!50001 SET character_set_results     = @saved_cs_results */;
/*!50001 SET collation_connection      = @saved_col_connection */;

--
-- Final view structure for view `waits_by_host_by_latency`
--

/*!50001 DROP VIEW IF EXISTS `waits_by_host_by_latency`*/;
/*!50001 SET @saved_cs_client          = @@character_set_client */;
/*!50001 SET @saved_cs_results         = @@character_set_results */;
/*!50001 SET @saved_col_connection     = @@collation_connection */;
/*!50001 SET character_set_client      = utf8mb4 */;
/*!50001 SET character_set_results     = utf8mb4 */;
/*!50001 SET collation_connection      = utf8mb4_0900_ai_ci */;
/*!50001 CREATE ALGORITHM=MERGE */
/*!50013 DEFINER=`mysql.sys`@`localhost` SQL SECURITY INVOKER */
/*!50001 VIEW `waits_by_host_by_latency` (`host`,`event`,`total`,`total_latency`,`avg_latency`,`max_latency`) AS select if((`performance_schema`.`events_waits_summary_by_host_by_event_name`.`HOST` is null),'background',`performance_schema`.`events_waits_summary_by_host_by_event_name`.`HOST`) AS `host`,`performance_schema`.`events_waits_summary_by_host_by_event_name`.`EVENT_NAME` AS `event`,`performance_schema`.`events_waits_summary_by_host_by_event_name`.`COUNT_STAR` AS `total`,format_pico_time(`performance_schema`.`events_waits_summary_by_host_by_event_name`.`SUM_TIMER_WAIT`) AS `total_latency`,format_pico_time(`performance_schema`.`events_waits_summary_by_host_by_event_name`.`AVG_TIMER_WAIT`) AS `avg_latency`,format_pico_time(`performance_schema`.`events_waits_summary_by_host_by_event_name`.`MAX_TIMER_WAIT`) AS `max_latency` from `performance_schema`.`events_waits_summary_by_host_by_event_name` where ((`performance_schema`.`events_waits_summary_by_host_by_event_name`.`EVENT_NAME` <> 'idle') and (`performance_schema`.`events_waits_summary_by_host_by_event_name`.`SUM_TIMER_WAIT` > 0)) order by if((`performance_schema`.`events_waits_summary_by_host_by_event_name`.`HOST` is null),'background',`performance_schema`.`events_waits_summary_by_host_by_event_name`.`HOST`),`performance_schema`.`events_waits_summary_by_host_by_event_name`.`SUM_TIMER_WAIT` desc */;
/*!50001 SET character_set_client      = @saved_cs_client */;
/*!50001 SET character_set_results     = @saved_cs_results */;
/*!50001 SET collation_connection      = @saved_col_connection */;

--
-- Final view structure for view `waits_by_user_by_latency`
--

/*!50001 DROP VIEW IF EXISTS `waits_by_user_by_latency`*/;
/*!50001 SET @saved_cs_client          = @@character_set_client */;
/*!50001 SET @saved_cs_results         = @@character_set_results */;
/*!50001 SET @saved_col_connection     = @@collation_connection */;
/*!50001 SET character_set_client      = utf8mb4 */;
/*!50001 SET character_set_results     = utf8mb4 */;
/*!50001 SET collation_connection      = utf8mb4_0900_ai_ci */;
/*!50001 CREATE ALGORITHM=MERGE */
/*!50013 DEFINER=`mysql.sys`@`localhost` SQL SECURITY INVOKER */
/*!50001 VIEW `waits_by_user_by_latency` (`user`,`event`,`total`,`total_latency`,`avg_latency`,`max_latency`) AS select if((`performance_schema`.`events_waits_summary_by_user_by_event_name`.`USER` is null),'background',`performance_schema`.`events_waits_summary_by_user_by_event_name`.`USER`) AS `user`,`performance_schema`.`events_waits_summary_by_user_by_event_name`.`EVENT_NAME` AS `event`,`performance_schema`.`events_waits_summary_by_user_by_event_name`.`COUNT_STAR` AS `total`,format_pico_time(`performance_schema`.`events_waits_summary_by_user_by_event_name`.`SUM_TIMER_WAIT`) AS `total_latency`,format_pico_time(`performance_schema`.`events_waits_summary_by_user_by_event_name`.`AVG_TIMER_WAIT`) AS `avg_latency`,format_pico_time(`performance_schema`.`events_waits_summary_by_user_by_event_name`.`MAX_TIMER_WAIT`) AS `max_latency` from `performance_schema`.`events_waits_summary_by_user_by_event_name` where ((`performance_schema`.`events_waits_summary_by_user_by_event_name`.`EVENT_NAME` <> 'idle') and (`performance_schema`.`events_waits_summary_by_user_by_event_name`.`USER` is not null) and (`performance_schema`.`events_waits_summary_by_user_by_event_name`.`SUM_TIMER_WAIT` > 0)) order by if((`performance_schema`.`events_waits_summary_by_user_by_event_name`.`USER` is null),'background',`performance_schema`.`events_waits_summary_by_user_by_event_name`.`USER`),`performance_schema`.`events_waits_summary_by_user_by_event_name`.`SUM_TIMER_WAIT` desc */;
/*!50001 SET character_set_client      = @saved_cs_client */;
/*!50001 SET character_set_results     = @saved_cs_results */;
/*!50001 SET collation_connection      = @saved_col_connection */;

--
-- Final view structure for view `waits_global_by_latency`
--

/*!50001 DROP VIEW IF EXISTS `waits_global_by_latency`*/;
/*!50001 SET @saved_cs_client          = @@character_set_client */;
/*!50001 SET @saved_cs_results         = @@character_set_results */;
/*!50001 SET @saved_col_connection     = @@collation_connection */;
/*!50001 SET character_set_client      = utf8mb4 */;
/*!50001 SET character_set_results     = utf8mb4 */;
/*!50001 SET collation_connection      = utf8mb4_0900_ai_ci */;
/*!50001 CREATE ALGORITHM=MERGE */
/*!50013 DEFINER=`mysql.sys`@`localhost` SQL SECURITY INVOKER */
/*!50001 VIEW `waits_global_by_latency` (`events`,`total`,`total_latency`,`avg_latency`,`max_latency`) AS select `performance_schema`.`events_waits_summary_global_by_event_name`.`EVENT_NAME` AS `event`,`performance_schema`.`events_waits_summary_global_by_event_name`.`COUNT_STAR` AS `total`,format_pico_time(`performance_schema`.`events_waits_summary_global_by_event_name`.`SUM_TIMER_WAIT`) AS `total_latency`,format_pico_time(`performance_schema`.`events_waits_summary_global_by_event_name`.`AVG_TIMER_WAIT`) AS `avg_latency`,format_pico_time(`performance_schema`.`events_waits_summary_global_by_event_name`.`MAX_TIMER_WAIT`) AS `max_latency` from `performance_schema`.`events_waits_summary_global_by_event_name` where ((`performance_schema`.`events_waits_summary_global_by_event_name`.`EVENT_NAME` <> 'idle') and (`performance_schema`.`events_waits_summary_global_by_event_name`.`SUM_TIMER_WAIT` > 0)) order by `performance_schema`.`events_waits_summary_global_by_event_name`.`SUM_TIMER_WAIT` desc */;
/*!50001 SET character_set_client      = @saved_cs_client */;
/*!50001 SET character_set_results     = @saved_cs_results */;
/*!50001 SET collation_connection      = @saved_col_connection */;

--
-- Final view structure for view `x$host_summary`
--

/*!50001 DROP VIEW IF EXISTS `x$host_summary`*/;
/*!50001 SET @saved_cs_client          = @@character_set_client */;
/*!50001 SET @saved_cs_results         = @@character_set_results */;
/*!50001 SET @saved_col_connection     = @@collation_connection */;
/*!50001 SET character_set_client      = utf8mb4 */;
/*!50001 SET character_set_results     = utf8mb4 */;
/*!50001 SET collation_connection      = utf8mb4_0900_ai_ci */;
/*!50001 CREATE ALGORITHM=TEMPTABLE */
/*!50013 DEFINER=`mysql.sys`@`localhost` SQL SECURITY INVOKER */
/*!50001 VIEW `x$host_summary` (`host`,`statements`,`statement_latency`,`statement_avg_latency`,`table_scans`,`file_ios`,`file_io_latency`,`current_connections`,`total_connections`,`unique_users`,`current_memory`,`total_memory_allocated`) AS select if((`performance_schema`.`accounts`.`HOST` is null),'background',`performance_schema`.`accounts`.`HOST`) AS `host`,sum(`stmt`.`total`) AS `statements`,sum(`stmt`.`total_latency`) AS `statement_latency`,(sum(`stmt`.`total_latency`) / sum(`stmt`.`total`)) AS `statement_avg_latency`,sum(`stmt`.`full_scans`) AS `table_scans`,sum(`io`.`ios`) AS `file_ios`,sum(`io`.`io_latency`) AS `file_io_latency`,sum(`performance_schema`.`accounts`.`CURRENT_CONNECTIONS`) AS `current_connections`,sum(`performance_schema`.`accounts`.`TOTAL_CONNECTIONS`) AS `total_connections`,count(distinct `performance_schema`.`accounts`.`USER`) AS `unique_users`,sum(`mem`.`current_allocated`) AS `current_memory`,sum(`mem`.`total_allocated`) AS `total_memory_allocated` from (((`performance_schema`.`accounts` join `x$host_summary_by_statement_latency` `stmt` on((`performance_schema`.`accounts`.`HOST` = `stmt`.`host`))) join `x$host_summary_by_file_io` `io` on((`performance_schema`.`accounts`.`HOST` = `io`.`host`))) join `x$memory_by_host_by_current_bytes` `mem` on((`performance_schema`.`accounts`.`HOST` = `mem`.`host`))) group by if((`performance_schema`.`accounts`.`HOST` is null),'background',`performance_schema`.`accounts`.`HOST`) */;
/*!50001 SET character_set_client      = @saved_cs_client */;
/*!50001 SET character_set_results     = @saved_cs_results */;
/*!50001 SET collation_connection      = @saved_col_connection */;

--
-- Final view structure for view `x$host_summary_by_file_io`
--

/*!50001 DROP VIEW IF EXISTS `x$host_summary_by_file_io`*/;
/*!50001 SET @saved_cs_client          = @@character_set_client */;
/*!50001 SET @saved_cs_results         = @@character_set_results */;
/*!50001 SET @saved_col_connection     = @@collation_connection */;
/*!50001 SET character_set_client      = utf8mb4 */;
/*!50001 SET character_set_results     = utf8mb4 */;
/*!50001 SET collation_connection      = utf8mb4_0900_ai_ci */;
/*!50001 CREATE ALGORITHM=TEMPTABLE */
/*!50013 DEFINER=`mysql.sys`@`localhost` SQL SECURITY INVOKER */
/*!50001 VIEW `x$host_summary_by_file_io` (`host`,`ios`,`io_latency`) AS select if((`performance_schema`.`events_waits_summary_by_host_by_event_name`.`HOST` is null),'background',`performance_schema`.`events_waits_summary_by_host_by_event_name`.`HOST`) AS `host`,sum(`performance_schema`.`events_waits_summary_by_host_by_event_name`.`COUNT_STAR`) AS `ios`,sum(`performance_schema`.`events_waits_summary_by_host_by_event_name`.`SUM_TIMER_WAIT`) AS `io_latency` from `performance_schema`.`events_waits_summary_by_host_by_event_name` where (`performance_schema`.`events_waits_summary_by_host_by_event_name`.`EVENT_NAME` like 'wait/io/file/%') group by if((`performance_schema`.`events_waits_summary_by_host_by_event_name`.`HOST` is null),'background',`performance_schema`.`events_waits_summary_by_host_by_event_name`.`HOST`) order by sum(`performance_schema`.`events_waits_summary_by_host_by_event_name`.`SUM_TIMER_WAIT`) desc */;
/*!50001 SET character_set_client      = @saved_cs_client */;
/*!50001 SET character_set_results     = @saved_cs_results */;
/*!50001 SET collation_connection      = @saved_col_connection */;

--
-- Final view structure for view `x$host_summary_by_file_io_type`
--

/*!50001 DROP VIEW IF EXISTS `x$host_summary_by_file_io_type`*/;
/*!50001 SET @saved_cs_client          = @@character_set_client */;
/*!50001 SET @saved_cs_results         = @@character_set_results */;
/*!50001 SET @saved_col_connection     = @@collation_connection */;
/*!50001 SET character_set_client      = utf8mb4 */;
/*!50001 SET character_set_results     = utf8mb4 */;
/*!50001 SET collation_connection      = utf8mb4_0900_ai_ci */;
/*!50001 CREATE ALGORITHM=MERGE */
/*!50013 DEFINER=`mysql.sys`@`localhost` SQL SECURITY INVOKER */
/*!50001 VIEW `x$host_summary_by_file_io_type` (`host`,`event_name`,`total`,`total_latency`,`max_latency`) AS select if((`performance_schema`.`events_waits_summary_by_host_by_event_name`.`HOST` is null),'background',`performance_schema`.`events_waits_summary_by_host_by_event_name`.`HOST`) AS `host`,`performance_schema`.`events_waits_summary_by_host_by_event_name`.`EVENT_NAME` AS `event_name`,`performance_schema`.`events_waits_summary_by_host_by_event_name`.`COUNT_STAR` AS `total`,`performance_schema`.`events_waits_summary_by_host_by_event_name`.`SUM_TIMER_WAIT` AS `total_latency`,`performance_schema`.`events_waits_summary_by_host_by_event_name`.`MAX_TIMER_WAIT` AS `max_latency` from `performance_schema`.`events_waits_summary_by_host_by_event_name` where ((`performance_schema`.`events_waits_summary_by_host_by_event_name`.`EVENT_NAME` like 'wait/io/file%') and (`performance_schema`.`events_waits_summary_by_host_by_event_name`.`COUNT_STAR` > 0)) order by if((`performance_schema`.`events_waits_summary_by_host_by_event_name`.`HOST` is null),'background',`performance_schema`.`events_waits_summary_by_host_by_event_name`.`HOST`),`performance_schema`.`events_waits_summary_by_host_by_event_name`.`SUM_TIMER_WAIT` desc */;
/*!50001 SET character_set_client      = @saved_cs_client */;
/*!50001 SET character_set_results     = @saved_cs_results */;
/*!50001 SET collation_connection      = @saved_col_connection */;

--
-- Final view structure for view `x$host_summary_by_stages`
--

/*!50001 DROP VIEW IF EXISTS `x$host_summary_by_stages`*/;
/*!50001 SET @saved_cs_client          = @@character_set_client */;
/*!50001 SET @saved_cs_results         = @@character_set_results */;
/*!50001 SET @saved_col_connection     = @@collation_connection */;
/*!50001 SET character_set_client      = utf8mb4 */;
/*!50001 SET character_set_results     = utf8mb4 */;
/*!50001 SET collation_connection      = utf8mb4_0900_ai_ci */;
/*!50001 CREATE ALGORITHM=MERGE */
/*!50013 DEFINER=`mysql.sys`@`localhost` SQL SECURITY INVOKER */
/*!50001 VIEW `x$host_summary_by_stages` (`host`,`event_name`,`total`,`total_latency`,`avg_latency`) AS select if((`performance_schema`.`events_stages_summary_by_host_by_event_name`.`HOST` is null),'background',`performance_schema`.`events_stages_summary_by_host_by_event_name`.`HOST`) AS `host`,`performance_schema`.`events_stages_summary_by_host_by_event_name`.`EVENT_NAME` AS `event_name`,`performance_schema`.`events_stages_summary_by_host_by_event_name`.`COUNT_STAR` AS `total`,`performance_schema`.`events_stages_summary_by_host_by_event_name`.`SUM_TIMER_WAIT` AS `total_latency`,`performance_schema`.`events_stages_summary_by_host_by_event_name`.`AVG_TIMER_WAIT` AS `avg_latency` from `performance_schema`.`events_stages_summary_by_host_by_event_name` where (`performance_schema`.`events_stages_summary_by_host_by_event_name`.`SUM_TIMER_WAIT` <> 0) order by if((`performance_schema`.`events_stages_summary_by_host_by_event_name`.`HOST` is null),'background',`performance_schema`.`events_stages_summary_by_host_by_event_name`.`HOST`),`performance_schema`.`events_stages_summary_by_host_by_event_name`.`SUM_TIMER_WAIT` desc */;
/*!50001 SET character_set_client      = @saved_cs_client */;
/*!50001 SET character_set_results     = @saved_cs_results */;
/*!50001 SET collation_connection      = @saved_col_connection */;

--
-- Final view structure for view `x$host_summary_by_statement_latency`
--

/*!50001 DROP VIEW IF EXISTS `x$host_summary_by_statement_latency`*/;
/*!50001 SET @saved_cs_client          = @@character_set_client */;
/*!50001 SET @saved_cs_results         = @@character_set_results */;
/*!50001 SET @saved_col_connection     = @@collation_connection */;
/*!50001 SET character_set_client      = utf8mb4 */;
/*!50001 SET character_set_results     = utf8mb4 */;
/*!50001 SET collation_connection      = utf8mb4_0900_ai_ci */;
/*!50001 CREATE ALGORITHM=TEMPTABLE */
/*!50013 DEFINER=`mysql.sys`@`localhost` SQL SECURITY INVOKER */
/*!50001 VIEW `x$host_summary_by_statement_latency` (`host`,`total`,`total_latency`,`max_latency`,`lock_latency`,`cpu_latency`,`rows_sent`,`rows_examined`,`rows_affected`,`full_scans`) AS select if((`performance_schema`.`events_statements_summary_by_host_by_event_name`.`HOST` is null),'background',`performance_schema`.`events_statements_summary_by_host_by_event_name`.`HOST`) AS `host`,sum(`performance_schema`.`events_statements_summary_by_host_by_event_name`.`COUNT_STAR`) AS `total`,sum(`performance_schema`.`events_statements_summary_by_host_by_event_name`.`SUM_TIMER_WAIT`) AS `total_latency`,max(`performance_schema`.`events_statements_summary_by_host_by_event_name`.`MAX_TIMER_WAIT`) AS `max_latency`,sum(`performance_schema`.`events_statements_summary_by_host_by_event_name`.`SUM_LOCK_TIME`) AS `lock_latency`,sum(`performance_schema`.`events_statements_summary_by_host_by_event_name`.`SUM_CPU_TIME`) AS `cpu_latency`,sum(`performance_schema`.`events_statements_summary_by_host_by_event_name`.`SUM_ROWS_SENT`) AS `rows_sent`,sum(`performance_schema`.`events_statements_summary_by_host_by_event_name`.`SUM_ROWS_EXAMINED`) AS `rows_examined`,sum(`performance_schema`.`events_statements_summary_by_host_by_event_name`.`SUM_ROWS_AFFECTED`) AS `rows_affected`,(sum(`performance_schema`.`events_statements_summary_by_host_by_event_name`.`SUM_NO_INDEX_USED`) + sum(`performance_schema`.`events_statements_summary_by_host_by_event_name`.`SUM_NO_GOOD_INDEX_USED`)) AS `full_scans` from `performance_schema`.`events_statements_summary_by_host_by_event_name` group by if((`performance_schema`.`events_statements_summary_by_host_by_event_name`.`HOST` is null),'background',`performance_schema`.`events_statements_summary_by_host_by_event_name`.`HOST`) order by sum(`performance_schema`.`events_statements_summary_by_host_by_event_name`.`SUM_TIMER_WAIT`) desc */;
/*!50001 SET character_set_client      = @saved_cs_client */;
/*!50001 SET character_set_results     = @saved_cs_results */;
/*!50001 SET collation_connection      = @saved_col_connection */;

--
-- Final view structure for view `x$host_summary_by_statement_type`
--

/*!50001 DROP VIEW IF EXISTS `x$host_summary_by_statement_type`*/;
/*!50001 SET @saved_cs_client          = @@character_set_client */;
/*!50001 SET @saved_cs_results         = @@character_set_results */;
/*!50001 SET @saved_col_connection     = @@collation_connection */;
/*!50001 SET character_set_client      = utf8mb4 */;
/*!50001 SET character_set_results     = utf8mb4 */;
/*!50001 SET collation_connection      = utf8mb4_0900_ai_ci */;
/*!50001 CREATE ALGORITHM=MERGE */
/*!50013 DEFINER=`mysql.sys`@`localhost` SQL SECURITY INVOKER */
/*!50001 VIEW `x$host_summary_by_statement_type` (`host`,`statement`,`total`,`total_latency`,`max_latency`,`lock_latency`,`cpu_latency`,`rows_sent`,`rows_examined`,`rows_affected`,`full_scans`) AS select if((`performance_schema`.`events_statements_summary_by_host_by_event_name`.`HOST` is null),'background',`performance_schema`.`events_statements_summary_by_host_by_event_name`.`HOST`) AS `host`,substring_index(`performance_schema`.`events_statements_summary_by_host_by_event_name`.`EVENT_NAME`,'/',-(1)) AS `statement`,`performance_schema`.`events_statements_summary_by_host_by_event_name`.`COUNT_STAR` AS `total`,`performance_schema`.`events_statements_summary_by_host_by_event_name`.`SUM_TIMER_WAIT` AS `total_latency`,`performance_schema`.`events_statements_summary_by_host_by_event_name`.`MAX_TIMER_WAIT` AS `max_latency`,`performance_schema`.`events_statements_summary_by_host_by_event_name`.`SUM_LOCK_TIME` AS `lock_latency`,`performance_schema`.`events_statements_summary_by_host_by_event_name`.`SUM_CPU_TIME` AS `cpu_latency`,`performance_schema`.`events_statements_summary_by_host_by_event_name`.`SUM_ROWS_SENT` AS `rows_sent`,`performance_schema`.`events_statements_summary_by_host_by_event_name`.`SUM_ROWS_EXAMINED` AS `rows_examined`,`performance_schema`.`events_statements_summary_by_host_by_event_name`.`SUM_ROWS_AFFECTED` AS `rows_affected`,(`performance_schema`.`events_statements_summary_by_host_by_event_name`.`SUM_NO_INDEX_USED` + `performance_schema`.`events_statements_summary_by_host_by_event_name`.`SUM_NO_GOOD_INDEX_USED`) AS `full_scans` from `performance_schema`.`events_statements_summary_by_host_by_event_name` where (`performance_schema`.`events_statements_summary_by_host_by_event_name`.`SUM_TIMER_WAIT` <> 0) order by if((`performance_schema`.`events_statements_summary_by_host_by_event_name`.`HOST` is null),'background',`performance_schema`.`events_statements_summary_by_host_by_event_name`.`HOST`),`performance_schema`.`events_statements_summary_by_host_by_event_name`.`SUM_TIMER_WAIT` desc */;
/*!50001 SET character_set_client      = @saved_cs_client */;
/*!50001 SET character_set_results     = @saved_cs_results */;
/*!50001 SET collation_connection      = @saved_col_connection */;

--
-- Final view structure for view `x$innodb_buffer_stats_by_schema`
--

/*!50001 DROP VIEW IF EXISTS `x$innodb_buffer_stats_by_schema`*/;
/*!50001 SET @saved_cs_client          = @@character_set_client */;
/*!50001 SET @saved_cs_results         = @@character_set_results */;
/*!50001 SET @saved_col_connection     = @@collation_connection */;
/*!50001 SET character_set_client      = utf8mb4 */;
/*!50001 SET character_set_results     = utf8mb4 */;
/*!50001 SET collation_connection      = utf8mb4_0900_ai_ci */;
/*!50001 CREATE ALGORITHM=TEMPTABLE */
/*!50013 DEFINER=`mysql.sys`@`localhost` SQL SECURITY INVOKER */
/*!50001 VIEW `x$innodb_buffer_stats_by_schema` (`object_schema`,`allocated`,`data`,`pages`,`pages_hashed`,`pages_old`,`rows_cached`) AS select if((locate('.',`ibp`.`TABLE_NAME`) = 0),'InnoDB System',replace(substring_index(`ibp`.`TABLE_NAME`,'.',1),'`','')) AS `object_schema`,sum(if((`ibp`.`COMPRESSED_SIZE` = 0),16384,`ibp`.`COMPRESSED_SIZE`)) AS `allocated`,sum(`ibp`.`DATA_SIZE`) AS `data`,count(`ibp`.`PAGE_NUMBER`) AS `pages`,count(if((`ibp`.`IS_HASHED` = 'YES'),1,NULL)) AS `pages_hashed`,count(if((`ibp`.`IS_OLD` = 'YES'),1,NULL)) AS `pages_old`,round(ifnull((sum(`ibp`.`NUMBER_RECORDS`) / nullif(count(distinct `ibp`.`INDEX_NAME`),0)),0),0) AS `rows_cached` from `information_schema`.`INNODB_BUFFER_PAGE` `ibp` where (`ibp`.`TABLE_NAME` is not null) group by `object_schema` order by sum(if((`ibp`.`COMPRESSED_SIZE` = 0),16384,`ibp`.`COMPRESSED_SIZE`)) desc */;
/*!50001 SET character_set_client      = @saved_cs_client */;
/*!50001 SET character_set_results     = @saved_cs_results */;
/*!50001 SET collation_connection      = @saved_col_connection */;

--
-- Final view structure for view `x$innodb_buffer_stats_by_table`
--

/*!50001 DROP VIEW IF EXISTS `x$innodb_buffer_stats_by_table`*/;
/*!50001 SET @saved_cs_client          = @@character_set_client */;
/*!50001 SET @saved_cs_results         = @@character_set_results */;
/*!50001 SET @saved_col_connection     = @@collation_connection */;
/*!50001 SET character_set_client      = utf8mb4 */;
/*!50001 SET character_set_results     = utf8mb4 */;
/*!50001 SET collation_connection      = utf8mb4_0900_ai_ci */;
/*!50001 CREATE ALGORITHM=TEMPTABLE */
/*!50013 DEFINER=`mysql.sys`@`localhost` SQL SECURITY INVOKER */
/*!50001 VIEW `x$innodb_buffer_stats_by_table` (`object_schema`,`object_name`,`allocated`,`data`,`pages`,`pages_hashed`,`pages_old`,`rows_cached`) AS select if((locate('.',`ibp`.`TABLE_NAME`) = 0),'InnoDB System',replace(substring_index(`ibp`.`TABLE_NAME`,'.',1),'`','')) AS `object_schema`,replace(substring_index(`ibp`.`TABLE_NAME`,'.',-(1)),'`','') AS `object_name`,sum(if((`ibp`.`COMPRESSED_SIZE` = 0),16384,`ibp`.`COMPRESSED_SIZE`)) AS `allocated`,sum(`ibp`.`DATA_SIZE`) AS `data`,count(`ibp`.`PAGE_NUMBER`) AS `pages`,count(if((`ibp`.`IS_HASHED` = 'YES'),1,NULL)) AS `pages_hashed`,count(if((`ibp`.`IS_OLD` = 'YES'),1,NULL)) AS `pages_old`,round(ifnull((sum(`ibp`.`NUMBER_RECORDS`) / nullif(count(distinct `ibp`.`INDEX_NAME`),0)),0),0) AS `rows_cached` from `information_schema`.`INNODB_BUFFER_PAGE` `ibp` where (`ibp`.`TABLE_NAME` is not null) group by `object_schema`,`object_name` order by sum(if((`ibp`.`COMPRESSED_SIZE` = 0),16384,`ibp`.`COMPRESSED_SIZE`)) desc */;
/*!50001 SET character_set_client      = @saved_cs_client */;
/*!50001 SET character_set_results     = @saved_cs_results */;
/*!50001 SET collation_connection      = @saved_col_connection */;

--
-- Final view structure for view `x$innodb_lock_waits`
--

/*!50001 DROP VIEW IF EXISTS `x$innodb_lock_waits`*/;
/*!50001 SET @saved_cs_client          = @@character_set_client */;
/*!50001 SET @saved_cs_results         = @@character_set_results */;
/*!50001 SET @saved_col_connection     = @@collation_connection */;
/*!50001 SET character_set_client      = utf8mb4 */;
/*!50001 SET character_set_results     = utf8mb4 */;
/*!50001 SET collation_connection      = utf8mb4_0900_ai_ci */;
/*!50001 CREATE ALGORITHM=TEMPTABLE */
/*!50013 DEFINER=`mysql.sys`@`localhost` SQL SECURITY INVOKER */
/*!50001 VIEW `x$innodb_lock_waits` (`wait_started`,`wait_age`,`wait_age_secs`,`locked_table`,`locked_table_schema`,`locked_table_name`,`locked_table_partition`,`locked_table_subpartition`,`locked_index`,`locked_type`,`waiting_trx_id`,`waiting_trx_started`,`waiting_trx_age`,`waiting_trx_rows_locked`,`waiting_trx_rows_modified`,`waiting_pid`,`waiting_query`,`waiting_lock_id`,`waiting_lock_mode`,`blocking_trx_id`,`blocking_pid`,`blocking_query`,`blocking_lock_id`,`blocking_lock_mode`,`blocking_trx_started`,`blocking_trx_age`,`blocking_trx_rows_locked`,`blocking_trx_rows_modified`,`sql_kill_blocking_query`,`sql_kill_blocking_connection`) AS select `r`.`trx_wait_started` AS `wait_started`,timediff(now(),`r`.`trx_wait_started`) AS `wait_age`,timestampdiff(SECOND,`r`.`trx_wait_started`,now()) AS `wait_age_secs`,concat(`sys`.`quote_identifier`(`rl`.`OBJECT_SCHEMA`),'.',`sys`.`quote_identifier`(`rl`.`OBJECT_NAME`)) AS `locked_table`,`rl`.`OBJECT_SCHEMA` AS `locked_table_schema`,`rl`.`OBJECT_NAME` AS `locked_table_name`,`rl`.`PARTITION_NAME` AS `locked_table_partition`,`rl`.`SUBPARTITION_NAME` AS `locked_table_subpartition`,`rl`.`INDEX_NAME` AS `locked_index`,`rl`.`LOCK_TYPE` AS `locked_type`,`r`.`trx_id` AS `waiting_trx_id`,`r`.`trx_started` AS `waiting_trx_started`,timediff(now(),`r`.`trx_started`) AS `waiting_trx_age`,`r`.`trx_rows_locked` AS `waiting_trx_rows_locked`,`r`.`trx_rows_modified` AS `waiting_trx_rows_modified`,`r`.`trx_mysql_thread_id` AS `waiting_pid`,`r`.`trx_query` AS `waiting_query`,`rl`.`ENGINE_LOCK_ID` AS `waiting_lock_id`,`rl`.`LOCK_MODE` AS `waiting_lock_mode`,`b`.`trx_id` AS `blocking_trx_id`,`b`.`trx_mysql_thread_id` AS `blocking_pid`,`b`.`trx_query` AS `blocking_query`,`bl`.`ENGINE_LOCK_ID` AS `blocking_lock_id`,`bl`.`LOCK_MODE` AS `blocking_lock_mode`,`b`.`trx_started` AS `blocking_trx_started`,timediff(now(),`b`.`trx_started`) AS `blocking_trx_age`,`b`.`trx_rows_locked` AS `blocking_trx_rows_locked`,`b`.`trx_rows_modified` AS `blocking_trx_rows_modified`,concat('KILL QUERY ',`b`.`trx_mysql_thread_id`) AS `sql_kill_blocking_query`,concat('KILL ',`b`.`trx_mysql_thread_id`) AS `sql_kill_blocking_connection` from ((((`performance_schema`.`data_lock_waits` `w` join `information_schema`.`INNODB_TRX` `b` on((`b`.`trx_id` = cast(`w`.`BLOCKING_ENGINE_TRANSACTION_ID` as char charset utf8mb4)))) join `information_schema`.`INNODB_TRX` `r` on((`r`.`trx_id` = cast(`w`.`REQUESTING_ENGINE_TRANSACTION_ID` as char charset utf8mb4)))) join `performance_schema`.`data_locks` `bl` on(((`bl`.`ENGINE_LOCK_ID` = `w`.`BLOCKING_ENGINE_LOCK_ID`) and (`bl`.`ENGINE` = `w`.`ENGINE`)))) join `performance_schema`.`data_locks` `rl` on(((`rl`.`ENGINE_LOCK_ID` = `w`.`REQUESTING_ENGINE_LOCK_ID`) and (`rl`.`ENGINE` = `w`.`ENGINE`)))) order by `r`.`trx_wait_started` */;
/*!50001 SET character_set_client      = @saved_cs_client */;
/*!50001 SET character_set_results     = @saved_cs_results */;
/*!50001 SET collation_connection      = @saved_col_connection */;

--
-- Final view structure for view `x$io_by_thread_by_latency`
--

/*!50001 DROP VIEW IF EXISTS `x$io_by_thread_by_latency`*/;
/*!50001 SET @saved_cs_client          = @@character_set_client */;
/*!50001 SET @saved_cs_results         = @@character_set_results */;
/*!50001 SET @saved_col_connection     = @@collation_connection */;
/*!50001 SET character_set_client      = utf8mb4 */;
/*!50001 SET character_set_results     = utf8mb4 */;
/*!50001 SET collation_connection      = utf8mb4_0900_ai_ci */;
/*!50001 CREATE ALGORITHM=TEMPTABLE */
/*!50013 DEFINER=`mysql.sys`@`localhost` SQL SECURITY INVOKER */
/*!50001 VIEW `x$io_by_thread_by_latency` (`user`,`total`,`total_latency`,`min_latency`,`avg_latency`,`max_latency`,`thread_id`,`processlist_id`) AS select if((`performance_schema`.`threads`.`PROCESSLIST_ID` is null),substring_index(`performance_schema`.`threads`.`NAME`,'/',-(1)),concat(`performance_schema`.`threads`.`PROCESSLIST_USER`,'@',convert(`performance_schema`.`threads`.`PROCESSLIST_HOST` using utf8mb4))) AS `user`,sum(`performance_schema`.`events_waits_summary_by_thread_by_event_name`.`COUNT_STAR`) AS `total`,sum(`performance_schema`.`events_waits_summary_by_thread_by_event_name`.`SUM_TIMER_WAIT`) AS `total_latency`,min(`performance_schema`.`events_waits_summary_by_thread_by_event_name`.`MIN_TIMER_WAIT`) AS `min_latency`,avg(`performance_schema`.`events_waits_summary_by_thread_by_event_name`.`AVG_TIMER_WAIT`) AS `avg_latency`,max(`performance_schema`.`events_waits_summary_by_thread_by_event_name`.`MAX_TIMER_WAIT`) AS `max_latency`,`performance_schema`.`events_waits_summary_by_thread_by_event_name`.`THREAD_ID` AS `thread_id`,`performance_schema`.`threads`.`PROCESSLIST_ID` AS `processlist_id` from (`performance_schema`.`events_waits_summary_by_thread_by_event_name` left join `performance_schema`.`threads` on((`performance_schema`.`events_waits_summary_by_thread_by_event_name`.`THREAD_ID` = `performance_schema`.`threads`.`THREAD_ID`))) where ((`performance_schema`.`events_waits_summary_by_thread_by_event_name`.`EVENT_NAME` like 'wait/io/file/%') and (`performance_schema`.`events_waits_summary_by_thread_by_event_name`.`SUM_TIMER_WAIT` > 0)) group by `performance_schema`.`events_waits_summary_by_thread_by_event_name`.`THREAD_ID`,`performance_schema`.`threads`.`PROCESSLIST_ID`,`user` order by sum(`performance_schema`.`events_waits_summary_by_thread_by_event_name`.`SUM_TIMER_WAIT`) desc */;
/*!50001 SET character_set_client      = @saved_cs_client */;
/*!50001 SET character_set_results     = @saved_cs_results */;
/*!50001 SET collation_connection      = @saved_col_connection */;

--
-- Final view structure for view `x$io_global_by_file_by_bytes`
--

/*!50001 DROP VIEW IF EXISTS `x$io_global_by_file_by_bytes`*/;
/*!50001 SET @saved_cs_client          = @@character_set_client */;
/*!50001 SET @saved_cs_results         = @@character_set_results */;
/*!50001 SET @saved_col_connection     = @@collation_connection */;
/*!50001 SET character_set_client      = utf8mb4 */;
/*!50001 SET character_set_results     = utf8mb4 */;
/*!50001 SET collation_connection      = utf8mb4_0900_ai_ci */;
/*!50001 CREATE ALGORITHM=MERGE */
/*!50013 DEFINER=`mysql.sys`@`localhost` SQL SECURITY INVOKER */
/*!50001 VIEW `x$io_global_by_file_by_bytes` (`file`,`count_read`,`total_read`,`avg_read`,`count_write`,`total_written`,`avg_write`,`total`,`write_pct`) AS select `performance_schema`.`file_summary_by_instance`.`FILE_NAME` AS `file`,`performance_schema`.`file_summary_by_instance`.`COUNT_READ` AS `count_read`,`performance_schema`.`file_summary_by_instance`.`SUM_NUMBER_OF_BYTES_READ` AS `total_read`,ifnull((`performance_schema`.`file_summary_by_instance`.`SUM_NUMBER_OF_BYTES_READ` / nullif(`performance_schema`.`file_summary_by_instance`.`COUNT_READ`,0)),0) AS `avg_read`,`performance_schema`.`file_summary_by_instance`.`COUNT_WRITE` AS `count_write`,`performance_schema`.`file_summary_by_instance`.`SUM_NUMBER_OF_BYTES_WRITE` AS `total_written`,ifnull((`performance_schema`.`file_summary_by_instance`.`SUM_NUMBER_OF_BYTES_WRITE` / nullif(`performance_schema`.`file_summary_by_instance`.`COUNT_WRITE`,0)),0.00) AS `avg_write`,(`performance_schema`.`file_summary_by_instance`.`SUM_NUMBER_OF_BYTES_READ` + `performance_schema`.`file_summary_by_instance`.`SUM_NUMBER_OF_BYTES_WRITE`) AS `total`,ifnull(round((100 - ((`performance_schema`.`file_summary_by_instance`.`SUM_NUMBER_OF_BYTES_READ` / nullif((`performance_schema`.`file_summary_by_instance`.`SUM_NUMBER_OF_BYTES_READ` + `performance_schema`.`file_summary_by_instance`.`SUM_NUMBER_OF_BYTES_WRITE`),0)) * 100)),2),0.00) AS `write_pct` from `performance_schema`.`file_summary_by_instance` order by (`performance_schema`.`file_summary_by_instance`.`SUM_NUMBER_OF_BYTES_READ` + `performance_schema`.`file_summary_by_instance`.`SUM_NUMBER_OF_BYTES_WRITE`) desc */;
/*!50001 SET character_set_client      = @saved_cs_client */;
/*!50001 SET character_set_results     = @saved_cs_results */;
/*!50001 SET collation_connection      = @saved_col_connection */;

--
-- Final view structure for view `x$io_global_by_file_by_latency`
--

/*!50001 DROP VIEW IF EXISTS `x$io_global_by_file_by_latency`*/;
/*!50001 SET @saved_cs_client          = @@character_set_client */;
/*!50001 SET @saved_cs_results         = @@character_set_results */;
/*!50001 SET @saved_col_connection     = @@collation_connection */;
/*!50001 SET character_set_client      = utf8mb4 */;
/*!50001 SET character_set_results     = utf8mb4 */;
/*!50001 SET collation_connection      = utf8mb4_0900_ai_ci */;
/*!50001 CREATE ALGORITHM=MERGE */
/*!50013 DEFINER=`mysql.sys`@`localhost` SQL SECURITY INVOKER */
/*!50001 VIEW `x$io_global_by_file_by_latency` (`file`,`total`,`total_latency`,`count_read`,`read_latency`,`count_write`,`write_latency`,`count_misc`,`misc_latency`) AS select `performance_schema`.`file_summary_by_instance`.`FILE_NAME` AS `file`,`performance_schema`.`file_summary_by_instance`.`COUNT_STAR` AS `total`,`performance_schema`.`file_summary_by_instance`.`SUM_TIMER_WAIT` AS `total_latency`,`performance_schema`.`file_summary_by_instance`.`COUNT_READ` AS `count_read`,`performance_schema`.`file_summary_by_instance`.`SUM_TIMER_READ` AS `read_latency`,`performance_schema`.`file_summary_by_instance`.`COUNT_WRITE` AS `count_write`,`performance_schema`.`file_summary_by_instance`.`SUM_TIMER_WRITE` AS `write_latency`,`performance_schema`.`file_summary_by_instance`.`COUNT_MISC` AS `count_misc`,`performance_schema`.`file_summary_by_instance`.`SUM_TIMER_MISC` AS `misc_latency` from `performance_schema`.`file_summary_by_instance` order by `performance_schema`.`file_summary_by_instance`.`SUM_TIMER_WAIT` desc */;
/*!50001 SET character_set_client      = @saved_cs_client */;
/*!50001 SET character_set_results     = @saved_cs_results */;
/*!50001 SET collation_connection      = @saved_col_connection */;

--
-- Final view structure for view `x$io_global_by_wait_by_bytes`
--

/*!50001 DROP VIEW IF EXISTS `x$io_global_by_wait_by_bytes`*/;
/*!50001 SET @saved_cs_client          = @@character_set_client */;
/*!50001 SET @saved_cs_results         = @@character_set_results */;
/*!50001 SET @saved_col_connection     = @@collation_connection */;
/*!50001 SET character_set_client      = utf8mb4 */;
/*!50001 SET character_set_results     = utf8mb4 */;
/*!50001 SET collation_connection      = utf8mb4_0900_ai_ci */;
/*!50001 CREATE ALGORITHM=MERGE */
/*!50013 DEFINER=`mysql.sys`@`localhost` SQL SECURITY INVOKER */
/*!50001 VIEW `x$io_global_by_wait_by_bytes` (`event_name`,`total`,`total_latency`,`min_latency`,`avg_latency`,`max_latency`,`count_read`,`total_read`,`avg_read`,`count_write`,`total_written`,`avg_written`,`total_requested`) AS select substring_index(`performance_schema`.`file_summary_by_event_name`.`EVENT_NAME`,'/',-(2)) AS `event_name`,`performance_schema`.`file_summary_by_event_name`.`COUNT_STAR` AS `total`,`performance_schema`.`file_summary_by_event_name`.`SUM_TIMER_WAIT` AS `total_latency`,`performance_schema`.`file_summary_by_event_name`.`MIN_TIMER_WAIT` AS `min_latency`,`performance_schema`.`file_summary_by_event_name`.`AVG_TIMER_WAIT` AS `avg_latency`,`performance_schema`.`file_summary_by_event_name`.`MAX_TIMER_WAIT` AS `max_latency`,`performance_schema`.`file_summary_by_event_name`.`COUNT_READ` AS `count_read`,`performance_schema`.`file_summary_by_event_name`.`SUM_NUMBER_OF_BYTES_READ` AS `total_read`,ifnull((`performance_schema`.`file_summary_by_event_name`.`SUM_NUMBER_OF_BYTES_READ` / nullif(`performance_schema`.`file_summary_by_event_name`.`COUNT_READ`,0)),0) AS `avg_read`,`performance_schema`.`file_summary_by_event_name`.`COUNT_WRITE` AS `count_write`,`performance_schema`.`file_summary_by_event_name`.`SUM_NUMBER_OF_BYTES_WRITE` AS `total_written`,ifnull((`performance_schema`.`file_summary_by_event_name`.`SUM_NUMBER_OF_BYTES_WRITE` / nullif(`performance_schema`.`file_summary_by_event_name`.`COUNT_WRITE`,0)),0) AS `avg_written`,(`performance_schema`.`file_summary_by_event_name`.`SUM_NUMBER_OF_BYTES_WRITE` + `performance_schema`.`file_summary_by_event_name`.`SUM_NUMBER_OF_BYTES_READ`) AS `total_requested` from `performance_schema`.`file_summary_by_event_name` where ((`performance_schema`.`file_summary_by_event_name`.`EVENT_NAME` like 'wait/io/file/%') and (`performance_schema`.`file_summary_by_event_name`.`COUNT_STAR` > 0)) order by (`performance_schema`.`file_summary_by_event_name`.`SUM_NUMBER_OF_BYTES_WRITE` + `performance_schema`.`file_summary_by_event_name`.`SUM_NUMBER_OF_BYTES_READ`) desc */;
/*!50001 SET character_set_client      = @saved_cs_client */;
/*!50001 SET character_set_results     = @saved_cs_results */;
/*!50001 SET collation_connection      = @saved_col_connection */;

--
-- Final view structure for view `x$io_global_by_wait_by_latency`
--

/*!50001 DROP VIEW IF EXISTS `x$io_global_by_wait_by_latency`*/;
/*!50001 SET @saved_cs_client          = @@character_set_client */;
/*!50001 SET @saved_cs_results         = @@character_set_results */;
/*!50001 SET @saved_col_connection     = @@collation_connection */;
/*!50001 SET character_set_client      = utf8mb4 */;
/*!50001 SET character_set_results     = utf8mb4 */;
/*!50001 SET collation_connection      = utf8mb4_0900_ai_ci */;
/*!50001 CREATE ALGORITHM=MERGE */
/*!50013 DEFINER=`mysql.sys`@`localhost` SQL SECURITY INVOKER */
/*!50001 VIEW `x$io_global_by_wait_by_latency` (`event_name`,`total`,`total_latency`,`avg_latency`,`max_latency`,`read_latency`,`write_latency`,`misc_latency`,`count_read`,`total_read`,`avg_read`,`count_write`,`total_written`,`avg_written`) AS select substring_index(`performance_schema`.`file_summary_by_event_name`.`EVENT_NAME`,'/',-(2)) AS `event_name`,`performance_schema`.`file_summary_by_event_name`.`COUNT_STAR` AS `total`,`performance_schema`.`file_summary_by_event_name`.`SUM_TIMER_WAIT` AS `total_latency`,`performance_schema`.`file_summary_by_event_name`.`AVG_TIMER_WAIT` AS `avg_latency`,`performance_schema`.`file_summary_by_event_name`.`MAX_TIMER_WAIT` AS `max_latency`,`performance_schema`.`file_summary_by_event_name`.`SUM_TIMER_READ` AS `read_latency`,`performance_schema`.`file_summary_by_event_name`.`SUM_TIMER_WRITE` AS `write_latency`,`performance_schema`.`file_summary_by_event_name`.`SUM_TIMER_MISC` AS `misc_latency`,`performance_schema`.`file_summary_by_event_name`.`COUNT_READ` AS `count_read`,`performance_schema`.`file_summary_by_event_name`.`SUM_NUMBER_OF_BYTES_READ` AS `total_read`,ifnull((`performance_schema`.`file_summary_by_event_name`.`SUM_NUMBER_OF_BYTES_READ` / nullif(`performance_schema`.`file_summary_by_event_name`.`COUNT_READ`,0)),0) AS `avg_read`,`performance_schema`.`file_summary_by_event_name`.`COUNT_WRITE` AS `count_write`,`performance_schema`.`file_summary_by_event_name`.`SUM_NUMBER_OF_BYTES_WRITE` AS `total_written`,ifnull((`performance_schema`.`file_summary_by_event_name`.`SUM_NUMBER_OF_BYTES_WRITE` / nullif(`performance_schema`.`file_summary_by_event_name`.`COUNT_WRITE`,0)),0) AS `avg_written` from `performance_schema`.`file_summary_by_event_name` where ((`performance_schema`.`file_summary_by_event_name`.`EVENT_NAME` like 'wait/io/file/%') and (`performance_schema`.`file_summary_by_event_name`.`COUNT_STAR` > 0)) order by `performance_schema`.`file_summary_by_event_name`.`SUM_TIMER_WAIT` desc */;
/*!50001 SET character_set_client      = @saved_cs_client */;
/*!50001 SET character_set_results     = @saved_cs_results */;
/*!50001 SET collation_connection      = @saved_col_connection */;

--
-- Final view structure for view `x$latest_file_io`
--

/*!50001 DROP VIEW IF EXISTS `x$latest_file_io`*/;
/*!50001 SET @saved_cs_client          = @@character_set_client */;
/*!50001 SET @saved_cs_results         = @@character_set_results */;
/*!50001 SET @saved_col_connection     = @@collation_connection */;
/*!50001 SET character_set_client      = utf8mb4 */;
/*!50001 SET character_set_results     = utf8mb4 */;
/*!50001 SET collation_connection      = utf8mb4_0900_ai_ci */;
/*!50001 CREATE ALGORITHM=MERGE */
/*!50013 DEFINER=`mysql.sys`@`localhost` SQL SECURITY INVOKER */
/*!50001 VIEW `x$latest_file_io` (`thread`,`file`,`latency`,`operation`,`requested`) AS select if((`information_schema`.`processlist`.`ID` is null),concat(substring_index(`performance_schema`.`threads`.`NAME`,'/',-(1)),':',`performance_schema`.`events_waits_history_long`.`THREAD_ID`),convert(concat(`information_schema`.`processlist`.`USER`,'@',`information_schema`.`processlist`.`HOST`,':',`information_schema`.`processlist`.`ID`) using utf8mb4)) AS `thread`,`performance_schema`.`events_waits_history_long`.`OBJECT_NAME` AS `file`,`performance_schema`.`events_waits_history_long`.`TIMER_WAIT` AS `latency`,`performance_schema`.`events_waits_history_long`.`OPERATION` AS `operation`,`performance_schema`.`events_waits_history_long`.`NUMBER_OF_BYTES` AS `requested` from ((`performance_schema`.`events_waits_history_long` join `performance_schema`.`threads` on((`performance_schema`.`events_waits_history_long`.`THREAD_ID` = `performance_schema`.`threads`.`THREAD_ID`))) left join `information_schema`.`PROCESSLIST` on((`performance_schema`.`threads`.`PROCESSLIST_ID` = `information_schema`.`processlist`.`ID`))) where ((`performance_schema`.`events_waits_history_long`.`OBJECT_NAME` is not null) and (`performance_schema`.`events_waits_history_long`.`EVENT_NAME` like 'wait/io/file/%')) order by `performance_schema`.`events_waits_history_long`.`TIMER_START` */;
/*!50001 SET character_set_client      = @saved_cs_client */;
/*!50001 SET character_set_results     = @saved_cs_results */;
/*!50001 SET collation_connection      = @saved_col_connection */;

--
-- Final view structure for view `x$memory_by_host_by_current_bytes`
--

/*!50001 DROP VIEW IF EXISTS `x$memory_by_host_by_current_bytes`*/;
/*!50001 SET @saved_cs_client          = @@character_set_client */;
/*!50001 SET @saved_cs_results         = @@character_set_results */;
/*!50001 SET @saved_col_connection     = @@collation_connection */;
/*!50001 SET character_set_client      = utf8mb4 */;
/*!50001 SET character_set_results     = utf8mb4 */;
/*!50001 SET collation_connection      = utf8mb4_0900_ai_ci */;
/*!50001 CREATE ALGORITHM=TEMPTABLE */
/*!50013 DEFINER=`mysql.sys`@`localhost` SQL SECURITY INVOKER */
/*!50001 VIEW `x$memory_by_host_by_current_bytes` (`host`,`current_count_used`,`current_allocated`,`current_avg_alloc`,`current_max_alloc`,`total_allocated`) AS select if((`performance_schema`.`memory_summary_by_host_by_event_name`.`HOST` is null),'background',`performance_schema`.`memory_summary_by_host_by_event_name`.`HOST`) AS `host`,sum(`performance_schema`.`memory_summary_by_host_by_event_name`.`CURRENT_COUNT_USED`) AS `current_count_used`,sum(`performance_schema`.`memory_summary_by_host_by_event_name`.`CURRENT_NUMBER_OF_BYTES_USED`) AS `current_allocated`,ifnull((sum(`performance_schema`.`memory_summary_by_host_by_event_name`.`CURRENT_NUMBER_OF_BYTES_USED`) / nullif(sum(`performance_schema`.`memory_summary_by_host_by_event_name`.`CURRENT_COUNT_USED`),0)),0) AS `current_avg_alloc`,max(`performance_schema`.`memory_summary_by_host_by_event_name`.`CURRENT_NUMBER_OF_BYTES_USED`) AS `current_max_alloc`,sum(`performance_schema`.`memory_summary_by_host_by_event_name`.`SUM_NUMBER_OF_BYTES_ALLOC`) AS `total_allocated` from `performance_schema`.`memory_summary_by_host_by_event_name` group by if((`performance_schema`.`memory_summary_by_host_by_event_name`.`HOST` is null),'background',`performance_schema`.`memory_summary_by_host_by_event_name`.`HOST`) order by sum(`performance_schema`.`memory_summary_by_host_by_event_name`.`CURRENT_NUMBER_OF_BYTES_USED`) desc */;
/*!50001 SET character_set_client      = @saved_cs_client */;
/*!50001 SET character_set_results     = @saved_cs_results */;
/*!50001 SET collation_connection      = @saved_col_connection */;

--
-- Final view structure for view `x$memory_by_thread_by_current_bytes`
--

/*!50001 DROP VIEW IF EXISTS `x$memory_by_thread_by_current_bytes`*/;
/*!50001 SET @saved_cs_client          = @@character_set_client */;
/*!50001 SET @saved_cs_results         = @@character_set_results */;
/*!50001 SET @saved_col_connection     = @@collation_connection */;
/*!50001 SET character_set_client      = utf8mb4 */;
/*!50001 SET character_set_results     = utf8mb4 */;
/*!50001 SET collation_connection      = utf8mb4_0900_ai_ci */;
/*!50001 CREATE ALGORITHM=TEMPTABLE */
/*!50013 DEFINER=`mysql.sys`@`localhost` SQL SECURITY INVOKER */
/*!50001 VIEW `x$memory_by_thread_by_current_bytes` (`thread_id`,`user`,`current_count_used`,`current_allocated`,`current_avg_alloc`,`current_max_alloc`,`total_allocated`) AS select `t`.`THREAD_ID` AS `thread_id`,if((`t`.`NAME` = 'thread/sql/one_connection'),concat(`t`.`PROCESSLIST_USER`,'@',convert(`t`.`PROCESSLIST_HOST` using utf8mb4)),replace(`t`.`NAME`,'thread/','')) AS `user`,sum(`mt`.`CURRENT_COUNT_USED`) AS `current_count_used`,sum(`mt`.`CURRENT_NUMBER_OF_BYTES_USED`) AS `current_allocated`,ifnull((sum(`mt`.`CURRENT_NUMBER_OF_BYTES_USED`) / nullif(sum(`mt`.`CURRENT_COUNT_USED`),0)),0) AS `current_avg_alloc`,max(`mt`.`CURRENT_NUMBER_OF_BYTES_USED`) AS `current_max_alloc`,sum(`mt`.`SUM_NUMBER_OF_BYTES_ALLOC`) AS `total_allocated` from (`performance_schema`.`memory_summary_by_thread_by_event_name` `mt` join `performance_schema`.`threads` `t` on((`mt`.`THREAD_ID` = `t`.`THREAD_ID`))) group by `t`.`THREAD_ID`,if((`t`.`NAME` = 'thread/sql/one_connection'),concat(`t`.`PROCESSLIST_USER`,'@',convert(`t`.`PROCESSLIST_HOST` using utf8mb4)),replace(`t`.`NAME`,'thread/','')) order by sum(`mt`.`CURRENT_NUMBER_OF_BYTES_USED`) desc */;
/*!50001 SET character_set_client      = @saved_cs_client */;
/*!50001 SET character_set_results     = @saved_cs_results */;
/*!50001 SET collation_connection      = @saved_col_connection */;

--
-- Final view structure for view `x$memory_by_user_by_current_bytes`
--

/*!50001 DROP VIEW IF EXISTS `x$memory_by_user_by_current_bytes`*/;
/*!50001 SET @saved_cs_client          = @@character_set_client */;
/*!50001 SET @saved_cs_results         = @@character_set_results */;
/*!50001 SET @saved_col_connection     = @@collation_connection */;
/*!50001 SET character_set_client      = utf8mb4 */;
/*!50001 SET character_set_results     = utf8mb4 */;
/*!50001 SET collation_connection      = utf8mb4_0900_ai_ci */;
/*!50001 CREATE ALGORITHM=TEMPTABLE */
/*!50013 DEFINER=`mysql.sys`@`localhost` SQL SECURITY INVOKER */
/*!50001 VIEW `x$memory_by_user_by_current_bytes` (`user`,`current_count_used`,`current_allocated`,`current_avg_alloc`,`current_max_alloc`,`total_allocated`) AS select if((`performance_schema`.`memory_summary_by_user_by_event_name`.`USER` is null),'background',`performance_schema`.`memory_summary_by_user_by_event_name`.`USER`) AS `user`,sum(`performance_schema`.`memory_summary_by_user_by_event_name`.`CURRENT_COUNT_USED`) AS `current_count_used`,sum(`performance_schema`.`memory_summary_by_user_by_event_name`.`CURRENT_NUMBER_OF_BYTES_USED`) AS `current_allocated`,ifnull((sum(`performance_schema`.`memory_summary_by_user_by_event_name`.`CURRENT_NUMBER_OF_BYTES_USED`) / nullif(sum(`performance_schema`.`memory_summary_by_user_by_event_name`.`CURRENT_COUNT_USED`),0)),0) AS `current_avg_alloc`,max(`performance_schema`.`memory_summary_by_user_by_event_name`.`CURRENT_NUMBER_OF_BYTES_USED`) AS `current_max_alloc`,sum(`performance_schema`.`memory_summary_by_user_by_event_name`.`SUM_NUMBER_OF_BYTES_ALLOC`) AS `total_allocated` from `performance_schema`.`memory_summary_by_user_by_event_name` group by if((`performance_schema`.`memory_summary_by_user_by_event_name`.`USER` is null),'background',`performance_schema`.`memory_summary_by_user_by_event_name`.`USER`) order by sum(`performance_schema`.`memory_summary_by_user_by_event_name`.`CURRENT_NUMBER_OF_BYTES_USED`) desc */;
/*!50001 SET character_set_client      = @saved_cs_client */;
/*!50001 SET character_set_results     = @saved_cs_results */;
/*!50001 SET collation_connection      = @saved_col_connection */;

--
-- Final view structure for view `x$memory_global_by_current_bytes`
--

/*!50001 DROP VIEW IF EXISTS `x$memory_global_by_current_bytes`*/;
/*!50001 SET @saved_cs_client          = @@character_set_client */;
/*!50001 SET @saved_cs_results         = @@character_set_results */;
/*!50001 SET @saved_col_connection     = @@collation_connection */;
/*!50001 SET character_set_client      = utf8mb4 */;
/*!50001 SET character_set_results     = utf8mb4 */;
/*!50001 SET collation_connection      = utf8mb4_0900_ai_ci */;
/*!50001 CREATE ALGORITHM=MERGE */
/*!50013 DEFINER=`mysql.sys`@`localhost` SQL SECURITY INVOKER */
/*!50001 VIEW `x$memory_global_by_current_bytes` (`event_name`,`current_count`,`current_alloc`,`current_avg_alloc`,`high_count`,`high_alloc`,`high_avg_alloc`) AS select `performance_schema`.`memory_summary_global_by_event_name`.`EVENT_NAME` AS `event_name`,`performance_schema`.`memory_summary_global_by_event_name`.`CURRENT_COUNT_USED` AS `current_count`,`performance_schema`.`memory_summary_global_by_event_name`.`CURRENT_NUMBER_OF_BYTES_USED` AS `current_alloc`,ifnull((`performance_schema`.`memory_summary_global_by_event_name`.`CURRENT_NUMBER_OF_BYTES_USED` / nullif(`performance_schema`.`memory_summary_global_by_event_name`.`CURRENT_COUNT_USED`,0)),0) AS `current_avg_alloc`,`performance_schema`.`memory_summary_global_by_event_name`.`HIGH_COUNT_USED` AS `high_count`,`performance_schema`.`memory_summary_global_by_event_name`.`HIGH_NUMBER_OF_BYTES_USED` AS `high_alloc`,ifnull((`performance_schema`.`memory_summary_global_by_event_name`.`HIGH_NUMBER_OF_BYTES_USED` / nullif(`performance_schema`.`memory_summary_global_by_event_name`.`HIGH_COUNT_USED`,0)),0) AS `high_avg_alloc` from `performance_schema`.`memory_summary_global_by_event_name` where (`performance_schema`.`memory_summary_global_by_event_name`.`CURRENT_NUMBER_OF_BYTES_USED` > 0) order by `performance_schema`.`memory_summary_global_by_event_name`.`CURRENT_NUMBER_OF_BYTES_USED` desc */;
/*!50001 SET character_set_client      = @saved_cs_client */;
/*!50001 SET character_set_results     = @saved_cs_results */;
/*!50001 SET collation_connection      = @saved_col_connection */;

--
-- Final view structure for view `x$memory_global_total`
--

/*!50001 DROP VIEW IF EXISTS `x$memory_global_total`*/;
/*!50001 SET @saved_cs_client          = @@character_set_client */;
/*!50001 SET @saved_cs_results         = @@character_set_results */;
/*!50001 SET @saved_col_connection     = @@collation_connection */;
/*!50001 SET character_set_client      = utf8mb4 */;
/*!50001 SET character_set_results     = utf8mb4 */;
/*!50001 SET collation_connection      = utf8mb4_0900_ai_ci */;
/*!50001 CREATE ALGORITHM=TEMPTABLE */
/*!50013 DEFINER=`mysql.sys`@`localhost` SQL SECURITY INVOKER */
/*!50001 VIEW `x$memory_global_total` (`total_allocated`) AS select sum(`performance_schema`.`memory_summary_global_by_event_name`.`CURRENT_NUMBER_OF_BYTES_USED`) AS `total_allocated` from `performance_schema`.`memory_summary_global_by_event_name` */;
/*!50001 SET character_set_client      = @saved_cs_client */;
/*!50001 SET character_set_results     = @saved_cs_results */;
/*!50001 SET collation_connection      = @saved_col_connection */;

--
-- Final view structure for view `x$processlist`
--

/*!50001 DROP VIEW IF EXISTS `x$processlist`*/;
/*!50001 SET @saved_cs_client          = @@character_set_client */;
/*!50001 SET @saved_cs_results         = @@character_set_results */;
/*!50001 SET @saved_col_connection     = @@collation_connection */;
/*!50001 SET character_set_client      = utf8mb4 */;
/*!50001 SET character_set_results     = utf8mb4 */;
/*!50001 SET collation_connection      = utf8mb4_0900_ai_ci */;
/*!50001 CREATE ALGORITHM=TEMPTABLE */
/*!50013 DEFINER=`mysql.sys`@`localhost` SQL SECURITY INVOKER */
/*!50001 VIEW `x$processlist` (`thd_id`,`conn_id`,`user`,`db`,`command`,`state`,`time`,`current_statement`,`execution_engine`,`statement_latency`,`progress`,`lock_latency`,`cpu_latency`,`rows_examined`,`rows_sent`,`rows_affected`,`tmp_tables`,`tmp_disk_tables`,`full_scan`,`last_statement`,`last_statement_latency`,`current_memory`,`last_wait`,`last_wait_latency`,`source`,`trx_latency`,`trx_state`,`trx_autocommit`,`pid`,`program_name`) AS select `pps`.`THREAD_ID` AS `thd_id`,`pps`.`PROCESSLIST_ID` AS `conn_id`,if((`pps`.`NAME` in ('thread/sql/one_connection','thread/thread_pool/tp_one_connection')),concat(`pps`.`PROCESSLIST_USER`,'@',convert(`pps`.`PROCESSLIST_HOST` using utf8mb4)),replace(`pps`.`NAME`,'thread/','')) AS `user`,`pps`.`PROCESSLIST_DB` AS `db`,`pps`.`PROCESSLIST_COMMAND` AS `command`,`pps`.`PROCESSLIST_STATE` AS `state`,`pps`.`PROCESSLIST_TIME` AS `time`,`pps`.`PROCESSLIST_INFO` AS `current_statement`,`pps`.`EXECUTION_ENGINE` AS `execution_engine`,if((`esc`.`END_EVENT_ID` is null),`esc`.`TIMER_WAIT`,NULL) AS `statement_latency`,if((`esc`.`END_EVENT_ID` is null),round((100 * (`estc`.`WORK_COMPLETED` / `estc`.`WORK_ESTIMATED`)),2),NULL) AS `progress`,`esc`.`LOCK_TIME` AS `lock_latency`,`esc`.`CPU_TIME` AS `cpu_latency`,`esc`.`ROWS_EXAMINED` AS `rows_examined`,`esc`.`ROWS_SENT` AS `rows_sent`,`esc`.`ROWS_AFFECTED` AS `rows_affected`,`esc`.`CREATED_TMP_TABLES` AS `tmp_tables`,`esc`.`CREATED_TMP_DISK_TABLES` AS `tmp_disk_tables`,if(((`esc`.`NO_GOOD_INDEX_USED` > 0) or (`esc`.`NO_INDEX_USED` > 0)),'YES','NO') AS `full_scan`,if((`esc`.`END_EVENT_ID` is not null),`esc`.`SQL_TEXT`,NULL) AS `last_statement`,if((`esc`.`END_EVENT_ID` is not null),`esc`.`TIMER_WAIT`,NULL) AS `last_statement_latency`,`mem`.`current_allocated` AS `current_memory`,`ewc`.`EVENT_NAME` AS `last_wait`,if(((`ewc`.`END_EVENT_ID` is null) and (`ewc`.`EVENT_NAME` is not null)),'Still Waiting',`ewc`.`TIMER_WAIT`) AS `last_wait_latency`,`ewc`.`SOURCE` AS `source`,`etc`.`TIMER_WAIT` AS `trx_latency`,`etc`.`STATE` AS `trx_state`,`etc`.`AUTOCOMMIT` AS `trx_autocommit`,`conattr_pid`.`ATTR_VALUE` AS `pid`,`conattr_progname`.`ATTR_VALUE` AS `program_name` from (((((((`performance_schema`.`threads` `pps` left join `performance_schema`.`events_waits_current` `ewc` on((`pps`.`THREAD_ID` = `ewc`.`THREAD_ID`))) left join `performance_schema`.`events_stages_current` `estc` on((`pps`.`THREAD_ID` = `estc`.`THREAD_ID`))) left join `performance_schema`.`events_statements_current` `esc` on((`pps`.`THREAD_ID` = `esc`.`THREAD_ID`))) left join `performance_schema`.`events_transactions_current` `etc` on((`pps`.`THREAD_ID` = `etc`.`THREAD_ID`))) left join `x$memory_by_thread_by_current_bytes` `mem` on((`pps`.`THREAD_ID` = `mem`.`thread_id`))) left join `performance_schema`.`session_connect_attrs` `conattr_pid` on(((`conattr_pid`.`PROCESSLIST_ID` = `pps`.`PROCESSLIST_ID`) and (`conattr_pid`.`ATTR_NAME` = '_pid')))) left join `performance_schema`.`session_connect_attrs` `conattr_progname` on(((`conattr_progname`.`PROCESSLIST_ID` = `pps`.`PROCESSLIST_ID`) and (`conattr_progname`.`ATTR_NAME` = 'program_name')))) order by `pps`.`PROCESSLIST_TIME` desc,`last_wait_latency` desc */;
/*!50001 SET character_set_client      = @saved_cs_client */;
/*!50001 SET character_set_results     = @saved_cs_results */;
/*!50001 SET collation_connection      = @saved_col_connection */;

--
-- Final view structure for view `x$ps_digest_95th_percentile_by_avg_us`
--

/*!50001 DROP VIEW IF EXISTS `x$ps_digest_95th_percentile_by_avg_us`*/;
/*!50001 SET @saved_cs_client          = @@character_set_client */;
/*!50001 SET @saved_cs_results         = @@character_set_results */;
/*!50001 SET @saved_col_connection     = @@collation_connection */;
/*!50001 SET character_set_client      = utf8mb4 */;
/*!50001 SET character_set_results     = utf8mb4 */;
/*!50001 SET collation_connection      = utf8mb4_0900_ai_ci */;
/*!50001 CREATE ALGORITHM=TEMPTABLE */
/*!50013 DEFINER=`mysql.sys`@`localhost` SQL SECURITY INVOKER */
/*!50001 VIEW `x$ps_digest_95th_percentile_by_avg_us` (`avg_us`,`percentile`) AS select `s2`.`avg_us` AS `avg_us`,ifnull((sum(`s1`.`cnt`) / nullif((select count(0) from `performance_schema`.`events_statements_summary_by_digest`),0)),0) AS `percentile` from (`x$ps_digest_avg_latency_distribution` `s1` join `x$ps_digest_avg_latency_distribution` `s2` on((`s1`.`avg_us` <= `s2`.`avg_us`))) group by `s2`.`avg_us` having (ifnull((sum(`s1`.`cnt`) / nullif((select count(0) from `performance_schema`.`events_statements_summary_by_digest`),0)),0) > 0.95) order by `percentile` limit 1 */;
/*!50001 SET character_set_client      = @saved_cs_client */;
/*!50001 SET character_set_results     = @saved_cs_results */;
/*!50001 SET collation_connection      = @saved_col_connection */;

--
-- Final view structure for view `x$ps_digest_avg_latency_distribution`
--

/*!50001 DROP VIEW IF EXISTS `x$ps_digest_avg_latency_distribution`*/;
/*!50001 SET @saved_cs_client          = @@character_set_client */;
/*!50001 SET @saved_cs_results         = @@character_set_results */;
/*!50001 SET @saved_col_connection     = @@collation_connection */;
/*!50001 SET character_set_client      = utf8mb4 */;
/*!50001 SET character_set_results     = utf8mb4 */;
/*!50001 SET collation_connection      = utf8mb4_0900_ai_ci */;
/*!50001 CREATE ALGORITHM=TEMPTABLE */
/*!50013 DEFINER=`mysql.sys`@`localhost` SQL SECURITY INVOKER */
/*!50001 VIEW `x$ps_digest_avg_latency_distribution` (`cnt`,`avg_us`) AS select count(0) AS `cnt`,round((`performance_schema`.`events_statements_summary_by_digest`.`AVG_TIMER_WAIT` / 1000000),0) AS `avg_us` from `performance_schema`.`events_statements_summary_by_digest` group by `avg_us` */;
/*!50001 SET character_set_client      = @saved_cs_client */;
/*!50001 SET character_set_results     = @saved_cs_results */;
/*!50001 SET collation_connection      = @saved_col_connection */;

--
-- Final view structure for view `x$ps_schema_table_statistics_io`
--

/*!50001 DROP VIEW IF EXISTS `x$ps_schema_table_statistics_io`*/;
/*!50001 SET @saved_cs_client          = @@character_set_client */;
/*!50001 SET @saved_cs_results         = @@character_set_results */;
/*!50001 SET @saved_col_connection     = @@collation_connection */;
/*!50001 SET character_set_client      = utf8mb4 */;
/*!50001 SET character_set_results     = utf8mb4 */;
/*!50001 SET collation_connection      = utf8mb4_0900_ai_ci */;
/*!50001 CREATE ALGORITHM=TEMPTABLE */
/*!50013 DEFINER=`mysql.sys`@`localhost` SQL SECURITY INVOKER */
/*!50001 VIEW `x$ps_schema_table_statistics_io` (`table_schema`,`table_name`,`count_read`,`sum_number_of_bytes_read`,`sum_timer_read`,`count_write`,`sum_number_of_bytes_write`,`sum_timer_write`,`count_misc`,`sum_timer_misc`) AS select `extract_schema_from_file_name`(`performance_schema`.`file_summary_by_instance`.`FILE_NAME`) AS `table_schema`,`extract_table_from_file_name`(`performance_schema`.`file_summary_by_instance`.`FILE_NAME`) AS `table_name`,sum(`performance_schema`.`file_summary_by_instance`.`COUNT_READ`) AS `count_read`,sum(`performance_schema`.`file_summary_by_instance`.`SUM_NUMBER_OF_BYTES_READ`) AS `sum_number_of_bytes_read`,sum(`performance_schema`.`file_summary_by_instance`.`SUM_TIMER_READ`) AS `sum_timer_read`,sum(`performance_schema`.`file_summary_by_instance`.`COUNT_WRITE`) AS `count_write`,sum(`performance_schema`.`file_summary_by_instance`.`SUM_NUMBER_OF_BYTES_WRITE`) AS `sum_number_of_bytes_write`,sum(`performance_schema`.`file_summary_by_instance`.`SUM_TIMER_WRITE`) AS `sum_timer_write`,sum(`performance_schema`.`file_summary_by_instance`.`COUNT_MISC`) AS `count_misc`,sum(`performance_schema`.`file_summary_by_instance`.`SUM_TIMER_MISC`) AS `sum_timer_misc` from `performance_schema`.`file_summary_by_instance` group by `table_schema`,`table_name` */;
/*!50001 SET character_set_client      = @saved_cs_client */;
/*!50001 SET character_set_results     = @saved_cs_results */;
/*!50001 SET collation_connection      = @saved_col_connection */;

--
-- Final view structure for view `x$schema_flattened_keys`
--

/*!50001 DROP VIEW IF EXISTS `x$schema_flattened_keys`*/;
/*!50001 SET @saved_cs_client          = @@character_set_client */;
/*!50001 SET @saved_cs_results         = @@character_set_results */;
/*!50001 SET @saved_col_connection     = @@collation_connection */;
/*!50001 SET character_set_client      = utf8mb4 */;
/*!50001 SET character_set_results     = utf8mb4 */;
/*!50001 SET collation_connection      = utf8mb4_0900_ai_ci */;
/*!50001 CREATE ALGORITHM=TEMPTABLE */
/*!50013 DEFINER=`mysql.sys`@`localhost` SQL SECURITY INVOKER */
/*!50001 VIEW `x$schema_flattened_keys` (`table_schema`,`table_name`,`index_name`,`non_unique`,`subpart_exists`,`index_columns`) AS select `information_schema`.`statistics`.`TABLE_SCHEMA` AS `TABLE_SCHEMA`,`information_schema`.`statistics`.`TABLE_NAME` AS `TABLE_NAME`,`information_schema`.`statistics`.`INDEX_NAME` AS `INDEX_NAME`,max(`information_schema`.`statistics`.`NON_UNIQUE`) AS `non_unique`,max(if((`information_schema`.`statistics`.`SUB_PART` is null),0,1)) AS `subpart_exists`,group_concat(`information_schema`.`statistics`.`COLUMN_NAME` order by `information_schema`.`statistics`.`SEQ_IN_INDEX` ASC separator ',') AS `index_columns` from `information_schema`.`STATISTICS` where ((`information_schema`.`statistics`.`INDEX_TYPE` = 'BTREE') and (`information_schema`.`statistics`.`TABLE_SCHEMA` not in ('mysql','sys','INFORMATION_SCHEMA','PERFORMANCE_SCHEMA'))) group by `information_schema`.`statistics`.`TABLE_SCHEMA`,`information_schema`.`statistics`.`TABLE_NAME`,`information_schema`.`statistics`.`INDEX_NAME` */;
/*!50001 SET character_set_client      = @saved_cs_client */;
/*!50001 SET character_set_results     = @saved_cs_results */;
/*!50001 SET collation_connection      = @saved_col_connection */;

--
-- Final view structure for view `x$schema_index_statistics`
--

/*!50001 DROP VIEW IF EXISTS `x$schema_index_statistics`*/;
/*!50001 SET @saved_cs_client          = @@character_set_client */;
/*!50001 SET @saved_cs_results         = @@character_set_results */;
/*!50001 SET @saved_col_connection     = @@collation_connection */;
/*!50001 SET character_set_client      = utf8mb4 */;
/*!50001 SET character_set_results     = utf8mb4 */;
/*!50001 SET collation_connection      = utf8mb4_0900_ai_ci */;
/*!50001 CREATE ALGORITHM=MERGE */
/*!50013 DEFINER=`mysql.sys`@`localhost` SQL SECURITY INVOKER */
/*!50001 VIEW `x$schema_index_statistics` (`table_schema`,`table_name`,`index_name`,`rows_selected`,`select_latency`,`rows_inserted`,`insert_latency`,`rows_updated`,`update_latency`,`rows_deleted`,`delete_latency`) AS select `performance_schema`.`table_io_waits_summary_by_index_usage`.`OBJECT_SCHEMA` AS `table_schema`,`performance_schema`.`table_io_waits_summary_by_index_usage`.`OBJECT_NAME` AS `table_name`,`performance_schema`.`table_io_waits_summary_by_index_usage`.`INDEX_NAME` AS `index_name`,`performance_schema`.`table_io_waits_summary_by_index_usage`.`COUNT_FETCH` AS `rows_selected`,`performance_schema`.`table_io_waits_summary_by_index_usage`.`SUM_TIMER_FETCH` AS `select_latency`,`performance_schema`.`table_io_waits_summary_by_index_usage`.`COUNT_INSERT` AS `rows_inserted`,`performance_schema`.`table_io_waits_summary_by_index_usage`.`SUM_TIMER_INSERT` AS `insert_latency`,`performance_schema`.`table_io_waits_summary_by_index_usage`.`COUNT_UPDATE` AS `rows_updated`,`performance_schema`.`table_io_waits_summary_by_index_usage`.`SUM_TIMER_UPDATE` AS `update_latency`,`performance_schema`.`table_io_waits_summary_by_index_usage`.`COUNT_DELETE` AS `rows_deleted`,`performance_schema`.`table_io_waits_summary_by_index_usage`.`SUM_TIMER_DELETE` AS `delete_latency` from `performance_schema`.`table_io_waits_summary_by_index_usage` where (`performance_schema`.`table_io_waits_summary_by_index_usage`.`INDEX_NAME` is not null) order by `performance_schema`.`table_io_waits_summary_by_index_usage`.`SUM_TIMER_WAIT` desc */;
/*!50001 SET character_set_client      = @saved_cs_client */;
/*!50001 SET character_set_results     = @saved_cs_results */;
/*!50001 SET collation_connection      = @saved_col_connection */;

--
-- Final view structure for view `x$schema_table_lock_waits`
--

/*!50001 DROP VIEW IF EXISTS `x$schema_table_lock_waits`*/;
/*!50001 SET @saved_cs_client          = @@character_set_client */;
/*!50001 SET @saved_cs_results         = @@character_set_results */;
/*!50001 SET @saved_col_connection     = @@collation_connection */;
/*!50001 SET character_set_client      = utf8mb4 */;
/*!50001 SET character_set_results     = utf8mb4 */;
/*!50001 SET collation_connection      = utf8mb4_0900_ai_ci */;
/*!50001 CREATE ALGORITHM=TEMPTABLE */
/*!50013 DEFINER=`mysql.sys`@`localhost` SQL SECURITY INVOKER */
/*!50001 VIEW `x$schema_table_lock_waits` (`object_schema`,`object_name`,`waiting_thread_id`,`waiting_pid`,`waiting_account`,`waiting_lock_type`,`waiting_lock_duration`,`waiting_query`,`waiting_query_secs`,`waiting_query_rows_affected`,`waiting_query_rows_examined`,`blocking_thread_id`,`blocking_pid`,`blocking_account`,`blocking_lock_type`,`blocking_lock_duration`,`sql_kill_blocking_query`,`sql_kill_blocking_connection`) AS select `g`.`OBJECT_SCHEMA` AS `object_schema`,`g`.`OBJECT_NAME` AS `object_name`,`pt`.`THREAD_ID` AS `waiting_thread_id`,`pt`.`PROCESSLIST_ID` AS `waiting_pid`,`sys`.`ps_thread_account`(`p`.`OWNER_THREAD_ID`) AS `waiting_account`,`p`.`LOCK_TYPE` AS `waiting_lock_type`,`p`.`LOCK_DURATION` AS `waiting_lock_duration`,`pt`.`PROCESSLIST_INFO` AS `waiting_query`,`pt`.`PROCESSLIST_TIME` AS `waiting_query_secs`,`ps`.`ROWS_AFFECTED` AS `waiting_query_rows_affected`,`ps`.`ROWS_EXAMINED` AS `waiting_query_rows_examined`,`gt`.`THREAD_ID` AS `blocking_thread_id`,`gt`.`PROCESSLIST_ID` AS `blocking_pid`,`sys`.`ps_thread_account`(`g`.`OWNER_THREAD_ID`) AS `blocking_account`,`g`.`LOCK_TYPE` AS `blocking_lock_type`,`g`.`LOCK_DURATION` AS `blocking_lock_duration`,concat('KILL QUERY ',`gt`.`PROCESSLIST_ID`) AS `sql_kill_blocking_query`,concat('KILL ',`gt`.`PROCESSLIST_ID`) AS `sql_kill_blocking_connection` from (((((`performance_schema`.`metadata_locks` `g` join `performance_schema`.`metadata_locks` `p` on(((`g`.`OBJECT_TYPE` = `p`.`OBJECT_TYPE`) and (`g`.`OBJECT_SCHEMA` = `p`.`OBJECT_SCHEMA`) and (`g`.`OBJECT_NAME` = `p`.`OBJECT_NAME`) and (`g`.`LOCK_STATUS` = 'GRANTED') and (`p`.`LOCK_STATUS` = 'PENDING')))) join `performance_schema`.`threads` `gt` on((`g`.`OWNER_THREAD_ID` = `gt`.`THREAD_ID`))) join `performance_schema`.`threads` `pt` on((`p`.`OWNER_THREAD_ID` = `pt`.`THREAD_ID`))) left join `performance_schema`.`events_statements_current` `gs` on((`g`.`OWNER_THREAD_ID` = `gs`.`THREAD_ID`))) left join `performance_schema`.`events_statements_current` `ps` on((`p`.`OWNER_THREAD_ID` = `ps`.`THREAD_ID`))) where (`g`.`OBJECT_TYPE` = 'TABLE') */;
/*!50001 SET character_set_client      = @saved_cs_client */;
/*!50001 SET character_set_results     = @saved_cs_results */;
/*!50001 SET collation_connection      = @saved_col_connection */;

--
-- Final view structure for view `x$schema_table_statistics`
--

/*!50001 DROP VIEW IF EXISTS `x$schema_table_statistics`*/;
/*!50001 SET @saved_cs_client          = @@character_set_client */;
/*!50001 SET @saved_cs_results         = @@character_set_results */;
/*!50001 SET @saved_col_connection     = @@collation_connection */;
/*!50001 SET character_set_client      = utf8mb4 */;
/*!50001 SET character_set_results     = utf8mb4 */;
/*!50001 SET collation_connection      = utf8mb4_0900_ai_ci */;
/*!50001 CREATE ALGORITHM=TEMPTABLE */
/*!50013 DEFINER=`mysql.sys`@`localhost` SQL SECURITY INVOKER */
/*!50001 VIEW `x$schema_table_statistics` (`table_schema`,`table_name`,`total_latency`,`rows_fetched`,`fetch_latency`,`rows_inserted`,`insert_latency`,`rows_updated`,`update_latency`,`rows_deleted`,`delete_latency`,`io_read_requests`,`io_read`,`io_read_latency`,`io_write_requests`,`io_write`,`io_write_latency`,`io_misc_requests`,`io_misc_latency`) AS select `pst`.`OBJECT_SCHEMA` AS `table_schema`,`pst`.`OBJECT_NAME` AS `table_name`,`pst`.`SUM_TIMER_WAIT` AS `total_latency`,`pst`.`COUNT_FETCH` AS `rows_fetched`,`pst`.`SUM_TIMER_FETCH` AS `fetch_latency`,`pst`.`COUNT_INSERT` AS `rows_inserted`,`pst`.`SUM_TIMER_INSERT` AS `insert_latency`,`pst`.`COUNT_UPDATE` AS `rows_updated`,`pst`.`SUM_TIMER_UPDATE` AS `update_latency`,`pst`.`COUNT_DELETE` AS `rows_deleted`,`pst`.`SUM_TIMER_DELETE` AS `delete_latency`,`fsbi`.`count_read` AS `io_read_requests`,`fsbi`.`sum_number_of_bytes_read` AS `io_read`,`fsbi`.`sum_timer_read` AS `io_read_latency`,`fsbi`.`count_write` AS `io_write_requests`,`fsbi`.`sum_number_of_bytes_write` AS `io_write`,`fsbi`.`sum_timer_write` AS `io_write_latency`,`fsbi`.`count_misc` AS `io_misc_requests`,`fsbi`.`sum_timer_misc` AS `io_misc_latency` from (`performance_schema`.`table_io_waits_summary_by_table` `pst` left join `x$ps_schema_table_statistics_io` `fsbi` on(((`pst`.`OBJECT_SCHEMA` = `fsbi`.`table_schema`) and (`pst`.`OBJECT_NAME` = `fsbi`.`table_name`)))) order by `pst`.`SUM_TIMER_WAIT` desc */;
/*!50001 SET character_set_client      = @saved_cs_client */;
/*!50001 SET character_set_results     = @saved_cs_results */;
/*!50001 SET collation_connection      = @saved_col_connection */;

--
-- Final view structure for view `x$schema_table_statistics_with_buffer`
--

/*!50001 DROP VIEW IF EXISTS `x$schema_table_statistics_with_buffer`*/;
/*!50001 SET @saved_cs_client          = @@character_set_client */;
/*!50001 SET @saved_cs_results         = @@character_set_results */;
/*!50001 SET @saved_col_connection     = @@collation_connection */;
/*!50001 SET character_set_client      = utf8mb4 */;
/*!50001 SET character_set_results     = utf8mb4 */;
/*!50001 SET collation_connection      = utf8mb4_0900_ai_ci */;
/*!50001 CREATE ALGORITHM=TEMPTABLE */
/*!50013 DEFINER=`mysql.sys`@`localhost` SQL SECURITY INVOKER */
/*!50001 VIEW `x$schema_table_statistics_with_buffer` (`table_schema`,`table_name`,`rows_fetched`,`fetch_latency`,`rows_inserted`,`insert_latency`,`rows_updated`,`update_latency`,`rows_deleted`,`delete_latency`,`io_read_requests`,`io_read`,`io_read_latency`,`io_write_requests`,`io_write`,`io_write_latency`,`io_misc_requests`,`io_misc_latency`,`innodb_buffer_allocated`,`innodb_buffer_data`,`innodb_buffer_free`,`innodb_buffer_pages`,`innodb_buffer_pages_hashed`,`innodb_buffer_pages_old`,`innodb_buffer_rows_cached`) AS select `pst`.`OBJECT_SCHEMA` AS `table_schema`,`pst`.`OBJECT_NAME` AS `table_name`,`pst`.`COUNT_FETCH` AS `rows_fetched`,`pst`.`SUM_TIMER_FETCH` AS `fetch_latency`,`pst`.`COUNT_INSERT` AS `rows_inserted`,`pst`.`SUM_TIMER_INSERT` AS `insert_latency`,`pst`.`COUNT_UPDATE` AS `rows_updated`,`pst`.`SUM_TIMER_UPDATE` AS `update_latency`,`pst`.`COUNT_DELETE` AS `rows_deleted`,`pst`.`SUM_TIMER_DELETE` AS `delete_latency`,`fsbi`.`count_read` AS `io_read_requests`,`fsbi`.`sum_number_of_bytes_read` AS `io_read`,`fsbi`.`sum_timer_read` AS `io_read_latency`,`fsbi`.`count_write` AS `io_write_requests`,`fsbi`.`sum_number_of_bytes_write` AS `io_write`,`fsbi`.`sum_timer_write` AS `io_write_latency`,`fsbi`.`count_misc` AS `io_misc_requests`,`fsbi`.`sum_timer_misc` AS `io_misc_latency`,`ibp`.`allocated` AS `innodb_buffer_allocated`,`ibp`.`data` AS `innodb_buffer_data`,(`ibp`.`allocated` - `ibp`.`data`) AS `innodb_buffer_free`,`ibp`.`pages` AS `innodb_buffer_pages`,`ibp`.`pages_hashed` AS `innodb_buffer_pages_hashed`,`ibp`.`pages_old` AS `innodb_buffer_pages_old`,`ibp`.`rows_cached` AS `innodb_buffer_rows_cached` from ((`performance_schema`.`table_io_waits_summary_by_table` `pst` left join `x$ps_schema_table_statistics_io` `fsbi` on(((`pst`.`OBJECT_SCHEMA` = `fsbi`.`table_schema`) and (`pst`.`OBJECT_NAME` = `fsbi`.`table_name`)))) left join `x$innodb_buffer_stats_by_table` `ibp` on(((`pst`.`OBJECT_SCHEMA` = `ibp`.`object_schema`) and (`pst`.`OBJECT_NAME` = `ibp`.`object_name`)))) order by `pst`.`SUM_TIMER_WAIT` desc */;
/*!50001 SET character_set_client      = @saved_cs_client */;
/*!50001 SET character_set_results     = @saved_cs_results */;
/*!50001 SET collation_connection      = @saved_col_connection */;

--
-- Final view structure for view `x$schema_tables_with_full_table_scans`
--

/*!50001 DROP VIEW IF EXISTS `x$schema_tables_with_full_table_scans`*/;
/*!50001 SET @saved_cs_client          = @@character_set_client */;
/*!50001 SET @saved_cs_results         = @@character_set_results */;
/*!50001 SET @saved_col_connection     = @@collation_connection */;
/*!50001 SET character_set_client      = utf8mb4 */;
/*!50001 SET character_set_results     = utf8mb4 */;
/*!50001 SET collation_connection      = utf8mb4_0900_ai_ci */;
/*!50001 CREATE ALGORITHM=MERGE */
/*!50013 DEFINER=`mysql.sys`@`localhost` SQL SECURITY INVOKER */
/*!50001 VIEW `x$schema_tables_with_full_table_scans` (`object_schema`,`object_name`,`rows_full_scanned`,`latency`) AS select `performance_schema`.`table_io_waits_summary_by_index_usage`.`OBJECT_SCHEMA` AS `object_schema`,`performance_schema`.`table_io_waits_summary_by_index_usage`.`OBJECT_NAME` AS `object_name`,`performance_schema`.`table_io_waits_summary_by_index_usage`.`COUNT_READ` AS `rows_full_scanned`,`performance_schema`.`table_io_waits_summary_by_index_usage`.`SUM_TIMER_WAIT` AS `latency` from `performance_schema`.`table_io_waits_summary_by_index_usage` where ((`performance_schema`.`table_io_waits_summary_by_index_usage`.`INDEX_NAME` is null) and (`performance_schema`.`table_io_waits_summary_by_index_usage`.`COUNT_READ` > 0)) order by `performance_schema`.`table_io_waits_summary_by_index_usage`.`COUNT_READ` desc */;
/*!50001 SET character_set_client      = @saved_cs_client */;
/*!50001 SET character_set_results     = @saved_cs_results */;
/*!50001 SET collation_connection      = @saved_col_connection */;

--
-- Final view structure for view `x$session`
--

/*!50001 DROP VIEW IF EXISTS `x$session`*/;
/*!50001 SET @saved_cs_client          = @@character_set_client */;
/*!50001 SET @saved_cs_results         = @@character_set_results */;
/*!50001 SET @saved_col_connection     = @@collation_connection */;
/*!50001 SET character_set_client      = utf8mb4 */;
/*!50001 SET character_set_results     = utf8mb4 */;
/*!50001 SET collation_connection      = utf8mb4_0900_ai_ci */;
/*!50001 CREATE ALGORITHM=UNDEFINED */
/*!50013 DEFINER=`mysql.sys`@`localhost` SQL SECURITY INVOKER */
/*!50001 VIEW `x$session` AS select `x$processlist`.`thd_id` AS `thd_id`,`x$processlist`.`conn_id` AS `conn_id`,`x$processlist`.`user` AS `user`,`x$processlist`.`db` AS `db`,`x$processlist`.`command` AS `command`,`x$processlist`.`state` AS `state`,`x$processlist`.`time` AS `time`,`x$processlist`.`current_statement` AS `current_statement`,`x$processlist`.`execution_engine` AS `execution_engine`,`x$processlist`.`statement_latency` AS `statement_latency`,`x$processlist`.`progress` AS `progress`,`x$processlist`.`lock_latency` AS `lock_latency`,`x$processlist`.`cpu_latency` AS `cpu_latency`,`x$processlist`.`rows_examined` AS `rows_examined`,`x$processlist`.`rows_sent` AS `rows_sent`,`x$processlist`.`rows_affected` AS `rows_affected`,`x$processlist`.`tmp_tables` AS `tmp_tables`,`x$processlist`.`tmp_disk_tables` AS `tmp_disk_tables`,`x$processlist`.`full_scan` AS `full_scan`,`x$processlist`.`last_statement` AS `last_statement`,`x$processlist`.`last_statement_latency` AS `last_statement_latency`,`x$processlist`.`current_memory` AS `current_memory`,`x$processlist`.`last_wait` AS `last_wait`,`x$processlist`.`last_wait_latency` AS `last_wait_latency`,`x$processlist`.`source` AS `source`,`x$processlist`.`trx_latency` AS `trx_latency`,`x$processlist`.`trx_state` AS `trx_state`,`x$processlist`.`trx_autocommit` AS `trx_autocommit`,`x$processlist`.`pid` AS `pid`,`x$processlist`.`program_name` AS `program_name` from `x$processlist` where ((`x$processlist`.`conn_id` is not null) and (`x$processlist`.`command` <> 'Daemon')) */;
/*!50001 SET character_set_client      = @saved_cs_client */;
/*!50001 SET character_set_results     = @saved_cs_results */;
/*!50001 SET collation_connection      = @saved_col_connection */;

--
-- Final view structure for view `x$statement_analysis`
--

/*!50001 DROP VIEW IF EXISTS `x$statement_analysis`*/;
/*!50001 SET @saved_cs_client          = @@character_set_client */;
/*!50001 SET @saved_cs_results         = @@character_set_results */;
/*!50001 SET @saved_col_connection     = @@collation_connection */;
/*!50001 SET character_set_client      = utf8mb4 */;
/*!50001 SET character_set_results     = utf8mb4 */;
/*!50001 SET collation_connection      = utf8mb4_0900_ai_ci */;
/*!50001 CREATE ALGORITHM=MERGE */
/*!50013 DEFINER=`mysql.sys`@`localhost` SQL SECURITY INVOKER */
/*!50001 VIEW `x$statement_analysis` (`query`,`db`,`full_scan`,`exec_count`,`exec_secondary_count`,`err_count`,`warn_count`,`total_latency`,`max_latency`,`avg_latency`,`lock_latency`,`cpu_latency`,`rows_sent`,`rows_sent_avg`,`rows_examined`,`rows_examined_avg`,`rows_affected`,`rows_affected_avg`,`tmp_tables`,`tmp_disk_tables`,`rows_sorted`,`sort_merge_passes`,`max_controlled_memory`,`max_total_memory`,`digest`,`first_seen`,`last_seen`) AS select `performance_schema`.`events_statements_summary_by_digest`.`DIGEST_TEXT` AS `query`,`performance_schema`.`events_statements_summary_by_digest`.`SCHEMA_NAME` AS `db`,if(((`performance_schema`.`events_statements_summary_by_digest`.`SUM_NO_GOOD_INDEX_USED` > 0) or (`performance_schema`.`events_statements_summary_by_digest`.`SUM_NO_INDEX_USED` > 0)),'*','') AS `full_scan`,`performance_schema`.`events_statements_summary_by_digest`.`COUNT_STAR` AS `exec_count`,`performance_schema`.`events_statements_summary_by_digest`.`COUNT_SECONDARY` AS `exec_secondary_count`,`performance_schema`.`events_statements_summary_by_digest`.`SUM_ERRORS` AS `err_count`,`performance_schema`.`events_statements_summary_by_digest`.`SUM_WARNINGS` AS `warn_count`,`performance_schema`.`events_statements_summary_by_digest`.`SUM_TIMER_WAIT` AS `total_latency`,`performance_schema`.`events_statements_summary_by_digest`.`MAX_TIMER_WAIT` AS `max_latency`,`performance_schema`.`events_statements_summary_by_digest`.`AVG_TIMER_WAIT` AS `avg_latency`,`performance_schema`.`events_statements_summary_by_digest`.`SUM_LOCK_TIME` AS `lock_latency`,`performance_schema`.`events_statements_summary_by_digest`.`SUM_CPU_TIME` AS `cpu_latency`,`performance_schema`.`events_statements_summary_by_digest`.`SUM_ROWS_SENT` AS `rows_sent`,round(ifnull((`performance_schema`.`events_statements_summary_by_digest`.`SUM_ROWS_SENT` / nullif(`performance_schema`.`events_statements_summary_by_digest`.`COUNT_STAR`,0)),0),0) AS `rows_sent_avg`,`performance_schema`.`events_statements_summary_by_digest`.`SUM_ROWS_EXAMINED` AS `rows_examined`,round(ifnull((`performance_schema`.`events_statements_summary_by_digest`.`SUM_ROWS_EXAMINED` / nullif(`performance_schema`.`events_statements_summary_by_digest`.`COUNT_STAR`,0)),0),0) AS `rows_examined_avg`,`performance_schema`.`events_statements_summary_by_digest`.`SUM_ROWS_AFFECTED` AS `rows_affected`,round(ifnull((`performance_schema`.`events_statements_summary_by_digest`.`SUM_ROWS_AFFECTED` / nullif(`performance_schema`.`events_statements_summary_by_digest`.`COUNT_STAR`,0)),0),0) AS `rows_affected_avg`,`performance_schema`.`events_statements_summary_by_digest`.`SUM_CREATED_TMP_TABLES` AS `tmp_tables`,`performance_schema`.`events_statements_summary_by_digest`.`SUM_CREATED_TMP_DISK_TABLES` AS `tmp_disk_tables`,`performance_schema`.`events_statements_summary_by_digest`.`SUM_SORT_ROWS` AS `rows_sorted`,`performance_schema`.`events_statements_summary_by_digest`.`SUM_SORT_MERGE_PASSES` AS `sort_merge_passes`,`performance_schema`.`events_statements_summary_by_digest`.`MAX_CONTROLLED_MEMORY` AS `max_controlled_memory`,`performance_schema`.`events_statements_summary_by_digest`.`MAX_TOTAL_MEMORY` AS `max_total_memory`,`performance_schema`.`events_statements_summary_by_digest`.`DIGEST` AS `digest`,`performance_schema`.`events_statements_summary_by_digest`.`FIRST_SEEN` AS `first_seen`,`performance_schema`.`events_statements_summary_by_digest`.`LAST_SEEN` AS `last_seen` from `performance_schema`.`events_statements_summary_by_digest` order by `performance_schema`.`events_statements_summary_by_digest`.`SUM_TIMER_WAIT` desc */;
/*!50001 SET character_set_client      = @saved_cs_client */;
/*!50001 SET character_set_results     = @saved_cs_results */;
/*!50001 SET collation_connection      = @saved_col_connection */;

--
-- Final view structure for view `x$statements_with_errors_or_warnings`
--

/*!50001 DROP VIEW IF EXISTS `x$statements_with_errors_or_warnings`*/;
/*!50001 SET @saved_cs_client          = @@character_set_client */;
/*!50001 SET @saved_cs_results         = @@character_set_results */;
/*!50001 SET @saved_col_connection     = @@collation_connection */;
/*!50001 SET character_set_client      = utf8mb4 */;
/*!50001 SET character_set_results     = utf8mb4 */;
/*!50001 SET collation_connection      = utf8mb4_0900_ai_ci */;
/*!50001 CREATE ALGORITHM=MERGE */
/*!50013 DEFINER=`mysql.sys`@`localhost` SQL SECURITY INVOKER */
/*!50001 VIEW `x$statements_with_errors_or_warnings` (`query`,`db`,`exec_count`,`errors`,`error_pct`,`warnings`,`warning_pct`,`first_seen`,`last_seen`,`digest`) AS select `performance_schema`.`events_statements_summary_by_digest`.`DIGEST_TEXT` AS `query`,`performance_schema`.`events_statements_summary_by_digest`.`SCHEMA_NAME` AS `db`,`performance_schema`.`events_statements_summary_by_digest`.`COUNT_STAR` AS `exec_count`,`performance_schema`.`events_statements_summary_by_digest`.`SUM_ERRORS` AS `errors`,(ifnull((`performance_schema`.`events_statements_summary_by_digest`.`SUM_ERRORS` / nullif(`performance_schema`.`events_statements_summary_by_digest`.`COUNT_STAR`,0)),0) * 100) AS `error_pct`,`performance_schema`.`events_statements_summary_by_digest`.`SUM_WARNINGS` AS `warnings`,(ifnull((`performance_schema`.`events_statements_summary_by_digest`.`SUM_WARNINGS` / nullif(`performance_schema`.`events_statements_summary_by_digest`.`COUNT_STAR`,0)),0) * 100) AS `warning_pct`,`performance_schema`.`events_statements_summary_by_digest`.`FIRST_SEEN` AS `first_seen`,`performance_schema`.`events_statements_summary_by_digest`.`LAST_SEEN` AS `last_seen`,`performance_schema`.`events_statements_summary_by_digest`.`DIGEST` AS `digest` from `performance_schema`.`events_statements_summary_by_digest` where ((`performance_schema`.`events_statements_summary_by_digest`.`SUM_ERRORS` > 0) or (`performance_schema`.`events_statements_summary_by_digest`.`SUM_WARNINGS` > 0)) order by `performance_schema`.`events_statements_summary_by_digest`.`SUM_ERRORS` desc,`performance_schema`.`events_statements_summary_by_digest`.`SUM_WARNINGS` desc */;
/*!50001 SET character_set_client      = @saved_cs_client */;
/*!50001 SET character_set_results     = @saved_cs_results */;
/*!50001 SET collation_connection      = @saved_col_connection */;

--
-- Final view structure for view `x$statements_with_full_table_scans`
--

/*!50001 DROP VIEW IF EXISTS `x$statements_with_full_table_scans`*/;
/*!50001 SET @saved_cs_client          = @@character_set_client */;
/*!50001 SET @saved_cs_results         = @@character_set_results */;
/*!50001 SET @saved_col_connection     = @@collation_connection */;
/*!50001 SET character_set_client      = utf8mb4 */;
/*!50001 SET character_set_results     = utf8mb4 */;
/*!50001 SET collation_connection      = utf8mb4_0900_ai_ci */;
/*!50001 CREATE ALGORITHM=MERGE */
/*!50013 DEFINER=`mysql.sys`@`localhost` SQL SECURITY INVOKER */
/*!50001 VIEW `x$statements_with_full_table_scans` (`query`,`db`,`exec_count`,`total_latency`,`no_index_used_count`,`no_good_index_used_count`,`no_index_used_pct`,`rows_sent`,`rows_examined`,`rows_sent_avg`,`rows_examined_avg`,`first_seen`,`last_seen`,`digest`) AS select `performance_schema`.`events_statements_summary_by_digest`.`DIGEST_TEXT` AS `query`,`performance_schema`.`events_statements_summary_by_digest`.`SCHEMA_NAME` AS `db`,`performance_schema`.`events_statements_summary_by_digest`.`COUNT_STAR` AS `exec_count`,`performance_schema`.`events_statements_summary_by_digest`.`SUM_TIMER_WAIT` AS `total_latency`,`performance_schema`.`events_statements_summary_by_digest`.`SUM_NO_INDEX_USED` AS `no_index_used_count`,`performance_schema`.`events_statements_summary_by_digest`.`SUM_NO_GOOD_INDEX_USED` AS `no_good_index_used_count`,round((ifnull((`performance_schema`.`events_statements_summary_by_digest`.`SUM_NO_INDEX_USED` / nullif(`performance_schema`.`events_statements_summary_by_digest`.`COUNT_STAR`,0)),0) * 100),0) AS `no_index_used_pct`,`performance_schema`.`events_statements_summary_by_digest`.`SUM_ROWS_SENT` AS `rows_sent`,`performance_schema`.`events_statements_summary_by_digest`.`SUM_ROWS_EXAMINED` AS `rows_examined`,round((`performance_schema`.`events_statements_summary_by_digest`.`SUM_ROWS_SENT` / `performance_schema`.`events_statements_summary_by_digest`.`COUNT_STAR`),0) AS `rows_sent_avg`,round((`performance_schema`.`events_statements_summary_by_digest`.`SUM_ROWS_EXAMINED` / `performance_schema`.`events_statements_summary_by_digest`.`COUNT_STAR`),0) AS `rows_examined_avg`,`performance_schema`.`events_statements_summary_by_digest`.`FIRST_SEEN` AS `first_seen`,`performance_schema`.`events_statements_summary_by_digest`.`LAST_SEEN` AS `last_seen`,`performance_schema`.`events_statements_summary_by_digest`.`DIGEST` AS `digest` from `performance_schema`.`events_statements_summary_by_digest` where (((`performance_schema`.`events_statements_summary_by_digest`.`SUM_NO_INDEX_USED` > 0) or (`performance_schema`.`events_statements_summary_by_digest`.`SUM_NO_GOOD_INDEX_USED` > 0)) and (not((`performance_schema`.`events_statements_summary_by_digest`.`DIGEST_TEXT` like 'SHOW%')))) order by round((ifnull((`performance_schema`.`events_statements_summary_by_digest`.`SUM_NO_INDEX_USED` / nullif(`performance_schema`.`events_statements_summary_by_digest`.`COUNT_STAR`,0)),0) * 100),0) desc,`performance_schema`.`events_statements_summary_by_digest`.`SUM_TIMER_WAIT` desc */;
/*!50001 SET character_set_client      = @saved_cs_client */;
/*!50001 SET character_set_results     = @saved_cs_results */;
/*!50001 SET collation_connection      = @saved_col_connection */;

--
-- Final view structure for view `x$statements_with_runtimes_in_95th_percentile`
--

/*!50001 DROP VIEW IF EXISTS `x$statements_with_runtimes_in_95th_percentile`*/;
/*!50001 SET @saved_cs_client          = @@character_set_client */;
/*!50001 SET @saved_cs_results         = @@character_set_results */;
/*!50001 SET @saved_col_connection     = @@collation_connection */;
/*!50001 SET character_set_client      = utf8mb4 */;
/*!50001 SET character_set_results     = utf8mb4 */;
/*!50001 SET collation_connection      = utf8mb4_0900_ai_ci */;
/*!50001 CREATE ALGORITHM=MERGE */
/*!50013 DEFINER=`mysql.sys`@`localhost` SQL SECURITY INVOKER */
/*!50001 VIEW `x$statements_with_runtimes_in_95th_percentile` (`query`,`db`,`full_scan`,`exec_count`,`err_count`,`warn_count`,`total_latency`,`max_latency`,`avg_latency`,`rows_sent`,`rows_sent_avg`,`rows_examined`,`rows_examined_avg`,`first_seen`,`last_seen`,`digest`) AS select `stmts`.`DIGEST_TEXT` AS `query`,`stmts`.`SCHEMA_NAME` AS `db`,if(((`stmts`.`SUM_NO_GOOD_INDEX_USED` > 0) or (`stmts`.`SUM_NO_INDEX_USED` > 0)),'*','') AS `full_scan`,`stmts`.`COUNT_STAR` AS `exec_count`,`stmts`.`SUM_ERRORS` AS `err_count`,`stmts`.`SUM_WARNINGS` AS `warn_count`,`stmts`.`SUM_TIMER_WAIT` AS `total_latency`,`stmts`.`MAX_TIMER_WAIT` AS `max_latency`,`stmts`.`AVG_TIMER_WAIT` AS `avg_latency`,`stmts`.`SUM_ROWS_SENT` AS `rows_sent`,round(ifnull((`stmts`.`SUM_ROWS_SENT` / nullif(`stmts`.`COUNT_STAR`,0)),0),0) AS `rows_sent_avg`,`stmts`.`SUM_ROWS_EXAMINED` AS `rows_examined`,round(ifnull((`stmts`.`SUM_ROWS_EXAMINED` / nullif(`stmts`.`COUNT_STAR`,0)),0),0) AS `rows_examined_avg`,`stmts`.`FIRST_SEEN` AS `first_seen`,`stmts`.`LAST_SEEN` AS `last_seen`,`stmts`.`DIGEST` AS `digest` from (`performance_schema`.`events_statements_summary_by_digest` `stmts` join `x$ps_digest_95th_percentile_by_avg_us` `top_percentile` on((round((`stmts`.`AVG_TIMER_WAIT` / 1000000),0) >= `top_percentile`.`avg_us`))) order by `stmts`.`AVG_TIMER_WAIT` desc */;
/*!50001 SET character_set_client      = @saved_cs_client */;
/*!50001 SET character_set_results     = @saved_cs_results */;
/*!50001 SET collation_connection      = @saved_col_connection */;

--
-- Final view structure for view `x$statements_with_sorting`
--

/*!50001 DROP VIEW IF EXISTS `x$statements_with_sorting`*/;
/*!50001 SET @saved_cs_client          = @@character_set_client */;
/*!50001 SET @saved_cs_results         = @@character_set_results */;
/*!50001 SET @saved_col_connection     = @@collation_connection */;
/*!50001 SET character_set_client      = utf8mb4 */;
/*!50001 SET character_set_results     = utf8mb4 */;
/*!50001 SET collation_connection      = utf8mb4_0900_ai_ci */;
/*!50001 CREATE ALGORITHM=MERGE */
/*!50013 DEFINER=`mysql.sys`@`localhost` SQL SECURITY INVOKER */
/*!50001 VIEW `x$statements_with_sorting` (`query`,`db`,`exec_count`,`total_latency`,`sort_merge_passes`,`avg_sort_merges`,`sorts_using_scans`,`sort_using_range`,`rows_sorted`,`avg_rows_sorted`,`first_seen`,`last_seen`,`digest`) AS select `performance_schema`.`events_statements_summary_by_digest`.`DIGEST_TEXT` AS `query`,`performance_schema`.`events_statements_summary_by_digest`.`SCHEMA_NAME` AS `db`,`performance_schema`.`events_statements_summary_by_digest`.`COUNT_STAR` AS `exec_count`,`performance_schema`.`events_statements_summary_by_digest`.`SUM_TIMER_WAIT` AS `total_latency`,`performance_schema`.`events_statements_summary_by_digest`.`SUM_SORT_MERGE_PASSES` AS `sort_merge_passes`,round(ifnull((`performance_schema`.`events_statements_summary_by_digest`.`SUM_SORT_MERGE_PASSES` / nullif(`performance_schema`.`events_statements_summary_by_digest`.`COUNT_STAR`,0)),0),0) AS `avg_sort_merges`,`performance_schema`.`events_statements_summary_by_digest`.`SUM_SORT_SCAN` AS `sorts_using_scans`,`performance_schema`.`events_statements_summary_by_digest`.`SUM_SORT_RANGE` AS `sort_using_range`,`performance_schema`.`events_statements_summary_by_digest`.`SUM_SORT_ROWS` AS `rows_sorted`,round(ifnull((`performance_schema`.`events_statements_summary_by_digest`.`SUM_SORT_ROWS` / nullif(`performance_schema`.`events_statements_summary_by_digest`.`COUNT_STAR`,0)),0),0) AS `avg_rows_sorted`,`performance_schema`.`events_statements_summary_by_digest`.`FIRST_SEEN` AS `first_seen`,`performance_schema`.`events_statements_summary_by_digest`.`LAST_SEEN` AS `last_seen`,`performance_schema`.`events_statements_summary_by_digest`.`DIGEST` AS `digest` from `performance_schema`.`events_statements_summary_by_digest` where (`performance_schema`.`events_statements_summary_by_digest`.`SUM_SORT_ROWS` > 0) order by `performance_schema`.`events_statements_summary_by_digest`.`SUM_TIMER_WAIT` desc */;
/*!50001 SET character_set_client      = @saved_cs_client */;
/*!50001 SET character_set_results     = @saved_cs_results */;
/*!50001 SET collation_connection      = @saved_col_connection */;

--
-- Final view structure for view `x$statements_with_temp_tables`
--

/*!50001 DROP VIEW IF EXISTS `x$statements_with_temp_tables`*/;
/*!50001 SET @saved_cs_client          = @@character_set_client */;
/*!50001 SET @saved_cs_results         = @@character_set_results */;
/*!50001 SET @saved_col_connection     = @@collation_connection */;
/*!50001 SET character_set_client      = utf8mb4 */;
/*!50001 SET character_set_results     = utf8mb4 */;
/*!50001 SET collation_connection      = utf8mb4_0900_ai_ci */;
/*!50001 CREATE ALGORITHM=MERGE */
/*!50013 DEFINER=`mysql.sys`@`localhost` SQL SECURITY INVOKER */
/*!50001 VIEW `x$statements_with_temp_tables` (`query`,`db`,`exec_count`,`total_latency`,`memory_tmp_tables`,`disk_tmp_tables`,`avg_tmp_tables_per_query`,`tmp_tables_to_disk_pct`,`first_seen`,`last_seen`,`digest`) AS select `performance_schema`.`events_statements_summary_by_digest`.`DIGEST_TEXT` AS `query`,`performance_schema`.`events_statements_summary_by_digest`.`SCHEMA_NAME` AS `db`,`performance_schema`.`events_statements_summary_by_digest`.`COUNT_STAR` AS `exec_count`,`performance_schema`.`events_statements_summary_by_digest`.`SUM_TIMER_WAIT` AS `total_latency`,`performance_schema`.`events_statements_summary_by_digest`.`SUM_CREATED_TMP_TABLES` AS `memory_tmp_tables`,`performance_schema`.`events_statements_summary_by_digest`.`SUM_CREATED_TMP_DISK_TABLES` AS `disk_tmp_tables`,round(ifnull((`performance_schema`.`events_statements_summary_by_digest`.`SUM_CREATED_TMP_TABLES` / nullif(`performance_schema`.`events_statements_summary_by_digest`.`COUNT_STAR`,0)),0),0) AS `avg_tmp_tables_per_query`,round((ifnull((`performance_schema`.`events_statements_summary_by_digest`.`SUM_CREATED_TMP_DISK_TABLES` / nullif(`performance_schema`.`events_statements_summary_by_digest`.`SUM_CREATED_TMP_TABLES`,0)),0) * 100),0) AS `tmp_tables_to_disk_pct`,`performance_schema`.`events_statements_summary_by_digest`.`FIRST_SEEN` AS `first_seen`,`performance_schema`.`events_statements_summary_by_digest`.`LAST_SEEN` AS `last_seen`,`performance_schema`.`events_statements_summary_by_digest`.`DIGEST` AS `digest` from `performance_schema`.`events_statements_summary_by_digest` where (`performance_schema`.`events_statements_summary_by_digest`.`SUM_CREATED_TMP_TABLES` > 0) order by `performance_schema`.`events_statements_summary_by_digest`.`SUM_CREATED_TMP_DISK_TABLES` desc,`performance_schema`.`events_statements_summary_by_digest`.`SUM_CREATED_TMP_TABLES` desc */;
/*!50001 SET character_set_client      = @saved_cs_client */;
/*!50001 SET character_set_results     = @saved_cs_results */;
/*!50001 SET collation_connection      = @saved_col_connection */;

--
-- Final view structure for view `x$user_summary`
--

/*!50001 DROP VIEW IF EXISTS `x$user_summary`*/;
/*!50001 SET @saved_cs_client          = @@character_set_client */;
/*!50001 SET @saved_cs_results         = @@character_set_results */;
/*!50001 SET @saved_col_connection     = @@collation_connection */;
/*!50001 SET character_set_client      = utf8mb4 */;
/*!50001 SET character_set_results     = utf8mb4 */;
/*!50001 SET collation_connection      = utf8mb4_0900_ai_ci */;
/*!50001 CREATE ALGORITHM=TEMPTABLE */
/*!50013 DEFINER=`mysql.sys`@`localhost` SQL SECURITY INVOKER */
/*!50001 VIEW `x$user_summary` (`user`,`statements`,`statement_latency`,`statement_avg_latency`,`table_scans`,`file_ios`,`file_io_latency`,`current_connections`,`total_connections`,`unique_hosts`,`current_memory`,`total_memory_allocated`) AS select if((`performance_schema`.`accounts`.`USER` is null),'background',`performance_schema`.`accounts`.`USER`) AS `user`,sum(`stmt`.`total`) AS `statements`,sum(`stmt`.`total_latency`) AS `statement_latency`,ifnull((sum(`stmt`.`total_latency`) / nullif(sum(`stmt`.`total`),0)),0) AS `statement_avg_latency`,sum(`stmt`.`full_scans`) AS `table_scans`,sum(`io`.`ios`) AS `file_ios`,sum(`io`.`io_latency`) AS `file_io_latency`,sum(`performance_schema`.`accounts`.`CURRENT_CONNECTIONS`) AS `current_connections`,sum(`performance_schema`.`accounts`.`TOTAL_CONNECTIONS`) AS `total_connections`,count(distinct `performance_schema`.`accounts`.`HOST`) AS `unique_hosts`,sum(`mem`.`current_allocated`) AS `current_memory`,sum(`mem`.`total_allocated`) AS `total_memory_allocated` from (((`performance_schema`.`accounts` left join `x$user_summary_by_statement_latency` `stmt` on((if((`performance_schema`.`accounts`.`USER` is null),'background',`performance_schema`.`accounts`.`USER`) = `stmt`.`user`))) left join `x$user_summary_by_file_io` `io` on((if((`performance_schema`.`accounts`.`USER` is null),'background',`performance_schema`.`accounts`.`USER`) = `io`.`user`))) left join `x$memory_by_user_by_current_bytes` `mem` on((if((`performance_schema`.`accounts`.`USER` is null),'background',`performance_schema`.`accounts`.`USER`) = `mem`.`user`))) group by if((`performance_schema`.`accounts`.`USER` is null),'background',`performance_schema`.`accounts`.`USER`) order by sum(`stmt`.`total_latency`) desc */;
/*!50001 SET character_set_client      = @saved_cs_client */;
/*!50001 SET character_set_results     = @saved_cs_results */;
/*!50001 SET collation_connection      = @saved_col_connection */;

--
-- Final view structure for view `x$user_summary_by_file_io`
--

/*!50001 DROP VIEW IF EXISTS `x$user_summary_by_file_io`*/;
/*!50001 SET @saved_cs_client          = @@character_set_client */;
/*!50001 SET @saved_cs_results         = @@character_set_results */;
/*!50001 SET @saved_col_connection     = @@collation_connection */;
/*!50001 SET character_set_client      = utf8mb4 */;
/*!50001 SET character_set_results     = utf8mb4 */;
/*!50001 SET collation_connection      = utf8mb4_0900_ai_ci */;
/*!50001 CREATE ALGORITHM=TEMPTABLE */
/*!50013 DEFINER=`mysql.sys`@`localhost` SQL SECURITY INVOKER */
/*!50001 VIEW `x$user_summary_by_file_io` (`user`,`ios`,`io_latency`) AS select if((`performance_schema`.`events_waits_summary_by_user_by_event_name`.`USER` is null),'background',`performance_schema`.`events_waits_summary_by_user_by_event_name`.`USER`) AS `user`,sum(`performance_schema`.`events_waits_summary_by_user_by_event_name`.`COUNT_STAR`) AS `ios`,sum(`performance_schema`.`events_waits_summary_by_user_by_event_name`.`SUM_TIMER_WAIT`) AS `io_latency` from `performance_schema`.`events_waits_summary_by_user_by_event_name` where (`performance_schema`.`events_waits_summary_by_user_by_event_name`.`EVENT_NAME` like 'wait/io/file/%') group by if((`performance_schema`.`events_waits_summary_by_user_by_event_name`.`USER` is null),'background',`performance_schema`.`events_waits_summary_by_user_by_event_name`.`USER`) order by sum(`performance_schema`.`events_waits_summary_by_user_by_event_name`.`SUM_TIMER_WAIT`) desc */;
/*!50001 SET character_set_client      = @saved_cs_client */;
/*!50001 SET character_set_results     = @saved_cs_results */;
/*!50001 SET collation_connection      = @saved_col_connection */;

--
-- Final view structure for view `x$user_summary_by_file_io_type`
--

/*!50001 DROP VIEW IF EXISTS `x$user_summary_by_file_io_type`*/;
/*!50001 SET @saved_cs_client          = @@character_set_client */;
/*!50001 SET @saved_cs_results         = @@character_set_results */;
/*!50001 SET @saved_col_connection     = @@collation_connection */;
/*!50001 SET character_set_client      = utf8mb4 */;
/*!50001 SET character_set_results     = utf8mb4 */;
/*!50001 SET collation_connection      = utf8mb4_0900_ai_ci */;
/*!50001 CREATE ALGORITHM=MERGE */
/*!50013 DEFINER=`mysql.sys`@`localhost` SQL SECURITY INVOKER */
/*!50001 VIEW `x$user_summary_by_file_io_type` (`user`,`event_name`,`total`,`latency`,`max_latency`) AS select if((`performance_schema`.`events_waits_summary_by_user_by_event_name`.`USER` is null),'background',`performance_schema`.`events_waits_summary_by_user_by_event_name`.`USER`) AS `user`,`performance_schema`.`events_waits_summary_by_user_by_event_name`.`EVENT_NAME` AS `event_name`,`performance_schema`.`events_waits_summary_by_user_by_event_name`.`COUNT_STAR` AS `total`,`performance_schema`.`events_waits_summary_by_user_by_event_name`.`SUM_TIMER_WAIT` AS `latency`,`performance_schema`.`events_waits_summary_by_user_by_event_name`.`MAX_TIMER_WAIT` AS `max_latency` from `performance_schema`.`events_waits_summary_by_user_by_event_name` where ((`performance_schema`.`events_waits_summary_by_user_by_event_name`.`EVENT_NAME` like 'wait/io/file%') and (`performance_schema`.`events_waits_summary_by_user_by_event_name`.`COUNT_STAR` > 0)) order by if((`performance_schema`.`events_waits_summary_by_user_by_event_name`.`USER` is null),'background',`performance_schema`.`events_waits_summary_by_user_by_event_name`.`USER`),`performance_schema`.`events_waits_summary_by_user_by_event_name`.`SUM_TIMER_WAIT` desc */;
/*!50001 SET character_set_client      = @saved_cs_client */;
/*!50001 SET character_set_results     = @saved_cs_results */;
/*!50001 SET collation_connection      = @saved_col_connection */;

--
-- Final view structure for view `x$user_summary_by_stages`
--

/*!50001 DROP VIEW IF EXISTS `x$user_summary_by_stages`*/;
/*!50001 SET @saved_cs_client          = @@character_set_client */;
/*!50001 SET @saved_cs_results         = @@character_set_results */;
/*!50001 SET @saved_col_connection     = @@collation_connection */;
/*!50001 SET character_set_client      = utf8mb4 */;
/*!50001 SET character_set_results     = utf8mb4 */;
/*!50001 SET collation_connection      = utf8mb4_0900_ai_ci */;
/*!50001 CREATE ALGORITHM=MERGE */
/*!50013 DEFINER=`mysql.sys`@`localhost` SQL SECURITY INVOKER */
/*!50001 VIEW `x$user_summary_by_stages` (`user`,`event_name`,`total`,`total_latency`,`avg_latency`) AS select if((`performance_schema`.`events_stages_summary_by_user_by_event_name`.`USER` is null),'background',`performance_schema`.`events_stages_summary_by_user_by_event_name`.`USER`) AS `user`,`performance_schema`.`events_stages_summary_by_user_by_event_name`.`EVENT_NAME` AS `event_name`,`performance_schema`.`events_stages_summary_by_user_by_event_name`.`COUNT_STAR` AS `total`,`performance_schema`.`events_stages_summary_by_user_by_event_name`.`SUM_TIMER_WAIT` AS `total_latency`,`performance_schema`.`events_stages_summary_by_user_by_event_name`.`AVG_TIMER_WAIT` AS `avg_latency` from `performance_schema`.`events_stages_summary_by_user_by_event_name` where (`performance_schema`.`events_stages_summary_by_user_by_event_name`.`SUM_TIMER_WAIT` <> 0) order by if((`performance_schema`.`events_stages_summary_by_user_by_event_name`.`USER` is null),'background',`performance_schema`.`events_stages_summary_by_user_by_event_name`.`USER`),`performance_schema`.`events_stages_summary_by_user_by_event_name`.`SUM_TIMER_WAIT` desc */;
/*!50001 SET character_set_client      = @saved_cs_client */;
/*!50001 SET character_set_results     = @saved_cs_results */;
/*!50001 SET collation_connection      = @saved_col_connection */;

--
-- Final view structure for view `x$user_summary_by_statement_latency`
--

/*!50001 DROP VIEW IF EXISTS `x$user_summary_by_statement_latency`*/;
/*!50001 SET @saved_cs_client          = @@character_set_client */;
/*!50001 SET @saved_cs_results         = @@character_set_results */;
/*!50001 SET @saved_col_connection     = @@collation_connection */;
/*!50001 SET character_set_client      = utf8mb4 */;
/*!50001 SET character_set_results     = utf8mb4 */;
/*!50001 SET collation_connection      = utf8mb4_0900_ai_ci */;
/*!50001 CREATE ALGORITHM=TEMPTABLE */
/*!50013 DEFINER=`mysql.sys`@`localhost` SQL SECURITY INVOKER */
/*!50001 VIEW `x$user_summary_by_statement_latency` (`user`,`total`,`total_latency`,`max_latency`,`lock_latency`,`cpu_latency`,`rows_sent`,`rows_examined`,`rows_affected`,`full_scans`) AS select if((`performance_schema`.`events_statements_summary_by_user_by_event_name`.`USER` is null),'background',`performance_schema`.`events_statements_summary_by_user_by_event_name`.`USER`) AS `user`,sum(`performance_schema`.`events_statements_summary_by_user_by_event_name`.`COUNT_STAR`) AS `total`,sum(`performance_schema`.`events_statements_summary_by_user_by_event_name`.`SUM_TIMER_WAIT`) AS `total_latency`,sum(`performance_schema`.`events_statements_summary_by_user_by_event_name`.`MAX_TIMER_WAIT`) AS `max_latency`,sum(`performance_schema`.`events_statements_summary_by_user_by_event_name`.`SUM_LOCK_TIME`) AS `lock_latency`,sum(`performance_schema`.`events_statements_summary_by_user_by_event_name`.`SUM_CPU_TIME`) AS `cpu_latency`,sum(`performance_schema`.`events_statements_summary_by_user_by_event_name`.`SUM_ROWS_SENT`) AS `rows_sent`,sum(`performance_schema`.`events_statements_summary_by_user_by_event_name`.`SUM_ROWS_EXAMINED`) AS `rows_examined`,sum(`performance_schema`.`events_statements_summary_by_user_by_event_name`.`SUM_ROWS_AFFECTED`) AS `rows_affected`,(sum(`performance_schema`.`events_statements_summary_by_user_by_event_name`.`SUM_NO_INDEX_USED`) + sum(`performance_schema`.`events_statements_summary_by_user_by_event_name`.`SUM_NO_GOOD_INDEX_USED`)) AS `full_scans` from `performance_schema`.`events_statements_summary_by_user_by_event_name` group by if((`performance_schema`.`events_statements_summary_by_user_by_event_name`.`USER` is null),'background',`performance_schema`.`events_statements_summary_by_user_by_event_name`.`USER`) order by sum(`performance_schema`.`events_statements_summary_by_user_by_event_name`.`SUM_TIMER_WAIT`) desc */;
/*!50001 SET character_set_client      = @saved_cs_client */;
/*!50001 SET character_set_results     = @saved_cs_results */;
/*!50001 SET collation_connection      = @saved_col_connection */;

--
-- Final view structure for view `x$user_summary_by_statement_type`
--

/*!50001 DROP VIEW IF EXISTS `x$user_summary_by_statement_type`*/;
/*!50001 SET @saved_cs_client          = @@character_set_client */;
/*!50001 SET @saved_cs_results         = @@character_set_results */;
/*!50001 SET @saved_col_connection     = @@collation_connection */;
/*!50001 SET character_set_client      = utf8mb4 */;
/*!50001 SET character_set_results     = utf8mb4 */;
/*!50001 SET collation_connection      = utf8mb4_0900_ai_ci */;
/*!50001 CREATE ALGORITHM=MERGE */
/*!50013 DEFINER=`mysql.sys`@`localhost` SQL SECURITY INVOKER */
/*!50001 VIEW `x$user_summary_by_statement_type` (`user`,`statement`,`total`,`total_latency`,`max_latency`,`lock_latency`,`cpu_latency`,`rows_sent`,`rows_examined`,`rows_affected`,`full_scans`) AS select if((`performance_schema`.`events_statements_summary_by_user_by_event_name`.`USER` is null),'background',`performance_schema`.`events_statements_summary_by_user_by_event_name`.`USER`) AS `user`,substring_index(`performance_schema`.`events_statements_summary_by_user_by_event_name`.`EVENT_NAME`,'/',-(1)) AS `statement`,`performance_schema`.`events_statements_summary_by_user_by_event_name`.`COUNT_STAR` AS `total`,`performance_schema`.`events_statements_summary_by_user_by_event_name`.`SUM_TIMER_WAIT` AS `total_latency`,`performance_schema`.`events_statements_summary_by_user_by_event_name`.`MAX_TIMER_WAIT` AS `max_latency`,`performance_schema`.`events_statements_summary_by_user_by_event_name`.`SUM_LOCK_TIME` AS `lock_latency`,`performance_schema`.`events_statements_summary_by_user_by_event_name`.`SUM_CPU_TIME` AS `cpu_latency`,`performance_schema`.`events_statements_summary_by_user_by_event_name`.`SUM_ROWS_SENT` AS `rows_sent`,`performance_schema`.`events_statements_summary_by_user_by_event_name`.`SUM_ROWS_EXAMINED` AS `rows_examined`,`performance_schema`.`events_statements_summary_by_user_by_event_name`.`SUM_ROWS_AFFECTED` AS `rows_affected`,(`performance_schema`.`events_statements_summary_by_user_by_event_name`.`SUM_NO_INDEX_USED` + `performance_schema`.`events_statements_summary_by_user_by_event_name`.`SUM_NO_GOOD_INDEX_USED`) AS `full_scans` from `performance_schema`.`events_statements_summary_by_user_by_event_name` where (`performance_schema`.`events_statements_summary_by_user_by_event_name`.`SUM_TIMER_WAIT` <> 0) order by if((`performance_schema`.`events_statements_summary_by_user_by_event_name`.`USER` is null),'background',`performance_schema`.`events_statements_summary_by_user_by_event_name`.`USER`),`performance_schema`.`events_statements_summary_by_user_by_event_name`.`SUM_TIMER_WAIT` desc */;
/*!50001 SET character_set_client      = @saved_cs_client */;
/*!50001 SET character_set_results     = @saved_cs_results */;
/*!50001 SET collation_connection      = @saved_col_connection */;

--
-- Final view structure for view `x$wait_classes_global_by_avg_latency`
--

/*!50001 DROP VIEW IF EXISTS `x$wait_classes_global_by_avg_latency`*/;
/*!50001 SET @saved_cs_client          = @@character_set_client */;
/*!50001 SET @saved_cs_results         = @@character_set_results */;
/*!50001 SET @saved_col_connection     = @@collation_connection */;
/*!50001 SET character_set_client      = utf8mb4 */;
/*!50001 SET character_set_results     = utf8mb4 */;
/*!50001 SET collation_connection      = utf8mb4_0900_ai_ci */;
/*!50001 CREATE ALGORITHM=TEMPTABLE */
/*!50013 DEFINER=`mysql.sys`@`localhost` SQL SECURITY INVOKER */
/*!50001 VIEW `x$wait_classes_global_by_avg_latency` (`event_class`,`total`,`total_latency`,`min_latency`,`avg_latency`,`max_latency`) AS select substring_index(`performance_schema`.`events_waits_summary_global_by_event_name`.`EVENT_NAME`,'/',3) AS `event_class`,sum(`performance_schema`.`events_waits_summary_global_by_event_name`.`COUNT_STAR`) AS `total`,sum(`performance_schema`.`events_waits_summary_global_by_event_name`.`SUM_TIMER_WAIT`) AS `total_latency`,min(`performance_schema`.`events_waits_summary_global_by_event_name`.`MIN_TIMER_WAIT`) AS `min_latency`,ifnull((sum(`performance_schema`.`events_waits_summary_global_by_event_name`.`SUM_TIMER_WAIT`) / nullif(sum(`performance_schema`.`events_waits_summary_global_by_event_name`.`COUNT_STAR`),0)),0) AS `avg_latency`,max(`performance_schema`.`events_waits_summary_global_by_event_name`.`MAX_TIMER_WAIT`) AS `max_latency` from `performance_schema`.`events_waits_summary_global_by_event_name` where ((`performance_schema`.`events_waits_summary_global_by_event_name`.`SUM_TIMER_WAIT` > 0) and (`performance_schema`.`events_waits_summary_global_by_event_name`.`EVENT_NAME` <> 'idle')) group by `event_class` order by ifnull((sum(`performance_schema`.`events_waits_summary_global_by_event_name`.`SUM_TIMER_WAIT`) / nullif(sum(`performance_schema`.`events_waits_summary_global_by_event_name`.`COUNT_STAR`),0)),0) desc */;
/*!50001 SET character_set_client      = @saved_cs_client */;
/*!50001 SET character_set_results     = @saved_cs_results */;
/*!50001 SET collation_connection      = @saved_col_connection */;

--
-- Final view structure for view `x$wait_classes_global_by_latency`
--

/*!50001 DROP VIEW IF EXISTS `x$wait_classes_global_by_latency`*/;
/*!50001 SET @saved_cs_client          = @@character_set_client */;
/*!50001 SET @saved_cs_results         = @@character_set_results */;
/*!50001 SET @saved_col_connection     = @@collation_connection */;
/*!50001 SET character_set_client      = utf8mb4 */;
/*!50001 SET character_set_results     = utf8mb4 */;
/*!50001 SET collation_connection      = utf8mb4_0900_ai_ci */;
/*!50001 CREATE ALGORITHM=TEMPTABLE */
/*!50013 DEFINER=`mysql.sys`@`localhost` SQL SECURITY INVOKER */
/*!50001 VIEW `x$wait_classes_global_by_latency` (`event_class`,`total`,`total_latency`,`min_latency`,`avg_latency`,`max_latency`) AS select substring_index(`performance_schema`.`events_waits_summary_global_by_event_name`.`EVENT_NAME`,'/',3) AS `event_class`,sum(`performance_schema`.`events_waits_summary_global_by_event_name`.`COUNT_STAR`) AS `total`,sum(`performance_schema`.`events_waits_summary_global_by_event_name`.`SUM_TIMER_WAIT`) AS `total_latency`,min(`performance_schema`.`events_waits_summary_global_by_event_name`.`MIN_TIMER_WAIT`) AS `min_latency`,ifnull((sum(`performance_schema`.`events_waits_summary_global_by_event_name`.`SUM_TIMER_WAIT`) / nullif(sum(`performance_schema`.`events_waits_summary_global_by_event_name`.`COUNT_STAR`),0)),0) AS `avg_latency`,max(`performance_schema`.`events_waits_summary_global_by_event_name`.`MAX_TIMER_WAIT`) AS `max_latency` from `performance_schema`.`events_waits_summary_global_by_event_name` where ((`performance_schema`.`events_waits_summary_global_by_event_name`.`SUM_TIMER_WAIT` > 0) and (`performance_schema`.`events_waits_summary_global_by_event_name`.`EVENT_NAME` <> 'idle')) group by substring_index(`performance_schema`.`events_waits_summary_global_by_event_name`.`EVENT_NAME`,'/',3) order by sum(`performance_schema`.`events_waits_summary_global_by_event_name`.`SUM_TIMER_WAIT`) desc */;
/*!50001 SET character_set_client      = @saved_cs_client */;
/*!50001 SET character_set_results     = @saved_cs_results */;
/*!50001 SET collation_connection      = @saved_col_connection */;

--
-- Final view structure for view `x$waits_by_host_by_latency`
--

/*!50001 DROP VIEW IF EXISTS `x$waits_by_host_by_latency`*/;
/*!50001 SET @saved_cs_client          = @@character_set_client */;
/*!50001 SET @saved_cs_results         = @@character_set_results */;
/*!50001 SET @saved_col_connection     = @@collation_connection */;
/*!50001 SET character_set_client      = utf8mb4 */;
/*!50001 SET character_set_results     = utf8mb4 */;
/*!50001 SET collation_connection      = utf8mb4_0900_ai_ci */;
/*!50001 CREATE ALGORITHM=MERGE */
/*!50013 DEFINER=`mysql.sys`@`localhost` SQL SECURITY INVOKER */
/*!50001 VIEW `x$waits_by_host_by_latency` (`host`,`event`,`total`,`total_latency`,`avg_latency`,`max_latency`) AS select if((`performance_schema`.`events_waits_summary_by_host_by_event_name`.`HOST` is null),'background',`performance_schema`.`events_waits_summary_by_host_by_event_name`.`HOST`) AS `host`,`performance_schema`.`events_waits_summary_by_host_by_event_name`.`EVENT_NAME` AS `event`,`performance_schema`.`events_waits_summary_by_host_by_event_name`.`COUNT_STAR` AS `total`,`performance_schema`.`events_waits_summary_by_host_by_event_name`.`SUM_TIMER_WAIT` AS `total_latency`,`performance_schema`.`events_waits_summary_by_host_by_event_name`.`AVG_TIMER_WAIT` AS `avg_latency`,`performance_schema`.`events_waits_summary_by_host_by_event_name`.`MAX_TIMER_WAIT` AS `max_latency` from `performance_schema`.`events_waits_summary_by_host_by_event_name` where ((`performance_schema`.`events_waits_summary_by_host_by_event_name`.`EVENT_NAME` <> 'idle') and (`performance_schema`.`events_waits_summary_by_host_by_event_name`.`SUM_TIMER_WAIT` > 0)) order by if((`performance_schema`.`events_waits_summary_by_host_by_event_name`.`HOST` is null),'background',`performance_schema`.`events_waits_summary_by_host_by_event_name`.`HOST`),`performance_schema`.`events_waits_summary_by_host_by_event_name`.`SUM_TIMER_WAIT` desc */;
/*!50001 SET character_set_client      = @saved_cs_client */;
/*!50001 SET character_set_results     = @saved_cs_results */;
/*!50001 SET collation_connection      = @saved_col_connection */;

--
-- Final view structure for view `x$waits_by_user_by_latency`
--

/*!50001 DROP VIEW IF EXISTS `x$waits_by_user_by_latency`*/;
/*!50001 SET @saved_cs_client          = @@character_set_client */;
/*!50001 SET @saved_cs_results         = @@character_set_results */;
/*!50001 SET @saved_col_connection     = @@collation_connection */;
/*!50001 SET character_set_client      = utf8mb4 */;
/*!50001 SET character_set_results     = utf8mb4 */;
/*!50001 SET collation_connection      = utf8mb4_0900_ai_ci */;
/*!50001 CREATE ALGORITHM=MERGE */
/*!50013 DEFINER=`mysql.sys`@`localhost` SQL SECURITY INVOKER */
/*!50001 VIEW `x$waits_by_user_by_latency` (`user`,`event`,`total`,`total_latency`,`avg_latency`,`max_latency`) AS select if((`performance_schema`.`events_waits_summary_by_user_by_event_name`.`USER` is null),'background',`performance_schema`.`events_waits_summary_by_user_by_event_name`.`USER`) AS `user`,`performance_schema`.`events_waits_summary_by_user_by_event_name`.`EVENT_NAME` AS `event`,`performance_schema`.`events_waits_summary_by_user_by_event_name`.`COUNT_STAR` AS `total`,`performance_schema`.`events_waits_summary_by_user_by_event_name`.`SUM_TIMER_WAIT` AS `total_latency`,`performance_schema`.`events_waits_summary_by_user_by_event_name`.`AVG_TIMER_WAIT` AS `avg_latency`,`performance_schema`.`events_waits_summary_by_user_by_event_name`.`MAX_TIMER_WAIT` AS `max_latency` from `performance_schema`.`events_waits_summary_by_user_by_event_name` where ((`performance_schema`.`events_waits_summary_by_user_by_event_name`.`EVENT_NAME` <> 'idle') and (`performance_schema`.`events_waits_summary_by_user_by_event_name`.`USER` is not null) and (`performance_schema`.`events_waits_summary_by_user_by_event_name`.`SUM_TIMER_WAIT` > 0)) order by if((`performance_schema`.`events_waits_summary_by_user_by_event_name`.`USER` is null),'background',`performance_schema`.`events_waits_summary_by_user_by_event_name`.`USER`),`performance_schema`.`events_waits_summary_by_user_by_event_name`.`SUM_TIMER_WAIT` desc */;
/*!50001 SET character_set_client      = @saved_cs_client */;
/*!50001 SET character_set_results     = @saved_cs_results */;
/*!50001 SET collation_connection      = @saved_col_connection */;

--
-- Final view structure for view `x$waits_global_by_latency`
--

/*!50001 DROP VIEW IF EXISTS `x$waits_global_by_latency`*/;
/*!50001 SET @saved_cs_client          = @@character_set_client */;
/*!50001 SET @saved_cs_results         = @@character_set_results */;
/*!50001 SET @saved_col_connection     = @@collation_connection */;
/*!50001 SET character_set_client      = utf8mb4 */;
/*!50001 SET character_set_results     = utf8mb4 */;
/*!50001 SET collation_connection      = utf8mb4_0900_ai_ci */;
/*!50001 CREATE ALGORITHM=MERGE */
/*!50013 DEFINER=`mysql.sys`@`localhost` SQL SECURITY INVOKER */
/*!50001 VIEW `x$waits_global_by_latency` (`events`,`total`,`total_latency`,`avg_latency`,`max_latency`) AS select `performance_schema`.`events_waits_summary_global_by_event_name`.`EVENT_NAME` AS `event`,`performance_schema`.`events_waits_summary_global_by_event_name`.`COUNT_STAR` AS `total`,`performance_schema`.`events_waits_summary_global_by_event_name`.`SUM_TIMER_WAIT` AS `total_latency`,`performance_schema`.`events_waits_summary_global_by_event_name`.`AVG_TIMER_WAIT` AS `avg_latency`,`performance_schema`.`events_waits_summary_global_by_event_name`.`MAX_TIMER_WAIT` AS `max_latency` from `performance_schema`.`events_waits_summary_global_by_event_name` where ((`performance_schema`.`events_waits_summary_global_by_event_name`.`EVENT_NAME` <> 'idle') and (`performance_schema`.`events_waits_summary_global_by_event_name`.`SUM_TIMER_WAIT` > 0)) order by `performance_schema`.`events_waits_summary_global_by_event_name`.`SUM_TIMER_WAIT` desc */;
/*!50001 SET character_set_client      = @saved_cs_client */;
/*!50001 SET character_set_results     = @saved_cs_results */;
/*!50001 SET collation_connection      = @saved_col_connection */;
/*!40103 SET TIME_ZONE=@OLD_TIME_ZONE */;

/*!40101 SET SQL_MODE=@OLD_SQL_MODE */;
/*!40014 SET FOREIGN_KEY_CHECKS=@OLD_FOREIGN_KEY_CHECKS */;
/*!40014 SET UNIQUE_CHECKS=@OLD_UNIQUE_CHECKS */;
/*!40101 SET CHARACTER_SET_CLIENT=@OLD_CHARACTER_SET_CLIENT */;
/*!40101 SET CHARACTER_SET_RESULTS=@OLD_CHARACTER_SET_RESULTS */;
/*!40101 SET COLLATION_CONNECTION=@OLD_COLLATION_CONNECTION */;
/*!40111 SET SQL_NOTES=@OLD_SQL_NOTES */;

-- Dump completed on 2026-04-15  0:14:11
